window,feature,ic_cross,icir_cross,ic_pos_ratio,coverage,ic_ts,grade
full,market_state_volatile,0.29122736960884515,0.0,1.0,0.00024850894632206757,0.004906414563202739,high
full,market_state_normal_lag1,0.29122736960884515,0.0,1.0,0.00024850894632206757,-0.004480398100994624,high
full,avg_concept_heat_lag1,0.2876393527348142,80.16666666666642,1.0,0.0004970178926441351,0.009579843055342208,high
full,board_overlap_score_lag1,0.2876393527348142,80.16666666666642,1.0,0.0004970178926441351,0.009579843055342208,high
full,board_count_lag1,0.2876393527348142,80.16666666666642,1.0,0.0004970178926441351,0.009579843055342208,high
full,has_hot_board_lag1,0.2876393527348142,80.16666666666642,1.0,0.0004970178926441351,0.009579843055342208,high
full,cb_0_lag1,0.23479378885418833,3.9266775056233807,1.0,0.0004970178926441351,0.008322548027244744,high
full,board_overlap_score,0.22425105462693418,3.3482142857142865,1.0,0.0004970178926441351,0.001951881423518132,high
full,has_hot_board,0.22425105462693418,3.3482142857142865,1.0,0.0004970178926441351,0.001951881423518132,high
full,avg_concept_heat,0.22425105462693418,3.3482142857142865,1.0,0.0004970178926441351,0.001951881423518132,high
full,board_count,0.22425105462693418,3.3482142857142865,1.0,0.0004970178926441351,0.001951881423518132,high
full,market_state_normal_lag2,0.211453864858258,2.9126891328060562,1.0,0.0004970178926441351,0.008232287990981694,high
full,cb_0,0.19375624813103492,2.7954084061233826,1.0,0.0004970178926441351,0.003210540085427071,high
full,board_count_lag2,0.19077346830453037,2.0452168697947677,1.0,0.0004970178926441351,0.010146600681927966,high
full,board_overlap_score_lag2,0.19077346830453037,2.0452168697947677,1.0,0.0004970178926441351,0.010146600681927966,high
full,has_hot_board_lag2,0.19077346830453037,2.0452168697947677,1.0,0.0004970178926441351,0.010146600681927966,high
full,avg_concept_heat_lag2,0.19077346830453037,2.0452168697947677,1.0,0.0004970178926441351,0.010146600681927966,high
full,board_momentum_max_lag3,0.1730230355059325,6.870627124474507,1.0,0.0004970178926441351,0.012615369215487627,high
full,board_momentum_mean_lag3,0.1730230355059325,6.870627124474507,1.0,0.0004970178926441351,0.012615369215487627,high
full,cb_0_lag2,0.15145364855063417,2.157087744014907,1.0,0.0004970178926441351,0.008922639241897708,high
full,is_one_word_board,0.13797560783280344,1.0304090931660757,0.8392282958199357,0.07728628230616302,0.03942003074289548,high
full,net_zt_proportion_lag2,0.10766221491787782,0.6665980812844821,0.8333333333333334,0.0014910536779324055,0.00135782528401652,high
full,market_state_volatile_ma5_lag20,0.10538201160570182,1.4638635500788217,1.0,0.0009940357852882703,0.011323185393498567,high
full,market_state_volatile_ma20_lag20,0.10538201160570182,1.4638635500788217,1.0,0.0009940357852882703,0.011323185393498567,high
full,market_state_volatile_accel_lag20,0.10538201160570182,1.4638635500788217,1.0,0.0009940357852882703,0.011323185393498567,high
full,market_state_volatile_std20_lag20,0.10538201160570182,1.4638635500788217,1.0,0.0009940357852882703,0.011323871420037386,high
full,market_state_volatile_ma10_lag20,0.10538201160570182,1.4638635500788217,1.0,0.0009940357852882703,0.011323185393498567,high
full,market_state_volatile_lag20,0.10370545862255141,1.2260549939832026,0.75,0.0009940357852882703,0.013010962097810583,high
full,market_state_volatile_ma10,0.0920842221251795,0.5941680951708557,0.7777777777777778,0.0022365805168986083,0.0030402970832640215,high
full,has_comment_lag10,0.08579039717546691,0.38413526024158506,0.75,0.004970178926441352,0.0024419164584001114,high
full,board_count_accel,0.08324729007921776,0.47304413121713945,0.7,0.002485089463220676,0.0018247660073305951,high
full,avg_concept_heat_accel,0.08324729007921776,0.47304413121713945,0.7,0.002485089463220676,0.0018247660073305951,high
full,board_overlap_score_accel,0.08324729007921776,0.47304413121713945,0.7,0.002485089463220676,0.0018247660073305951,high
full,board_momentum_mean_lag5,0.07877585078719318,3.6939221116984173,1.0,0.0004970178926441351,0.005285092418243625,high
full,board_momentum_max_lag5,0.07877585078719318,3.6939221116984173,1.0,0.0004970178926441351,0.005285092418243625,high
full,qtld_10d,0.07659361890954526,0.40969221073430256,0.668986083499006,1.0,0.041277085216356486,high
full,net_zt_proportion,0.07618548787655618,0.35428209269207106,0.5,0.0004970178926441351,-0.005935069589018799,high
full,min_5d,0.07581612735097998,0.4249857330706583,0.6776838966202783,1.0,0.028783655615448777,high
full,min_10d,0.07502468091086537,0.4149224418952445,0.6719681908548708,1.0,0.029560719076390296,high
full,has_comment_ma10,0.07483766679725234,0.35057397225817605,0.75,0.006958250497017893,-0.005329741887193215,high
full,has_comment_ma5,0.07321872417438947,0.4059969189779563,0.782608695652174,0.005715705765407555,-0.005333702226174471,high
full,cb_0_accel,0.07306889562268168,0.4287492623964428,0.7,0.002485089463220676,0.0020640980840683516,high
full,has_comment_lag3,0.07295912897815027,0.3706930149905141,0.7368421052631579,0.004721669980119284,-0.006312606360950869,high
full,has_comment_lag5,0.07198198277704933,0.35917443795846954,0.7368421052631579,0.004721669980119284,-0.006467240227828711,high
full,avg_concept_heat_ma5,0.07166361465213651,0.33933244581840943,0.6666666666666666,0.0014910536779324055,0.005659384227764161,high
full,board_count_ma5,0.07166361465213651,0.33933244581840943,0.6666666666666666,0.0014910536779324055,0.005659384227764161,high
full,has_hot_board_ma5,0.07166361465213651,0.33933244581840943,0.6666666666666666,0.0014910536779324055,0.005659384227764161,high
full,board_overlap_score_ma5,0.07166361465213651,0.33933244581840943,0.6666666666666666,0.0014910536779324055,0.005659384227764161,high
full,qtld_5d,0.07077471501408364,0.384850851622725,0.6538270377733598,1.0,0.032970574793939056,high
full,qtld_20d,0.07072011757031699,0.37067443187379856,0.6473658051689861,1.0,0.03484883509631145,high
full,market_state_volatile_accel_lag5,0.07069106049624028,0.5140236306118983,0.5833333333333334,0.002982107355864811,-0.009069199201738827,high
full,qtlu_10d,0.06873117968353697,0.33826999573118743,0.6428926441351889,1.0,0.049161027747995766,high
full,qtld_30d,0.0678017373392851,0.3540051166876315,0.6441351888667992,1.0,0.0358286768871696,high
full,min_20d,0.06560313867130615,0.3563971086528927,0.6466202783300199,1.0,0.020321689838398944,high
full,qtlu_20d,0.06518688537755844,0.31718807790568065,0.6314612326043738,1.0,0.04348112450110682,high
full,net_zt_proportion_lag1,0.06464612890539558,0.289331005577914,0.5,0.0009940357852882703,-0.0037527934064235367,high
full,qtlu_30d,0.0638476890730813,0.31051896048521105,0.6289761431411531,1.0,0.043421719920241984,high
full,has_comment_lag1,0.06317073893801993,0.34604769045660494,0.7368421052631579,0.004721669980119284,-0.009232968479956341,high
full,qtlu_5d,0.0618519495699407,0.3125419773927468,0.6349403578528827,1.0,0.03700989691344636,high
full,market_state_normal_ma10_lag10,0.06156512107050886,0.5491254608935984,0.6363636363636364,0.0027335984095427437,0.0042370588978254894,high
full,cb_0_ma5,0.06149176093749229,0.306158380191061,0.6666666666666666,0.0014910536779324055,0.006296513360271394,high
full,min_30d,0.06113166679813315,0.3293662379955808,0.6272365805168986,1.0,0.020783550035298,high
full,qtld_60d,0.06104151954330128,0.3182667928543523,0.6302186878727635,1.0,0.03747977495447298,high
full,market_state_normal_std20_lag10,0.06035364068587592,0.5380762239339927,0.6363636363636364,0.0027335984095427437,0.004235195169596399,high
full,market_state_normal_ma20_lag10,0.06035364068587592,0.5380762239339927,0.6363636363636364,0.0027335984095427437,0.004235379607499428,high
full,high_low_ratio,0.059016165547383,0.3268434019615943,0.5833333333333334,0.002982107355864811,-0.0008818898690318201,high
full,board_momentum_max_ma20_lag3,0.05884458544329406,0.719236587420342,0.7142857142857143,0.0017395626242544733,0.00122057553376081,high
full,board_momentum_max_ma10_lag3,0.05884458544329406,0.719236587420342,0.7142857142857143,0.0017395626242544733,0.00122057553376081,high
full,board_momentum_mean_ma10_lag3,0.05884458544329406,0.719236587420342,0.7142857142857143,0.0017395626242544733,0.00122057553376081,high
full,board_momentum_mean_ma20_lag3,0.05884458544329406,0.719236587420342,0.7142857142857143,0.0017395626242544733,0.00122057553376081,high
full,sumn_5d,0.058309568992280986,0.30914137712393774,0.6254970178926441,1.0,0.03629129538939361,high
full,trend_level,0.058069150360060384,0.31851862199218656,0.6319582504970179,1.0,0.0337108330603781,high
full,vma_60d,0.05752764433467414,0.3606978409309175,0.6409045725646123,1.0,0.029452548863626377,high
full,qtlu_60d,0.05734741386709222,0.27836951563298573,0.6222664015904572,1.0,0.042336412885276106,high
full,board_momentum_max_ma5_lag3,0.05590917582871239,0.6819014413883719,0.8333333333333334,0.0014910536779324055,0.0015347391861906543,high
full,board_momentum_mean_ma5_lag3,0.05590917582871239,0.6819014413883719,0.8333333333333334,0.0014910536779324055,0.0015347391861906543,high
full,board_momentum_mean_accel_lag3,0.05589934306407977,0.7496694030830172,0.8571428571428571,0.0017395626242544733,0.003150919172721096,high
full,board_momentum_max_accel_lag3,0.05589934306407977,0.7496694030830172,0.8571428571428571,0.0017395626242544733,0.003150919172721096,high
full,min_60d,0.05533566935853954,0.2971234887088157,0.617544731610338,1.0,0.025647545917528946,high
full,has_comment_lag2,0.055176385552021145,0.3045816404563582,0.7368421052631579,0.004721669980119284,-0.00496407929016829,high
full,vma_30d,0.0548649661269879,0.3404685130217368,0.6364314115308151,1.0,0.02176112056104528,high
full,market_state_normal_ma5_lag10,0.05455704225547772,0.4966642637368052,0.6666666666666666,0.002982107355864811,0.004178285464993946,high
full,buy_signal,0.052928024326660814,0.3146273241672493,0.6222664015904572,1.0,0.02870971027679059,high
full,vma_20d,0.052598503677858295,0.32378084395520307,0.6272365805168986,1.0,0.02199445738370013,high
full,market_state_normal_lag10,0.05091974195504406,0.31532526463474964,0.6666666666666666,0.0014910536779324055,0.006504303138675643,high
full,has_comment_lag20,0.04985849319561364,0.23902096882816204,0.6153846153846154,0.0064612326043737576,0.006240642817236254,high
full,vma_10d,0.04893896477311367,0.29967008965675423,0.6197813121272365,1.0,0.021207169364762572,high
full,is_zb_lag20,0.04853507994789716,0.4999230639586854,0.5,0.0004970178926441351,0.01200261862913745,high
full,low0,0.04851006004157504,0.2776845481997576,0.6242544731610338,1.0,0.0035839528361544574,high
full,mdi,0.04722159434152978,0.2569435496870265,0.602882703777336,1.0,0.03840102546797364,high
full,sumn_10d,0.04720964417743948,0.2495035860339772,0.6023856858846919,1.0,0.026370126625163602,high
full,has_comment,0.046678010378297864,0.27636200981424625,0.7368421052631579,0.004721669980119284,-0.0075257384328906345,high
full,vsumn_30d,0.04529008210887384,0.2981311107411615,0.6240059642147118,1.0,0.017507051839263914,high
full,vsumn_20d,0.04502982192196067,0.28623983860575386,0.6185387673956262,1.0,0.017761502717411618,high
full,sumn_20d,0.04493038622137645,0.23895407811225297,0.6013916500994035,1.0,0.022745071318080845,high
full,vstd_60d,0.04453442989891837,0.2891015853373064,0.6202783300198808,1.0,0.0265344796181728,high
full,sumn_30d,0.04410064942845209,0.23304045366956194,0.5892147117296223,1.0,0.02907597531761067,high
full,vsumn_10d,0.04352838816967295,0.2759899208953328,0.606610337972167,1.0,0.016669079435461913,high
full,vsumn_5d,0.0433539681827206,0.2737621296001287,0.6108349900596421,1.0,0.021803406981515623,high
full,market_state_volatile_accel,0.04283989097885779,0.27756814835639526,0.46153846153846156,0.0032306163021868788,-0.0026750878728758094,high
full,cntn_5d,0.0424516493032524,0.253439230479399,0.5996520874751491,1.0,0.023952862376931887,high
full,vsumn_60d,0.04226941785490597,0.27303340835253925,0.6093439363817097,1.0,0.025070089082206592,high
full,market_state_normal_accel_lag10,0.04213240052555834,0.34406750834693056,0.5833333333333334,0.002982107355864811,0.0037648677149211265,high
full,market_state_weak_lag1,0.04199488151608075,0.24368886534138925,0.5585585585585585,0.0275844930417495,-0.009176839512522345,high
full,has_comment_ma20,0.041236516228332465,0.2063144743161337,0.6521739130434783,0.01143141153081511,-0.005293020288515391,high
full,vma_5d,0.040952714247472904,0.2576417070236876,0.6061133200795229,1.0,0.014654367926707657,high
full,market_state_weak,0.040231316998622514,0.23240312607100438,0.5585585585585585,0.0275844930417495,-0.009201818663141504,high
full,market_state_weak_lag2,0.03930382492281768,0.22799227793048138,0.5405405405405406,0.0275844930417495,-0.008338400566691506,high
full,net_zt_proportion_lag10,0.037913844249648734,0.22234776083860433,0.6153846153846154,0.0032306163021868788,0.003805656729931364,high
full,board_momentum_mean_ma10_lag2,0.03787738698318609,0.6826035111263254,0.75,0.0019880715705765406,-0.001776216870528248,high
full,board_momentum_max_ma20_lag2,0.03787738698318609,0.6826035111263254,0.75,0.0019880715705765406,-0.001776216870528248,high
full,board_momentum_max_ma10_lag2,0.03787738698318609,0.6826035111263254,0.75,0.0019880715705765406,-0.001776216870528248,high
full,board_momentum_mean_ma20_lag2,0.03787738698318609,0.6826035111263254,0.75,0.0019880715705765406,-0.001776216870528248,high
full,market_state_weak_lag3,0.037339483132995115,0.219174238430216,0.5405405405405406,0.0275844930417495,-0.00839744335021747,high
full,sumn_60d,0.03714910570747078,0.19968391809796637,0.5795228628230616,1.0,0.025752700966969643,high
full,imin_5d,0.03686194806970883,0.2234672113789368,0.58563261247825,0.9997514910536779,0.025139156564572312,high
full,market_state_normal_accel_lag2,0.03579373431070265,0.24495134404594637,0.46153846153846156,0.0032306163021868788,-0.006713943329343247,high
full,board_momentum_max_ma5_lag5,0.03502651575743611,0.5037174247594413,0.6,0.001242544731610338,0.0005797361336162508,high
full,board_momentum_max_ma20_lag5,0.03502651575743611,0.5037174247594413,0.6,0.001242544731610338,0.0005797361336162508,high
full,board_momentum_mean_ma5_lag5,0.03502651575743611,0.5037174247594413,0.6,0.001242544731610338,0.0005797361336162508,high
full,board_momentum_mean_ma10_lag5,0.03502651575743611,0.5037174247594413,0.6,0.001242544731610338,0.0005797361336162508,high
full,board_momentum_mean_accel_lag5,0.03502651575743611,0.5037174247594413,0.6,0.001242544731610338,0.0005797361336162508,high
full,board_momentum_max_accel_lag5,0.03502651575743611,0.5037174247594413,0.6,0.001242544731610338,0.0005797361336162508,high
full,board_momentum_max_ma10_lag5,0.03502651575743611,0.5037174247594413,0.6,0.001242544731610338,0.0005797361336162508,high
full,board_momentum_mean_ma20_lag5,0.03502651575743611,0.5037174247594413,0.6,0.001242544731610338,0.0005797361336162508,high
full,max_60d,0.03499944590304089,0.1681118375953765,0.57331013916501,1.0,0.03791951305505704,high
full,vstd_30d,0.03451461063783527,0.22479952806351755,0.599155069582505,1.0,0.01499996006696428,high
full,max_30d,0.03417621190007277,0.16354966428862774,0.5668489065606361,1.0,0.03600107714582738,high
full,market_state_volatile_ma5_lag5,0.03400049081659834,0.3178344241086447,0.7272727272727273,0.0027335984095427437,-0.00025074030643997556,high
full,market_state_volatile_ma10_lag1,0.03354261511712235,0.23339935369609,0.6,0.002485089463220676,0.003130223695333805,high
full,net_zt_proportion_lag20,0.033027813815355384,0.2760326213559659,0.75,0.0009940357852882703,0.011319346065283238,high
full,max_20d,0.032369071700344275,0.15491306142280523,0.5576540755467196,1.0,0.033341056261316546,high
full,max_10d,0.03226852931082851,0.15705521108030127,0.56610337972167,1.0,0.03409047552408907,high
full,unlock_return_30d,0.03134936192663457,0.2400064718401926,0.6052631578947368,0.009443339960238568,-0.0069997708415062134,high
full,market_state_normal_ma5_lag2,0.030776021492503483,0.19724467786592437,0.5,0.0019880715705765406,-0.001552654109168682,high
full,market_state_normal_lag3,0.030740605246869616,0.1634732687337304,0.75,0.0009940357852882703,-0.004844987987284796,high
full,open0,0.030378107242442783,0.16638392552896494,0.5695825049701789,1.0,0.0008229418824594367,high
full,market_state_normal_ma20_lag5,0.02989532285021747,0.2869766826456112,0.5833333333333334,0.002982107355864811,0.004582617986895522,high
full,market_state_normal_std20_lag5,0.02989532285021747,0.2869766826456112,0.5833333333333334,0.002982107355864811,0.004583417355604328,high
full,cntn_10d,0.029367874177582503,0.17735414756521045,0.5653578528827038,1.0,0.016246727911548912,high
full,market_state_normal_ma5_lag1,0.02911375644559786,0.1610755115309283,0.5714285714285714,0.0017395626242544733,-0.007394101834597438,high
full,market_state_normal_accel_lag1,0.02863273573031578,0.19734503402649925,0.5384615384615384,0.0032306163021868788,-0.012877945360771137,high
full,market_state_normal_accel_lag20,0.028609421410683865,2.476280860025061,1.0,0.0004970178926441351,0.0064899609474934885,high
full,market_state_normal_ma20_lag20,0.028609421410683865,2.476280860025061,1.0,0.0004970178926441351,0.0064899609474934885,high
full,market_state_normal_ma10_lag20,0.028609421410683865,2.476280860025061,1.0,0.0004970178926441351,0.0064899609474934885,high
full,market_state_normal_std20_lag20,0.028609421410683865,2.476280860025061,1.0,0.0004970178926441351,0.006490117137850502,high
full,market_state_normal_ma5_lag20,0.028609421410683865,2.476280860025061,1.0,0.0004970178926441351,0.0064899609474934885,high
full,roe,0.02823377990055268,0.17683365860269198,0.5684556407447974,0.2268886679920477,-0.010604493299281582,high
full,vstd_20d,0.02818820581940308,0.18698843000842397,0.5802683896620279,1.0,0.01251316396451348,high
full,market_state_volatile_ma5,0.027885069085494135,0.1447747799619218,0.5,0.0014910536779324055,-0.0037308792637995615,high
full,eps,0.027683720966842514,0.16137072265813782,0.5684556407447974,0.2268886679920477,-0.010434338433980268,high
full,market_state_weak_std20_lag1,0.02759365695143016,0.19437157732761928,0.55,0.03479125248508946,0.005627354321024375,high
full,cpi_yoy_lag1,0.02696269393158383,0.16659727960357204,0.5802469135802469,0.04025844930417495,-0.005243472235339969,high
full,market_state_volatile_ma10_lag2,0.02668419835990367,0.1770637038017501,0.5833333333333334,0.002982107355864811,0.0009287507361393432,high
full,comment_score_lag20,0.02651079391780364,0.11903778061985118,0.5151515151515151,0.008200795228628231,0.006250571153521077,high
full,market_state_normal_ma10_lag5,0.026175543321449835,0.23638597892876118,0.5833333333333334,0.002982107355864811,0.004578587644327209,high
full,market_state_weak_lag5,0.025982497480930573,0.15249613711164736,0.5181818181818182,0.027335984095427434,-0.0078760287804755,high
full,comment_score_lag1,0.025794520984763203,0.13619516098476864,0.625,0.011928429423459244,-0.009280845486063137,high
full,roe_lag1,0.02566394622835987,0.16069646350797084,0.560687432867884,0.23136182902584493,-0.010645200513647226,high
full,net_zt_proportion_std20,0.025655097014880633,0.2781797346785251,0.5384615384615384,0.0032306163021868788,0.0030758615994856357,high
full,market_state_weak_std20_lag20,0.02548523598037269,0.2186909544879268,0.6180555555555556,0.03578528827037773,0.018608516737937907,high
full,roa,0.02542605067574727,0.17163420482336367,0.5739320920043811,0.2268886679920477,-0.01287526630905771,high
full,imin_10d,0.025165836049171435,0.15327297036030746,0.5583996023856859,1.0,0.015213758634625426,high
full,market_state_weak_ma5_lag2,0.024770272694916544,0.14382322597314795,0.5213675213675214,0.02907554671968191,-0.008257510861561108,high
full,cntn_20d,0.02470608152295737,0.1493490798531199,0.5603876739562624,1.0,0.008865859712210827,high
full,eps_lag1,0.024678677992179186,0.14354526104283818,0.5553168635875403,0.23136182902584493,-0.010465878927487526,high
full,market_state_weak_std20,0.024643561158888064,0.17061845878663146,0.5620437956204379,0.03404572564612326,0.004839759874727305,high
full,roe_lag2,0.02452670090921745,0.15179896196067616,0.56,0.2360834990059642,-0.009396435676119256,high
full,max_5d,0.024399388899606776,0.121835979067081,0.5427435387673957,1.0,0.024903285987179665,high
full,market_state_weak_ma20_lag3,0.023959076573839617,0.15364103037995813,0.5364238410596026,0.03752485089463221,-0.00926780901082699,high
full,roa_lag1,0.02383099855896868,0.16089339561675634,0.5725026852846402,0.23136182902584493,-0.012669458647782553,high
full,roe_lag3,0.02374468170138771,0.14648020207426965,0.5482546201232033,0.24204771371769385,-0.008007037909668977,high
full,profit_yoy,0.023590080047492558,0.17343259942911418,0.5585980284775466,0.2268886679920477,0.0016515338700362394,high
full,market_state_weak_ma20_lag2,0.02316588069107174,0.1461956331520606,0.5333333333333333,0.037276341948310136,-0.009361105186915011,high
full,eps_lag2,0.02313608756630232,0.1335976507605295,0.5536842105263158,0.2360834990059642,-0.009290528987444735,high
full,market_state_weak_accel,0.02305294701925588,0.1565826324575734,0.5693430656934306,0.03404572564612326,0.005743588345540903,high
full,eps_lag3,0.022867799043072887,0.13228714768715974,0.5456410256410257,0.2422962226640159,-0.007756414264025199,high
full,market_state_weak_ma5_lag3,0.022861671914435448,0.1334415513460011,0.5128205128205128,0.02907554671968191,-0.00884352133592152,high
full,market_state_weak_ma10_lag3,0.022741698612573216,0.13693216854602036,0.5275590551181102,0.031560636182902585,-0.009387592390992173,high
full,retail_panic,0.022733321748091142,0.1988296357168745,0.5816993464052288,0.03802186878727634,0.004740919685843098,high
full,market_state_weak_ma5,0.022435194655747635,0.12830723720919365,0.5126050420168067,0.029572564612326043,-0.008173578813557703,high
full,market_state_weak_accel_lag20,0.022309914410281035,0.18749578620585683,0.5902777777777778,0.03578528827037773,0.009642370630907343,high
full,consecutive_zt_lag5,0.02222579091052214,0.11885762825030452,0.5,0.0019880715705765406,0.0059540583839713624,high
full,roa_lag2,0.022177364486587168,0.14682249754383161,0.5652631578947368,0.2360834990059642,-0.01109272273430268,high
full,market_state_weak_z20_lag20,0.022151988216208687,0.19001944447685987,0.5972222222222222,0.03578528827037773,0.009455621488189897,high
full,seal_strength_lag5,0.022089936870131395,0.11824220420131108,0.5,0.0019880715705765406,0.005953803903091197,high
full,is_zt_lag5,0.022089936870131395,0.11824220420131108,0.5,0.0019880715705765406,0.005953803903091197,high
full,seal_success_lag5,0.022089936870131395,0.11824220420131108,0.5,0.0019880715705765406,0.005953803903091197,high
full,market_state_weak_ma5_lag1,0.022014791125686523,0.12682041819150866,0.5084745762711864,0.029324055666003976,-0.008753766414499766,high
full,market_state_weak_std20_lag2,0.022005942217470868,0.15503876080462545,0.5104895104895105,0.03553677932405567,0.004170632028287065,high
full,fx_eur_cny,0.021650571342438696,0.1277756048517089,0.5486725663716814,0.05616302186878728,-0.01623890978080101,high
full,news_sent_streak_lag20,0.021251921429485256,0.18414632253299393,0.5652173913043478,0.02286282306163022,-0.0012922021580694372,high
full,cntn_30d,0.0211853207379064,0.12809404964476928,0.5457256461232605,1.0,0.013376986206985636,high
full,market_state_normal_ma5,0.021079306750966198,0.12322291917412558,0.6,0.001242544731610338,-0.005259363301952092,high
full,roa_lag3,0.0209497329198465,0.13651882931659529,0.5517948717948717,0.2422962226640159,-0.008709530229710561,high
full,profit_yoy_lag1,0.02067764933618855,0.1499943804098117,0.5488721804511278,0.23136182902584493,0.001272143206999116,high
full,cpi_yoy,0.020658840858542978,0.12355945345478743,0.5862068965517241,0.02162027833001988,-0.005500354998420471,high
full,market_state_weak_accel_lag1,0.020276976429060067,0.13946149059386592,0.55,0.03479125248508946,0.010536802055096231,high
full,net_margin,0.020141312824650703,0.1387517557899589,0.5421686746987951,0.2268886679920477,-0.00977854302414018,high
full,unlock_return_30d_ma5,0.020039275384023503,0.14625604914066376,0.5740740740740741,0.01341948310139165,-0.006033712484781486,high
full,seal_quality,0.019705593100606024,0.11854119368360784,0.5542120112857719,0.6165506958250497,0.027370663395858853,high
full,limit_up_streak,0.01910601174032173,0.11509722008317608,0.5517936316001613,0.6165506958250497,0.027271910592828776,high
full,is_limit_up,0.018933999018410842,0.1141519063749345,0.5493752519145506,0.6165506958250497,0.027212549820219374,high
full,gap_down_pct,0.01056134858488649,0.07333037710457926,0.5391888529484946,0.9987574552683897,0.02528209680788679,high
full,north_hold_pct_lag2,0.010475297398243464,0.06359859736513848,0.5321739130434783,0.4286779324055666,-0.020441781936796584,high
full,north_hold_pct_ma5,0.010088903129599184,0.06074940504056298,0.5331491712707183,0.44980119284294234,-0.02002431709116285,high
full,north_hold_pct_ma20,0.008660868306405865,0.05196550596538053,0.530958904109589,0.45352882703777336,-0.02071733229664386,high
full,shibor_O_N_lag1,0.007631112763280414,0.047567894184591716,0.5169811320754717,0.0658548707753479,-0.02097633533388016,high
full,shibor_O_N_lag2,0.00632923444481273,0.040319687562796136,0.49732620320855614,0.09294234592445327,-0.021073630044495684,high
full,fx_jpy_cny_accel,0.006077662336850701,0.04365868768033816,0.5213379469434832,0.4309145129224652,0.022829020844465565,high
full,menv_m1_m2_spread_z20,0.004983639761270692,0.03567143127714555,0.5364583333333334,0.33399602385685884,0.020554066425982568,high
full,mkt_cap_total_z_lag20,0.004321941046764626,0.03234391335331525,0.5128644939965694,0.1448807157057654,-0.024462922726781848,high
full,menv_m1_m2_spread_z20_lag1,0.0034051702497559645,0.024275544485519225,0.524602026049204,0.34343936381709744,0.020611791619219694,high
full,menv_regime_z_std20_lag10,0.0027463520236287067,0.02178437361892429,0.510250569476082,0.654572564612326,-0.020042210114769192,high
full,menv_m1_m2_spread_z20_lag10,0.0021757577066438484,0.01604321087995659,0.502436053593179,0.408051689860835,0.020077917725088476,high
full,investor_new_z_std20,0.0019496200090914518,0.014760749566909755,0.4925373134328358,0.2331013916500994,-0.02113494239282306,high
full,north_hold_pct_std20,0.0015837072541276685,0.009852410914731491,0.5073972602739726,0.45352882703777336,-0.02171402258774208,high
full,ind_pct_up_accel,0.00151084710263286,0.010924701974470373,0.4910913140311804,0.4463220675944334,-0.02295520972820789,high
full,shibor_O_N_ma5,0.0013111780977819712,0.008720397989198363,0.48951048951048953,0.14214711729622267,-0.020901231962978342,high
full,menv_m1_m2_spread_std20_lag20,0.0010777036896646819,0.008442254345917945,0.5106267029972752,0.45601391650099404,-0.023416314396368043,high
full,obv,0.0010463864562250996,0.007552836214310497,0.4960238568588469,1.0,-0.027377576918758882,high
full,bond_cn_10y_z20,0.0009627095261053706,0.007117508828397994,0.4991364421416235,0.4316600397614314,-0.02380439501542216,high
full,has_pledge_lag2,0.0006253314832786803,0.004481313456748313,0.496272365805169,1.0,-0.020424181113552722,high
full,has_pledge_lag1,0.0006232604208972948,0.004466063328447291,0.496272365805169,1.0,-0.020269529254507035,high
full,has_pledge_ma5,0.0005967562968317043,0.004276078277888318,0.49652087475149104,1.0,-0.020235955368367954,high
full,has_pledge,0.000591543932194606,0.0042385838268022245,0.496272365805169,1.0,-0.020416005216656645,high
full,has_pledge_ma10,0.000582860353711415,0.004176420529456003,0.496272365805169,1.0,-0.02039271038707849,high
full,has_pledge_lag5,0.0005825755110755003,0.004174069752126482,0.49652087475149104,1.0,-0.020448897434452662,high
full,momentum_5d_ma5_lag20,0.0005504210169629165,0.0034367579820182024,0.5001794043774668,0.6925944333996024,-0.021037046685288358,high
full,up_count_ma5,0.00034110951959116705,0.002038875131658637,0.503735325506937,0.6985586481113321,-0.021241570906083144,high
full,menv_shibor_1m_z_std20_lag10,0.0003357241541559004,0.002622630726691294,0.49257326374949817,0.6190357852882704,-0.02093697379624974,high
full,menv_shibor_1m_z_std20_lag3,-0.00044750943358361857,-0.0034774031485004116,0.4943089430894309,0.6113320079522863,-0.022500518339461217,high
full,menv_shibor_1m_z_std20_lag2,-0.0010953060032688731,-0.008493832494236351,0.4908275580921321,0.6095924453280318,-0.02248757424076642,high
full,bond_us_2y_z20,-0.0011953098847358385,-0.008741375061900139,0.5,0.4259443339960239,-0.023949224202432902,high
full,menv_shibor_1m_z_std20_lag5,-0.0012020251687782863,-0.009370202318480151,0.49494131930392554,0.614065606361829,-0.021425195992776,high
full,menv_shibor_1m_z_std20_lag1,-0.0013082409369051958,-0.01015724240138205,0.49284253578732107,0.6076043737574552,-0.0224285151301954,high
full,mkt_cap_total_z_ma20,-0.0015043568392284678,-0.011099326542439303,0.49398907103825135,0.22738568588469185,-0.02063796999449239,high
full,north_net_buy_std20,-0.0017636209345980411,-0.010097946167780975,0.5076754385964912,0.4532803180914513,-0.0231500704155787,high
full,menv_shibor_1m_z_std20,-0.002346439971840165,-0.018297898761895283,0.4899466557242511,0.6056163021868787,-0.02228758638832791,high
full,shibor_O_N,-0.003541651805667382,-0.021174994680295246,0.48226950354609927,0.035039761431411534,-0.021902787940519287,high
full,bond_us_10y_z20,-0.004427137718447694,-0.03311189040804759,0.48607888631090485,0.4284294234592445,-0.02242116673218008,high
full,bond_us_5y_z20,-0.0044427718396997575,-0.03255815779988228,0.4897959183673469,0.42619284294234594,-0.02596452129075764,high
full,ind_return_mean_ma5,-0.007449210116264561,-0.04891878237118009,0.488,0.21744532803180913,-0.020927286334726493,high
full,bond_cn_2y_lag20,-0.008065924066369919,-0.05929709074764227,0.4699484831139096,0.4341451292246521,-0.021201903973497978,high
full,ind_return_mean_lag3,-0.01465193041010654,-0.09575212147999282,0.4517426273458445,0.18538767395626243,-0.02130376410507334,high
full,ma_120,-0.015111806613160179,-0.09423525727969119,0.4647117296222664,1.0,-0.025509256589715607,high
full,open_lag20,-0.01624971818241168,-0.09947346404722518,0.46222664015904574,1.0,-0.029340685542943067,high
full,low_lag20,-0.016259403101474754,-0.09964862790099475,0.4624751491053678,1.0,-0.03000303634702668,high
full,ma_60,-0.016515334089873705,-0.1015365135742301,0.4639662027833002,1.0,-0.028576922405664774,high
full,close_lag20,-0.01658041543738538,-0.10143422586834822,0.4614811133200795,1.0,-0.029596893324387842,high
full,high_lag20,-0.01660059460877165,-0.10141806400693124,0.46272365805168986,1.0,-0.02894836867387396,high
full,boll_lower,-0.01755307131318773,-0.10849725333806648,0.4602385685884692,1.0,-0.036580283368592606,high
full,low_lag10,-0.018165130349084003,-0.11123676730173794,0.4552683896620278,1.0,-0.03177944444394246,high
full,open_lag10,-0.01834011017214147,-0.11217531750190393,0.45601391650099404,1.0,-0.03175722319937911,high
full,close_lag10,-0.018600665095534184,-0.11375155865165815,0.4555168986083499,1.0,-0.031622540379119476,high
full,high_lag10,-0.018769144556344656,-0.11464960706676731,0.4572564612326044,1.0,-0.03128832409467114,high
full,open_lag5,-0.019474357400702746,-0.11852327336207759,0.4572564612326044,1.0,-0.03208214660688201,high
full,low_lag5,-0.01948186309645139,-0.11878386124674839,0.4552683896620278,1.0,-0.033195378762863235,high
full,boll_mid,-0.019528257298419557,-0.11930353417350463,0.45452286282306165,1.0,-0.03414133211710605,high
full,ma_20,-0.019528257298419557,-0.11930353417350463,0.45452286282306165,1.0,-0.03414133211710605,high
full,ema_26,-0.01953400676856367,-0.11950721019809821,0.4577534791252485,1.0,-0.03449293953451918,high
full,close_lag5,-0.019912638028956393,-0.12123223047310613,0.455765407554672,1.0,-0.03389158211415044,high
full,high_lag5,-0.019966060295174563,-0.12132334219818207,0.455765407554672,1.0,-0.03247413818110194,high
full,news_sent_x_macd,-0.020123593118226663,-0.16920212935803514,0.4128113879003559,0.069831013916501,-0.004694863456920542,high
full,lhb_is_drop_ma5,-0.02021175408104637,-0.13651960362963858,0.44112263575350824,0.4073061630218688,-0.007341830732415065,high
full,volume_lag3,-0.020219098177036432,-0.11635595345844892,0.441351888667992,1.0,-0.006708631563502536,high
full,news_sent_volume,-0.020247390619563887,-0.16088051194743316,0.41637010676156583,0.069831013916501,-0.005165247946250408,high
full,lhb_buy_ratio_lag3,-0.020361783259635103,-0.13667017317733224,0.44366608289550497,0.42569582504970177,-0.010965667098060813,high
full,lhb_present_lag3,-0.02037045892825014,-0.1367367980935639,0.4413309982486865,0.42569582504970177,-0.010953355884965599,high
full,limit_up_count_5d,-0.02038943321276088,-0.12946985346257375,0.44473409801876956,0.9532803180914513,-0.003051038542089771,high
full,net_zt_proportion_lag3,-0.02040674948639487,-0.10353732326802474,0.5,0.0019880715705765406,-0.004904344963462755,high
full,bond_cn_5y,-0.020468689895694236,-0.11984069309892546,0.4557522123893805,0.05616302186878728,-0.01752679531393101,high
full,lhb_is_sustained_lag1,-0.02049976497006807,-0.13260808168854643,0.4394213381555154,0.13742544731610337,-0.004592808250814571,high
full,lhb_is_drop_ma10,-0.02076070601294129,-0.14154594925527458,0.4453551912568306,0.5457256461232605,-0.009499004340416414,high
full,boll_upper,-0.021015763315726847,-0.1267829879873491,0.45054671968190857,1.0,-0.030999000062906346,high
full,low_lag3,-0.021060657031909673,-0.1283600215025548,0.4515407554671968,1.0,-0.036774762830324034,high
full,open_lag3,-0.021112760751618095,-0.12853098396478937,0.45203777335984097,1.0,-0.03575589118747456,high
full,vol_up_ratio_20,-0.021119688651525456,-0.1377580757915379,0.4525347912524851,1.0,-0.006766027842559666,high
full,corr_5d,-0.02120722466459245,-0.14680844955735606,0.4393638170974155,1.0,-0.01215794693142643,high
full,sentiment_std_ma5,-0.02122478365949407,-0.1768633857758779,0.43286573146292584,0.12400596421471173,-0.007373763756564722,high
full,ma_10,-0.02126253119728712,-0.129584800363824,0.45303180914512925,1.0,-0.03638327709009292,high
full,permanent_impact,-0.02132578019782411,-0.11611420333826032,0.45535714285714285,0.974155069582505,-0.01688057989553172,high
full,volume_lag2,-0.02133784660478667,-0.12320870635611736,0.43687872763419483,1.0,-0.00610906679884314,high
full,ema_12,-0.021427855502463046,-0.13074789247554092,0.4525347912524851,1.0,-0.0373303853444167,high
full,low_lag2,-0.021510255287871333,-0.13116618635615485,0.4495526838966203,1.0,-0.037753993193411786,high
full,open_lag2,-0.02157705352773778,-0.1313672446406941,0.452286282306163,1.0,-0.03758724325974026,high
full,sector_vol_volatility_ma10,-0.021676030892087604,-0.1560777617542277,0.4443254817987152,0.6963220675944334,-0.012989406832727243,high
full,ksft2,-0.021681347645380763,-0.12828092482107054,0.4428429423459245,1.0,0.0018934850733203935,high
full,close_lag3,-0.02175638916731395,-0.13246096699435003,0.4510437375745527,1.0,-0.03725591639645145,high
full,mfi_14,-0.02184316754118376,-0.13444767982476888,0.44358846918489064,1.0,-0.00806338133992276,high
full,pb_mrq_lag20,-0.021852717504055045,-0.12334374066060458,0.45503403797921893,0.6935884691848907,-0.014323868537080859,high
full,market_state_volatile_lag5,-0.021852923386793923,-0.1314904565188535,0.5714285714285714,0.0017395626242544733,-0.0009859148054681417,high
full,high_lag3,-0.021862631107790385,-0.1329356397326937,0.45203777335984097,1.0,-0.03632724969862486,high
full,gdp_cn_yoy_lag5,-0.02188079884861911,-0.13882113215419364,0.4277456647398844,0.042992047713717695,-0.010849775352022159,high
full,sentiment_mean_lag3,-0.0220182574937198,-0.18869812809427428,0.420863309352518,0.06908548707753479,-0.007053326489893133,high
full,news_sent_x_roc20_lag1,-0.0220483650443516,-0.18075573462824862,0.4244604316546763,0.06908548707753479,-0.0008226952592994651,high
full,cntp_30d,-0.02213122898782659,-0.13965511556799076,0.44060636182902585,1.0,-0.016523588161191892,high
full,news_sent_volume_lag3,-0.02216142499960452,-0.18981864974326929,0.41007194244604317,0.06908548707753479,-0.007059497653711262,high
full,open_lag1,-0.022248651873880882,-0.13548294628371427,0.448558648111332,1.0,-0.03841398813853018,high
full,high_lag2,-0.02225234314669871,-0.1352755433685973,0.44930417495029823,1.0,-0.03747951510968263,high
full,close_lag2,-0.022265944147883052,-0.13560480095554286,0.45029821073558646,1.0,-0.03815005181159102,high
full,cb_0_ma20_lag1,-0.02227935395905541,-0.12546693992969593,0.4444444444444444,0.0022365805168986083,0.008016568110039998,high
full,cb_0_ma10_lag1,-0.02227935395905541,-0.12546693992969593,0.4444444444444444,0.0022365805168986083,0.008016568110039998,high
full,cb_0_std20_lag1,-0.02227935395905541,-0.12546693992969593,0.4444444444444444,0.0022365805168986083,0.008013999214270252,high
full,low_lag1,-0.022383669373274594,-0.13658606529508932,0.44831013916500995,1.0,-0.03897799660951483,high
full,has_news,-0.02239234953097217,-0.16568836841020432,0.4276094276094276,0.07380715705765407,-0.011596752567090191,high
full,news_net_bullish_lag1,-0.0224364009171493,-0.1891074019054148,0.44244604316546765,0.06908548707753479,-0.0074942125781999784,high
full,m1_yoy_lag5,-0.022653022311495536,-0.1487189780180398,0.4214123006833713,0.10909542743538768,-0.011865846816334086,high
full,beta_60d,-0.022653549197472346,-0.11746111034836129,0.44880715705765406,1.0,-0.021663262543512037,high
full,news_guba_ratio_lag1,-0.02267655892774431,-0.18639498747267544,0.41522491349480967,0.07181908548707754,-0.011379767337473364,high
full,news_net_bullish_lag3,-0.022688079731770804,-0.193634966385557,0.42391304347826086,0.06858846918489066,-0.007212599388142312,high
full,atr_14_lag10,-0.022723150419661012,-0.12543355013707982,0.44582504970178927,1.0,-0.012883471689833944,high
full,news_net_bullish,-0.022931571954907446,-0.18312112502530797,0.41935483870967744,0.06933399602385686,-0.006446206189043002,high
full,pb_percentile_252d_lag2,-0.023035150561633837,-0.12946879722520585,0.46438746438746437,0.6978131212723658,-0.015778735537179577,high
full,lhb_is_wave_lag3,-0.02303644767759252,-0.15921875638567642,0.4534653465346535,0.12549701789264414,-0.008285729975316486,high
full,ma_5,-0.02305835694494462,-0.14053130550826748,0.4470675944333996,1.0,-0.03942154407987876,high
full,board_momentum_max_std20_lag1,-0.023079069991857784,-0.1201503854808803,0.4444444444444444,0.0022365805168986083,0.009099014118620125,high
full,board_momentum_mean_std20_lag1,-0.023079069991857784,-0.1201503854808803,0.4444444444444444,0.0022365805168986083,0.009099014118620125,high
full,lhb_buy_ratio,-0.023134098728371324,-0.14355003059193386,0.43969555035128804,0.42445328031809143,-0.010644421387223473,high
full,news_sent_bull_vol,-0.023165060655582725,-0.1817862809378716,0.4219409282700422,0.05889662027833002,-0.006476920229514287,high
full,cntd_30d,-0.023174973571606024,-0.14771226639203178,0.4418489065606362,1.0,-0.015438353492114162,high
full,pb_mrq_lag10,-0.023204740695515664,-0.1304193101243788,0.45519457336665475,0.6960735586481114,-0.014622369259916088,high
full,news_disagreement,-0.023226898226309457,-0.1833598682024865,0.4109090909090909,0.06833996023856859,-0.004269546120251596,high
full,concept_zt_ratio_ma20,-0.023235689919863557,-0.14680290284668557,0.4782608695652174,0.005715705765407555,-0.00041382950809703406,high
full,lhb_present,-0.023264488299191113,-0.14442926291534489,0.43208430913348944,0.42445328031809143,-0.010693133947738246,high
full,sentiment_std,-0.023306389198839907,-0.18323378862386783,0.4036363636363636,0.06833996023856859,-0.004284208504744046,high
full,positive_ratio_lag1,-0.02333314526268906,-0.19248750687562652,0.43272727272727274,0.06833996023856859,-0.00845376472554484,high
full,board_momentum_max_accel,-0.02338370201993215,-0.1588680769066545,0.5,0.002485089463220676,-0.004556558917951608,high
full,board_change_pct_accel,-0.02338370201993215,-0.1588680769066545,0.5,0.002485089463220676,-0.004556558917951608,high
full,board_momentum_mean_accel,-0.02338370201993215,-0.1588680769066545,0.5,0.002485089463220676,-0.004556558917951608,high
full,pb_percentile_252d_lag3,-0.023429795117254678,-0.13226319501988165,0.45208407552547203,0.6975646123260437,-0.014614507468907032,high
full,positive_ratio,-0.023476936841513096,-0.18948488699922378,0.4057971014492754,0.06858846918489066,-0.006688074056116539,high
full,news_count,-0.023539630581368556,-0.18775650122858045,0.41379310344827586,0.0720675944333996,-0.010666208444011444,high
full,investor_new_num_lag2,-0.023549942932790776,-0.14894676361040385,0.41732283464566927,0.06312127236580517,-0.01539123183903221,high
full,close_lag1,-0.023563422987930783,-0.14367965801988333,0.44433399602385687,1.0,-0.03996295106357645,high
full,cord_5d,-0.023618076347834666,-0.17903538798033272,0.4279324055666004,1.0,-0.018652298186825383,high
full,high_lag1,-0.023644316495364182,-0.14389543305706357,0.44507952286282304,1.0,-0.03885945327322891,high
full,m1_yoy,-0.023749114011668484,-0.1431257216945061,0.425531914893617,0.023359840954274354,-0.01135369135333029,high
full,gdp_cn_yoy_lag2,-0.023828000553726202,-0.14887996560818773,0.41935483870967744,0.023111332007952286,-0.010395728961198624,high
full,market_state_normal_ma10_lag2,-0.024067736018610432,-0.1733807681429061,0.5454545454545454,0.0027335984095427437,0.00012442665280463488,high
full,m2_yoy_lag5,-0.024167134659811296,-0.15750396619296592,0.42142857142857143,0.10437375745526839,-0.011967458983694935,high
full,m2_yoy,-0.024167753353921264,-0.14066026766995327,0.4318181818181818,0.02186878727634195,-0.011520463903753041,high
full,lhb_count_5d_lag3,-0.024196535993839294,-0.1597587691014746,0.44175491679273826,0.6570576540755467,-0.015048486721912214,high
full,pb_mrq_lag5,-0.024341282988049082,-0.13664212037238266,0.4493941553813257,0.6973161033797217,-0.014893023970252028,high
full,main_ratio_std20,-0.02437859684976323,-0.1325697028263756,0.44219139096406973,0.6985586481113321,-0.01953721021937549,high
full,main_net_std20,-0.02437859684976323,-0.1325697028263756,0.44219139096406973,0.6985586481113321,-0.019537219789112832,high
full,permanent_impact_accel,-0.024450212778223516,-0.13568414323761802,0.44358846918489064,1.0,-0.026044455798818922,high
full,kmid2,-0.024491672902933796,-0.14075534628292996,0.4495526838966203,1.0,0.004357041151322261,high
full,concept_zt_ratio_std20,-0.024500667015347283,-0.15936685269260464,0.43478260869565216,0.005715705765407555,-0.0004249558621541154,high
full,lhb_is_wave_lag2,-0.024728251802952333,-0.1648760600690014,0.4308300395256917,0.1257455268389662,-0.010461018233955822,high
full,news_sent_bull_vol_lag1,-0.02477562132216993,-0.2083464319262967,0.423728813559322,0.05864811133200795,-0.008931523531402188,high
full,market_state_normal_ma10_lag1,-0.024799968951334142,-0.21999781481595987,0.36363636363636365,0.0027335984095427437,0.001989626706747819,high
full,gdp_cn_yoy_lag3,-0.024833376693960005,-0.15495823325765667,0.4166666666666667,0.02982107355864811,-0.010169611282390256,high
full,market_state_volatile_ma5_lag3,-0.02485337611100117,-0.16203307001663025,0.4,0.002485089463220676,0.00017340528922131512,high
full,cntp_20d,-0.024925408227919405,-0.1593958454311995,0.4346421471172962,1.0,-0.011310939661059246,high
full,lhb_count_5d_lag2,-0.024997529635193843,-0.16228990059935652,0.4381852551984877,0.6573061630218688,-0.015125522187098756,high
full,investor_new_num_lag1,-0.025050331609569258,-0.1528601502639087,0.4046242774566474,0.042992047713717695,-0.01476953903895123,high
full,gdp_cn_yoy_ma5,-0.025059717471212634,-0.1572168271495514,0.4230769230769231,0.03876739562624255,-0.009813408549857364,high
full,pb_mrq_lag3,-0.02513432581346347,-0.14102300740370452,0.4465811965811966,0.6978131212723658,-0.01676424216019916,high
full,pb_mrq_lag2,-0.025260455317923633,-0.14150268760979764,0.44927020291918834,0.6980616302186878,-0.017847442710272988,high
full,concept_zt_ratio_accel,-0.025284950579181724,-0.174040851270748,0.43478260869565216,0.005715705765407555,-0.013040649678821712,high
full,sector_vol_volatility_ma5,-0.02530198010558058,-0.18361099420870272,0.4364739471805853,0.6963220675944334,-0.013849833087805753,high
full,pb_percentile_252d_lag1,-0.02531542575703086,-0.14273317336384606,0.45069419722321113,0.6980616302186878,-0.015641565217499775,high
full,lhb_present_lag2,-0.025393974116448333,-0.1673438879613006,0.4198250728862974,0.42619284294234594,-0.010650844178727527,high
full,lhb_buy_ratio_lag2,-0.025409857024923994,-0.16741902470265943,0.4227405247813411,0.42619284294234594,-0.010624357288458914,high
full,rsi_12_lag3,-0.025453573951310454,-0.14153769324302048,0.44309145129224653,1.0,-0.02177460969521125,high
full,pb_mrq_lag1,-0.025605367351877736,-0.1433648300429169,0.44483985765124556,0.69831013916501,-0.018581678758357124,high
full,imxd_30d,-0.025660232313362424,-0.15042747719582247,0.43961232604373757,1.0,-0.0186658164668919,high
full,lhb_is_wave_ma20,-0.025728150558252966,-0.1728373710857814,0.4368353891960868,0.5842445328031809,-0.013405672290604569,high
full,lhb_is_wave_std20,-0.025728150558252966,-0.1728373710857814,0.4368353891960868,0.5842445328031809,-0.013404053483299348,high
full,gdp_cn_yoy_lag10,-0.025755952044253336,-0.16929356530630746,0.42907801418439717,0.07007952286282307,-0.012765090469420936,high
full,gap_up_pct,-0.02580078395192711,-0.18252371990685795,0.4230865120917477,0.9967693836978131,-0.023033102531948492,high
full,cntd_20d,-0.02598205450135475,-0.16661918967998243,0.4351391650099404,1.0,-0.009837980998912817,high
full,news_disagreement_lag1,-0.02601482118548678,-0.22513240220410102,0.4197080291970803,0.06809145129224652,-0.008077946861276919,high
full,kdj_d_14,-0.026021062634346257,-0.14612575745019388,0.4428429423459245,1.0,-0.01588456695357148,high
full,pb_mrq,-0.026038320796678224,-0.14556032498955263,0.4450373532550694,0.6985586481113321,-0.019175652225463892,high
full,atr_14_lag5,-0.02606361839591351,-0.14201749563378635,0.4363817097415507,1.0,-0.015876142755883147,high
full,sentiment_std_lag1,-0.026207498226509623,-0.22641801333290604,0.4233576642335766,0.06809145129224652,-0.008084137059979483,high
full,market_state_normal_ma10,-0.026265552000934635,-0.21280714471979661,0.36363636363636365,0.0027335984095427437,-0.0008735321005058447,high
full,news_count_lag1,-0.026459951152878605,-0.21684906218086664,0.3944636678200692,0.07181908548707754,-0.01141820233668853,high
full,lhb_is_drop_lag2,-0.026665174885444322,-0.1850107536953481,0.43197278911564624,0.14612326043737575,-0.004011550844065922,high
full,volume_ma5,-0.026667719504411137,-0.15302212274229998,0.4286779324055666,1.0,-0.011517153585816092,high
full,ksft,-0.026884489164389094,-0.14927468843561986,0.4346421471172962,1.0,-0.0009356064100784104,high
full,lhb_count_5d_lag1,-0.026998517298844976,-0.1727744251447809,0.4279773156899811,0.6573061630218688,-0.015489936941975568,high
full,vol_5,-0.027062654469287874,-0.15129248763601177,0.42818091451292245,1.0,0.01061418513592477,high
full,is_zb_lag1,-0.02726787358926695,-0.1942445191115474,0.2857142857142857,0.0017395626242544733,-0.0017882763517378926,high
full,kdj_d_9,-0.02728427719163158,-0.1544746577658043,0.4408548707753479,1.0,-0.019205965021910416,high
full,concept_zt_count_accel,-0.027301631964443004,-0.191550225415275,0.43478260869565216,0.005715705765407555,-0.013040649678821712,high
full,volume_lag1,-0.027403391055479773,-0.15832875402401722,0.42569582504970177,1.0,-0.007224326291826266,high
full,limit_up_count_20d,-0.027409403184910672,-0.16997592088369612,0.44121302510564253,0.9997514910536779,-0.005920784998455774,high
full,gdp_cn_yoy_ma10,-0.027436214991453874,-0.18389355549133346,0.4197952218430034,0.0728131212723658,-0.01124755357952007,high
full,imax_30d,-0.027501463276947722,-0.171310996696883,0.4254473161033797,1.0,-0.020086365948936223,high
full,m1_yoy_lag1,-0.02753532896290549,-0.16749410109260093,0.42441860465116277,0.042743538767395624,-0.01161074253501804,high
full,market_state_volatile_ma10_lag5,-0.027933976464649922,-0.23803312148152292,0.3076923076923077,0.0032306163021868788,-0.00023794364363029742,high
full,avg_account_cap_z,-0.027977645211552063,-0.1682082206277146,0.42592592592592593,0.01341948310139165,-0.001474625185039957,high
full,amount_ratio,-0.028428053412764446,-0.1813881249458229,0.4254473161033797,1.0,-0.007199518273907174,high
full,atr_14_lag3,-0.0284596697062238,-0.15465059113904642,0.4304174950298211,1.0,-0.016307106719881958,high
full,macd_dea,-0.02867525810361089,-0.14852761740984094,0.44358846918489064,1.0,-0.023305695674842742,high
full,pb_percentile_252d,-0.028849713771540372,-0.16265350672385842,0.44697508896797156,0.69831013916501,-0.015948790904993026,high
full,avg_account_cap_z_lag5,-0.02885579471577425,-0.192506716516983,0.4007220216606498,0.06883697813121273,0.0006123781114166397,high
full,imxd_20d,-0.028876530157515165,-0.1688940724728256,0.42668986083499005,1.0,-0.013828363569401586,high
full,cntp_10d,-0.028945484909737834,-0.18573672323184448,0.42992047713717696,1.0,-0.018110077950568147,high
full,lhb_is_drop,-0.029076477056365544,-0.19331617485772717,0.41496598639455784,0.14612326043737575,-0.006314061820503331,high
full,rsi_12_lag2,-0.029154266551128512,-0.1599255200618459,0.4316600397614314,1.0,-0.0207584142294797,high
full,sector_vol_volatility,-0.029353253381474004,-0.21298754948899107,0.41994281629735525,0.6953280318091452,-0.013900939668975711,high
full,imax_20d,-0.029623323894885804,-0.1811589821499229,0.42668986083499005,1.0,-0.01691672861816937,high
full,trix,-0.029819711619971326,-0.15090844244824303,0.4428429423459245,1.0,-0.024454521014449674,high
full,atr_14_lag2,-0.029876618422768578,-0.16233712215850885,0.4259443339960239,1.0,-0.016914479788086537,high
full,m1_yoy_lag2,-0.02990726406887976,-0.19288176354039746,0.4,0.06088469184890656,-0.011972701174518399,high
full,lhb_is_wave_ma10,-0.03004297737643668,-0.19771143423761944,0.41878453038674035,0.44980119284294234,-0.018309981078616006,high
full,cntd_10d,-0.030353935957817848,-0.19470375741694876,0.4242047713717694,1.0,-0.017196682266281047,high
full,kmid,-0.030375111244414617,-0.16636706857934183,0.4304174950298211,1.0,-0.0008230767409780172,high
full,permanent_impact_std20,-0.0304473578950613,-0.14810187743899167,0.43538767395626243,1.0,0.003396103981915144,high
full,vol_20,-0.030539682740378615,-0.15542862697786886,0.4321570576540755,1.0,0.008354110605047888,high
full,lhb_is_wave_ma5,-0.03064393474016804,-0.19981840748329052,0.4198473282442748,0.32554671968190857,-0.017499955960999024,high
full,lhb_buy_ratio_ma5,-0.030840876082826787,-0.1954009795601011,0.40778533635676495,0.6575546719681908,-0.01741512023958944,high
full,investor_new_num,-0.030853397365189727,-0.1867383411163492,0.375,0.02186878727634195,-0.014251851841708444,high
full,kup,-0.030889693669122836,-0.18512732513883198,0.41426441351888665,1.0,-0.016393990961526755,high
full,avg_account_cap_z_lag3,-0.030942104977148378,-0.19473330140778752,0.41089108910891087,0.05019880715705766,0.00012446998191962752,high
full,lhb_count_5d,-0.030958123772850503,-0.19629532728984994,0.4089191232048375,0.6575546719681908,-0.01747307743761295,high
full,lhb_present_ma5,-0.03095823070152334,-0.19629581825014403,0.4089191232048375,0.6575546719681908,-0.017474053445091366,high
full,net_zt_proportion_ma10,-0.030987545689396663,-0.18895685677330679,0.3076923076923077,0.0032306163021868788,0.0030349373814544884,high
full,permanent_impact_ma10,-0.031008566099353353,-0.16301122831385972,0.43389662027833004,1.0,-0.016921360407251413,high
full,lhb_buy_ratio_lag1,-0.031067666256880854,-0.20261147541989197,0.4168126094570928,0.42569582504970177,-0.013701490527419282,high
full,lhb_present_lag1,-0.03111369375601573,-0.20293442981599308,0.4144775248102744,0.42569582504970177,-0.013728654945592379,high
full,lhb_count_5d_ma20,-0.031457262827185174,-0.19554605159814237,0.42384341637010675,0.69831013916501,-0.01399980124710683,high
full,klow,-0.03155034558942273,-0.19654388355015914,0.40979125248508946,1.0,-0.01716662901544267,high
full,lhb_count_5d_std20,-0.031575244537035835,-0.195904953577122,0.42277580071174375,0.69831013916501,-0.014045078244031756,high
full,atr_14_lag1,-0.031592440339432024,-0.1717036565834216,0.42370775347912526,1.0,-0.017627354120314683,high
full,cb_0_accel_lag2,-0.031642441531585595,-0.18848469661935177,0.5,0.0019880715705765406,0.0029025217576973362,high
full,high_low_ratio_lag5,-0.031894096902858333,-0.19728229953295887,0.37037037037037035,0.01341948310139165,-0.0009261974114813268,high
full,lhb_buy_ratio_ma10,-0.032031066103280784,-0.20063378321411146,0.4171735241502683,0.6945825049701789,-0.016925563240756218,high
full,lhb_buy_ratio_std20,-0.032110474041959734,-0.20180609568343044,0.41494661921708187,0.69831013916501,-0.014657664768029263,high
full,lhb_count_5d_ma10,-0.03222369729771329,-0.20224645671284036,0.4181494661921708,0.69831013916501,-0.01587886784638833,high
full,beta_30d,-0.03224963661301119,-0.16719351801604843,0.43538767395626243,1.0,-0.024422815126608155,high
full,resi_5d,-0.03227828778992961,-0.17990705375819113,0.42196819085487075,1.0,-0.009953367812378657,high
full,lhb_present_ma10,-0.03229513916015168,-0.2022941886055958,0.413953488372093,0.6945825049701789,-0.017034114454598768,high
full,lhb_buy_ratio_ma20,-0.03242341730629001,-0.20352683623407117,0.4110320284697509,0.69831013916501,-0.014797192971996448,high
full,lhb_net_amount_std20,-0.03249061395513718,-0.20441036153835257,0.41530249110320283,0.69831013916501,-0.014843526685620126,high
full,lhb_count_5d_ma5,-0.03258918325231734,-0.2055592409326298,0.4160086145010768,0.6923459244532804,-0.017643101713995173,high
full,lhb_present_std20,-0.032682464434151605,-0.2049344395000912,0.4110320284697509,0.69831013916501,-0.014829054343003311,high
full,lhb_present_ma20,-0.03270906441691155,-0.20514435912745346,0.4106761565836299,0.69831013916501,-0.014848711344366716,high
full,imax_10d,-0.03303453021993268,-0.20730615121180532,0.41177932405566603,1.0,-0.02096212901648965,high
full,permanent_impact_ma20,-0.03316557971122549,-0.17239308302656264,0.4249502982107356,1.0,-0.01826133879914493,high
full,avg_account_cap_z_lag1,-0.033210348368506344,-0.20563486373058806,0.39622641509433965,0.026341948310139165,-0.0010213709654942399,high
full,atr_14,-0.03376104654695593,-0.1838789652034845,0.419234592445328,1.0,-0.01849047183443033,high
full,market_state_volatile_accel_lag1,-0.034190946834323464,-0.23750640894521677,0.38461538461538464,0.0032306163021868788,-0.002615980388877978,high
full,market_state_normal_ma5_lag3,-0.03425134953976712,-0.2327146460341767,0.5,0.0019880715705765406,-0.007766743308966545,high
full,lhb_is_drop_lag1,-0.03457597460133344,-0.243849308490185,0.4020442930153322,0.14587475149105367,-0.005742918882257136,high
full,beta_20d,-0.034673554514672786,-0.1795156733266563,0.4212226640159046,1.0,-0.019787675513796794,high
full,lhb_is_wave,-0.034706223817792314,-0.21963843994761406,0.40828402366863903,0.12599403578528828,-0.011850926882504805,high
full,sump_60d,-0.03476482852772288,-0.1921877106323225,0.4182405566600398,1.0,-0.02647586149714538,high
full,lhb_is_wave_lag1,-0.03545693687762812,-0.23636565460467027,0.40118577075098816,0.1257455268389662,-0.010826451420009951,high
full,volume_ratio,-0.03616125108266359,-0.2375824409711838,0.40308151093439365,1.0,-0.01550868552545639,high
full,avg_account_cap_z_lag2,-0.036168714301965305,-0.230301792045077,0.4050632911392405,0.03926441351888668,0.0010364480061266022,high
full,sumd_60d,-0.036502544118930495,-0.19732239666228035,0.4209741550695825,1.0,-0.02655115557424361,high
full,concept_board_height_accel,-0.03734587479512913,-0.23091007546277673,0.5,0.0054671968190854875,-0.014867224602075768,high
full,imxd_10d,-0.0375556774610728,-0.22127000982608402,0.40656063618290256,1.0,-0.023613410607884158,high
full,permanent_impact_ma5,-0.03829059798329406,-0.20248407396313062,0.4095427435387674,1.0,-0.03460725482273387,high
full,kdj_k_14,-0.0384748842615534,-0.21532904605787914,0.4087972166998012,1.0,-0.024417795721510087,high
full,turnover_proxy,-0.03861150308577014,-0.2199082571186426,0.40556660039761433,1.0,-0.021228507886510595,high
full,comment_score_std20,-0.03866582495313667,-0.19387072968574426,0.4528301886792453,0.013170974155069582,-0.005405825344220306,high
full,vsump_5d,-0.0387097457285915,-0.25553337487882216,0.3918986083499006,1.0,-0.022629746345720902,high
full,vsump_10d,-0.038895323272198745,-0.25621842849421034,0.3988568588469185,1.0,-0.017367353260495995,high
full,macd_dif,-0.03897108507655015,-0.20005464365005543,0.4212226640159046,1.0,-0.02861714019873156,high
full,market_state_volatile_ma10_lag10,-0.039107700978531015,-0.27038372936360006,0.46153846153846156,0.0032306163021868788,0.008448909881488047,high
full,rsi_12_lag1,-0.03954499050846968,-0.21140835493918245,0.4132703777335984,1.0,-0.026631027189777678,high
full,gdp_cn_yoy_lag1,-0.03959687563840285,-0.2469448967493158,0.375,0.015904572564612324,-0.00980482354810819,high
full,turnover,-0.039746156560147974,-0.21958545797601417,0.4150099403578529,1.0,-0.014095132614914473,high
full,macd_hist,-0.039855555250605745,-0.2184485187497204,0.4102882703777336,1.0,-0.02287594383452713,high
full,volume_anomaly,-0.039869082956009,-0.27081788649772537,0.3972743635896117,0.9664512922465208,-0.029724677206340987,high
full,vsump_60d,-0.039904968035939244,-0.25212168634472115,0.4010934393638171,1.0,-0.025767272101167592,high
full,cntp_5d,-0.03996372371711808,-0.2544606510804296,0.40208747514910537,1.0,-0.024232655537279393,high
full,gdp_cn_yoy,-0.040189260459521335,-0.23180802058468694,0.38235294117647056,0.008449304174950299,-0.009663207625280107,high
full,is_dt_ma5,-0.04038823105383409,-0.20559794439260987,0.4,0.003727634194831014,-0.01686326293407035,high
full,imax_5d,-0.04064294911817321,-0.2526505579729804,0.38727317921948795,0.9997514910536779,-0.02181262241548943,high
full,sump_30d,-0.04075367009580124,-0.22520706615103023,0.41451292246520877,1.0,-0.029896273787824557,high
full,sump_20d,-0.04122680824221161,-0.23099793163228657,0.4058151093439364,1.0,-0.02359948566759041,high
full,volume_heavy,-0.041241819685837296,-0.2867337297362915,0.38822355289421157,0.9960238568588469,-0.022366723265722203,high
full,vsump_20d,-0.04137689279247433,-0.2649339319127376,0.39388667992047716,1.0,-0.018605440983001424,high
full,market_state_volatile_accel_lag2,-0.041441541372375955,-0.3048732269438813,0.46153846153846156,0.0032306163021868788,-0.01121668672977243,high
full,amount_ma5,-0.04157174197814312,-0.22018896384696365,0.3976143141153082,1.0,-0.03154412689408665,high
full,vsump_30d,-0.04177271046183409,-0.2698071471844119,0.3879224652087475,1.0,-0.018291766818502513,high
full,vsumd_60d,-0.04202073543569861,-0.2712304519921767,0.3911530815109344,1.0,-0.025907880438842824,high
full,vsumd_5d,-0.04227847441323317,-0.2806452065918252,0.3856858846918489,1.0,-0.022873156126849724,high
full,vsumd_10d,-0.04255693437913369,-0.28160663096985816,0.3889165009940358,1.0,-0.01731879106482732,high
full,kdj_k_9,-0.042726702536177746,-0.24216737995750706,0.3988568588469185,1.0,-0.03077259759257169,high
full,sump_10d,-0.04275334877029232,-0.24074552020772863,0.3986083499005964,1.0,-0.027238451472952962,high
full,cntd_5d,-0.04286148846206935,-0.27109216498830985,0.39438369781312127,1.0,-0.024489584859564283,high
full,sumd_30d,-0.04292615886214806,-0.23095977802720874,0.40979125248508946,1.0,-0.029968553062498106,high
full,sumd_20d,-0.043523131803840306,-0.23673375447034786,0.4010934393638171,1.0,-0.023478417351988086,high
full,vsumd_20d,-0.04386109740193435,-0.2844443660675259,0.3879224652087475,1.0,-0.018812262215675845,high
full,vsumd_30d,-0.0439886796301976,-0.2907667799553262,0.3774850894632207,1.0,-0.018358110649757703,high
full,cmo_14,-0.044755238225129626,-0.24194134973746348,0.3986083499005964,1.0,-0.024375424624572074,high
full,consecutive_zt_accel,-0.04570129317030889,-0.24390532330639486,0.391304347826087,0.005715705765407555,-0.014577725199440558,high
full,sumd_10d,-0.045938741037810614,-0.25074717916762196,0.39587475149105367,1.0,-0.02720093794321319,high
full,net_zt_proportion_lag5,-0.04597029724291004,-0.24044419066849904,0.4,0.002485089463220676,-0.005755604416405037,high
full,seal_success_accel,-0.04612934778249186,-0.24635962246346907,0.391304347826087,0.005715705765407555,-0.014577854013996309,high
full,seal_strength_accel,-0.04612934778249186,-0.24635962246346907,0.391304347826087,0.005715705765407555,-0.014577854013996309,high
full,resi_10d,-0.04662759703985701,-0.2539250859958281,0.3904075546719682,1.0,-0.01774994338920019,high
full,seal_intensity_accel,-0.04769919198096481,-0.25624396408699346,0.391304347826087,0.005715705765407555,-0.014579206487323748,high
full,imxd_5d,-0.048399472977835825,-0.28622217343195805,0.3705268389662028,1.0,-0.02739392183620115,high
full,kdj_j_14,-0.04881873428725025,-0.2781873782072082,0.38469184890656066,1.0,-0.030309618996341457,high
full,beta_10d,-0.04931627179653543,-0.25627829772639266,0.38767395626242546,1.0,-0.0349807716220818,high
full,klen,-0.05014464224066591,-0.26428539748265667,0.3832007952286282,1.0,2.5433942170104486e-05,high
full,market_state_normal_lag20,-0.05049740752318278,-0.5569963537114107,0.5,0.0004970178926441351,-3.8897571357231543e-05,high
full,pdi,-0.05066910646453495,-0.29953428825831585,0.3774850894632207,1.0,-0.030805724995215243,high
full,market_state_normal_ma5_lag5,-0.05109642095764164,-0.5977786540398791,0.2,0.002485089463220676,0.0024620173192859995,high
full,concept_board_height_ma10,-0.051160262627208665,-0.2774528169701808,0.3888888888888889,0.0044731610337972166,-0.017071773547890055,high
full,market_state_normal_accel_lag5,-0.052178850445068856,-0.4352286221150889,0.3076923076923077,0.0032306163021868788,9.22749249936872e-05,high
full,kdj_j_9,-0.052702508507148534,-0.3026950467899277,0.378727634194831,1.0,-0.03713202500093622,high
full,volume_ratio_20,-0.053337384912443504,-0.33637456213417744,0.37475149105367794,1.0,-0.024172462255338853,high
full,rsv_60d,-0.05351739614607775,-0.29195178126618854,0.37997017892644136,1.0,-0.03619515842785033,high
full,sump_5d,-0.05358542865798373,-0.3058142104651102,0.3782306163021869,1.0,-0.0372738765759694,high
full,roc_20,-0.05363817014186179,-0.2761450094818182,0.378727634194831,1.0,-0.028808744550169473,high
full,cb_0_ma20_lag2,-0.05438747063232067,-0.3405905901063465,0.375,0.0019880715705765406,0.00609196018741641,high
full,cb_0_std20_lag2,-0.05438747063232067,-0.3405905901063465,0.375,0.0019880715705765406,0.006093885104604608,high
full,cb_0_ma10_lag2,-0.05438747063232067,-0.3405905901063465,0.375,0.0019880715705765406,0.00609196018741641,high
full,rsv_30d,-0.05518992905605534,-0.3041357559277303,0.3695328031809145,1.0,-0.03289426917830211,high
full,resi_30d,-0.055544815067100954,-0.29229288007945775,0.3735089463220676,1.0,-0.028880632295396336,high
full,rank_60d,-0.055608627083914404,-0.30190333702857575,0.3779821073558648,1.0,-0.034684543639222534,high
full,roc_12,-0.05593328073710621,-0.2879753010635153,0.3836978131212724,1.0,-0.029977841620415467,high
full,board_height_20d_lag20,-0.05621630025867788,-0.7422628239740768,0.3333333333333333,0.0007455268389662028,0.006360481194803406,high
full,rsv_20d,-0.056259991250545864,-0.31197185410875417,0.3740059642147117,1.0,-0.03181514586500626,high
full,has_gap_flow_market_cap_adj,-0.05636573797308745,-0.26249433113939696,0.25,0.0009940357852882703,0.002451938027550368,high
full,cb_0_accel_lag3,-0.056893086388641954,-0.38536407908554404,0.42857142857142855,0.0017395626242544733,-0.0006135817694903627,high
full,beta_5d,-0.05702971666452114,-0.2964954595682193,0.37077534791252487,1.0,-0.032174556404660964,high
full,rsv_5d,-0.057119076609628894,-0.3281308339804568,0.36754473161033796,1.0,-0.03292943582456649,high
full,sumd_5d,-0.05755546987601295,-0.3183116305434809,0.37326043737574555,1.0,-0.037536948890583254,high
full,resi_60d,-0.057751719921662295,-0.30437491892114066,0.3802186878727634,1.0,-0.031158135319359747,high
full,cb_0_ma5_lag2,-0.05777511947597866,-0.325397123345534,0.3333333333333333,0.0014910536779324055,0.005200007982957639,high
full,is_yzt_lag3,-0.057831010672619254,-0.3807556931996742,0.25,0.0019880715705765406,-0.008943060478010644,high
full,market_state_volatile_ma5_lag1,-0.05836320002771157,-0.3245536441349376,0.375,0.0019880715705765406,-0.0016329645590441883,high
full,resi_20d,-0.058455582021226346,-0.3127519967432285,0.3633200795228628,1.0,-0.03486367702891875,high
full,is_yzt,-0.058658909360619016,-0.38771794676725113,0.25,0.0019880715705765406,-0.0034098338414332565,high
full,rank_30d,-0.05906743794226181,-0.324286453627315,0.3658051689860835,1.0,-0.03271963023507104,high
full,cci_20,-0.05934008436176087,-0.316130184773445,0.36605367793240556,1.0,-0.03555550935328293,high
full,rsi_24,-0.059375649178052346,-0.30727634915467206,0.3745029821073559,1.0,-0.038745006115117456,high
full,wr_20,-0.05998352250817145,-0.3087979660543172,0.37301192842942343,1.0,-0.030960426149911856,high
full,rank_20d,-0.060293622878910436,-0.33270812357866636,0.3628230616302187,1.0,-0.032554014725131954,high
full,rank_5d,-0.060664782258265444,-0.3527327526822241,0.3545499751367479,0.9995029821073559,-0.02962770358517225,high
full,rsv_10d,-0.0607086596188872,-0.3417968922273918,0.3687872763419483,1.0,-0.03781193991434868,high
full,cci_14,-0.06114807838828335,-0.32757241540986715,0.3667992047713718,1.0,-0.036820517080954476,high
full,consecutive_zt_lag10,-0.06138885828568928,-0.4515073720040543,0.375,0.0019880715705765406,-0.01092042096192059,high
full,seal_success_lag10,-0.06148672314732348,-0.45200667327290744,0.375,0.0019880715705765406,-0.0109200646295071,high
full,is_zt_lag10,-0.06148672314732348,-0.45200667327290744,0.375,0.0019880715705765406,-0.0109200646295071,high
full,seal_strength_lag10,-0.06148672314732348,-0.45200667327290744,0.375,0.0019880715705765406,-0.0109200646295071,high
full,boll_pct,-0.061703358530495786,-0.3354237337140116,0.36605367793240556,1.0,-0.034464493928555766,high
full,bias_ma60,-0.06239463579762388,-0.3071224581126407,0.37326043737574555,1.0,-0.043047297917084865,high
full,board_height_20d_lag5,-0.06283603691806666,-0.3131871398230065,0.3333333333333333,0.0044731610337972166,-0.0016969170720642405,high
full,board_momentum_mean_std20_lag2,-0.06420376271185645,-0.3953111731159726,0.375,0.0019880715705765406,0.006786852558767971,high
full,board_momentum_max_std20_lag2,-0.06420376271185645,-0.3953111731159726,0.375,0.0019880715705765406,0.006786852558767971,high
full,rsi_12,-0.06422962202920096,-0.333552061788658,0.36853876739562624,1.0,-0.03918871464749378,high
full,rank_10d,-0.06519854369580039,-0.3691965940220128,0.3543737574552684,1.0,-0.03752463920189232,high
full,wr_10,-0.06524922663265104,-0.3374487563587447,0.3643141153081511,1.0,-0.03695615127723746,high
full,is_zb_lag2,-0.06566415783955945,-0.7702261205021678,0.2857142857142857,0.0017395626242544733,-0.002168725500549454,high
full,is_zb_ma20,-0.06576235138600162,-0.43748484948983113,0.34782608695652173,0.005715705765407555,-0.009290171572946263,high
full,is_dt_lag10,-0.06652808589446235,-0.4365138626476335,0.25,0.0009940357852882703,0.0019311053746810783,high
full,is_yzt_ma10,-0.06767960263263063,-0.36930521958523516,0.391304347826087,0.005715705765407555,-0.013997972827757546,high
full,net_zt_proportion_ma5,-0.06835475263785658,-0.38848186374689864,0.3333333333333333,0.0022365805168986083,-0.003752349342461413,high
full,rsi_6,-0.06842422399656646,-0.3603112930449757,0.3595924453280318,1.0,-0.04062391773115822,high
full,roc_6,-0.06875183103675774,-0.3545039599671154,0.3471669980119284,1.0,-0.04993898944395579,high
full,is_dt_ma10,-0.06910332606899829,-0.3706578048815276,0.3181818181818182,0.0054671968190854875,-0.020878731667970635,high
full,high_low_ratio_lag3,-0.06968402007584126,-0.43971885593419124,0.275,0.009940357852882704,-0.0001759035498492649,high
full,is_dt_ma20,-0.07108201610045335,-0.38314176768306335,0.3333333333333333,0.005964214711729622,-0.017749085577675728,high
full,bias_ma20,-0.07245862306333276,-0.3581278633099665,0.3538767395626243,1.0,-0.04248971570016908,high
full,seal_strength_lag20,-0.07260695783720837,-1.3481197805322402,0.0,0.0007455268389662028,0.00021065006017624774,high
full,is_zt_lag20,-0.07260695783720837,-1.3481197805322402,0.0,0.0007455268389662028,0.00021065006017624774,high
full,seal_success_lag20,-0.07260695783720837,-1.3481197805322402,0.0,0.0007455268389662028,0.00021065006017624774,high
full,consecutive_zt_lag20,-0.07323216749265847,-1.3597144969262576,0.0,0.0007455268389662028,0.00020989277374413134,high
full,bias_ma5,-0.07509880662335602,-0.3845991724770065,0.33822067594433397,1.0,-0.0413532434973641,high
full,concept_board_height_ma20,-0.07732182881398099,-0.49831576184283466,0.2727272727272727,0.0054671968190854875,-0.019137682333809494,high
full,concept_board_height_std20,-0.07732182881398099,-0.49831576184283466,0.2727272727272727,0.0054671968190854875,-0.019137682333809494,high
full,bias_ma10,-0.07951784468616778,-0.3977409023899538,0.33399602385685884,1.0,-0.05090713560807403,high
full,is_zb_ma5,-0.08122296323600502,-0.5808246701163925,0.3333333333333333,0.0044731610337972166,-0.01604587101503316,high
full,board_height_20d_accel,-0.08154384286310239,-0.40029665637839407,0.43478260869565216,0.005715705765407555,-0.016123224814338016,high
full,market_state_volatile_lag3,-0.08391505848060592,-0.42169258866691295,0.2,0.001242544731610338,-0.0023326816159515854,high
full,is_zb_lag3,-0.08404029590436089,-0.6792948221790953,0.2857142857142857,0.0017395626242544733,-0.015164878772999137,high
full,concept_board_height,-0.08416141915350417,-0.5841479202538103,0.25,0.0009940357852882703,-0.011153984763574732,high
full,is_zb_ma10,-0.08457342084328312,-0.587180359202711,0.30434782608695654,0.005715705765407555,-0.016033003276835975,high
full,cb_0_ma20_lag5,-0.08561045137122317,-0.8850372922726343,0.2,0.001242544731610338,0.008505200521257573,high
full,cb_0_ma10_lag5,-0.08561045137122317,-0.8850372922726343,0.2,0.001242544731610338,0.008505200521257573,high
full,cb_0_std20_lag5,-0.08561045137122317,-0.8850372922726343,0.2,0.001242544731610338,0.008506519907549168,high
full,cb_0_ma5_lag5,-0.08561045137122317,-0.8850372922726343,0.2,0.001242544731610338,0.008505200521257573,high
full,cb_0_accel_lag5,-0.08561045137122317,-0.8850372922726343,0.2,0.001242544731610338,0.008505200521257573,high
full,market_state_volatile_ma5_lag2,-0.08702252945484047,-0.6501454877666677,0.4444444444444444,0.0022365805168986083,-0.0029320888892338456,high
full,board_height_20d_lag10,-0.08737332371949222,-0.5123486142217651,0.3076923076923077,0.0032306163021868788,-0.005520422245454878,high
full,board_height_20d_lag3,-0.08751132844692286,-0.4587826248642268,0.3157894736842105,0.004721669980119284,-0.01031153555676855,high
full,seal_intensity_ma10,-0.0889266414681933,-0.46967771321411733,0.391304347826087,0.005715705765407555,-0.01639822217292671,high
full,consecutive_zt_ma10,-0.08917470403467276,-0.4721218928843238,0.391304347826087,0.005715705765407555,-0.016399525658175672,high
full,is_zt_ma10,-0.08953411069456062,-0.47279296596021936,0.391304347826087,0.005715705765407555,-0.01639966486345756,high
full,seal_strength_ma10,-0.08953411069456062,-0.47279296596021936,0.391304347826087,0.005715705765407555,-0.01639966486345756,high
full,seal_success_ma10,-0.08953411069456062,-0.47279296596021936,0.391304347826087,0.005715705765407555,-0.01639966486345756,high
full,cb_0_ma5_lag3,-0.08957359077880557,-0.665550175151411,0.3333333333333333,0.0014910536779324055,0.0020080886215878427,high
full,is_yzt_ma5,-0.08998848645016759,-0.5259953014311256,0.3333333333333333,0.0044731610337972166,-0.015521243249759314,high
full,is_yzt_ma20,-0.09215641025934336,-0.464668590869613,0.375,0.005964214711729622,-0.013483815463023963,high
full,board_height_20d_lag2,-0.09349260164104702,-0.47698643609262703,0.3157894736842105,0.004721669980119284,-0.01015309864880611,high
full,is_dt,-0.09499975165366747,-0.6478327756211044,0.3333333333333333,0.0007455268389662028,-0.010836714407352422,high
full,cb_0_std20_lag3,-0.09672513195510617,-0.7721949055330897,0.2857142857142857,0.0017395626242544733,0.004255471304370412,high
full,cb_0_ma10_lag3,-0.09672513195510617,-0.7721949055330897,0.2857142857142857,0.0017395626242544733,0.004257577029836855,high
full,cb_0_ma20_lag3,-0.09672513195510617,-0.7721949055330897,0.2857142857142857,0.0017395626242544733,0.004257577029836855,high
full,avg_concept_heat_lag3,-0.09955863533363682,-0.5052346872271797,0.5,0.0004970178926441351,-0.005522374724993806,high
full,has_hot_board_lag3,-0.09955863533363682,-0.5052346872271797,0.5,0.0004970178926441351,-0.005522374724993806,high
full,board_overlap_score_lag3,-0.09955863533363682,-0.5052346872271797,0.5,0.0004970178926441351,-0.005522374724993806,high
full,board_count_lag3,-0.09955863533363682,-0.5052346872271797,0.5,0.0004970178926441351,-0.005522374724993806,high
full,is_yzt_lag20,-0.09972220285858914,-1.0199054684533906,0.25,0.0009940357852882703,-0.00045738528929949445,high
full,cb_0_lag3,-0.10051052456401367,-0.5939325842364307,0.5,0.0004970178926441351,-0.007363076853955659,high
full,is_zb,-0.10206860228093773,-0.9981345300092364,0.2857142857142857,0.0017395626242544733,-0.010497946669259642,high
full,has_gap_flow_market_cap_adj_ma20,-0.10411716064251288,-0.5916062759044853,0.125,0.0019880715705765406,0.010416026449534618,high
full,has_gap_flow_market_cap_adj_ma10,-0.10411716064251288,-0.5916062759044853,0.125,0.0019880715705765406,0.010416026449534618,high
full,has_gap_flow_market_cap_adj_ma5,-0.10411716064251288,-0.5916062759044853,0.125,0.0019880715705765406,0.010414770500502156,high
full,board_height_20d_lag1,-0.10572041420770456,-0.5470187146922684,0.3157894736842105,0.004721669980119284,-0.01690775502723134,high
full,is_dt_lag1,-0.10642123834752444,-0.5359557566269575,0.3333333333333333,0.0007455268389662028,-0.02151716739673439,high
full,board_momentum_mean_std20_lag5,-0.10822407687693132,-1.212330036346191,0.2,0.001242544731610338,0.009637931245869723,high
full,board_momentum_max_std20_lag5,-0.10822407687693132,-1.212330036346191,0.2,0.001242544731610338,0.009637931245869723,high
full,market_state_volatile_lag2,-0.10847070965607951,-0.6898383830269161,0.3333333333333333,0.0007455268389662028,-0.013444582985915759,high
full,board_momentum_max_std20_lag3,-0.10972024133401757,-0.9446303036825353,0.2857142857142857,0.0017395626242544733,0.005190484438821545,high
full,board_momentum_mean_std20_lag3,-0.10972024133401757,-0.9446303036825353,0.2857142857142857,0.0017395626242544733,0.005190484438821545,high
full,consecutive_zt_lag3,-0.11029921873089929,-0.9868613953504581,0.125,0.0019880715705765406,-0.015909049539573047,high
full,is_yzt_lag1,-0.11072728835694665,-1.0733499280071823,0.125,0.0019880715705765406,-0.010053119768118051,high
full,is_zt_lag3,-0.11076129918957434,-0.9946803752982831,0.125,0.0019880715705765406,-0.01590919530245153,high
full,seal_success_lag3,-0.11076129918957434,-0.9946803752982831,0.125,0.0019880715705765406,-0.01590919530245153,high
full,seal_strength_lag3,-0.11076129918957434,-0.9946803752982831,0.125,0.0019880715705765406,-0.01590919530245153,high
full,is_yzt_lag10,-0.11093917803844737,-1.630836263499934,0.2222222222222222,0.0022365805168986083,-0.01145860811003264,high
full,board_height_20d_ma5,-0.11275533106010557,-0.5804047744315867,0.30434782608695654,0.005715705765407555,-0.014992179905469659,high
full,consecutive_zt_lag1,-0.11293539654987246,-1.4470167721677765,0.125,0.0019880715705765406,-0.01072218256883933,high
full,seal_success_lag1,-0.11302774692148349,-1.4512436689434933,0.125,0.0019880715705765406,-0.010722568965969258,high
full,seal_strength_lag1,-0.11302774692148349,-1.4512436689434933,0.125,0.0019880715705765406,-0.010722568965969258,high
full,is_zt_lag1,-0.11302774692148349,-1.4512436689434933,0.125,0.0019880715705765406,-0.010722568965969258,high
full,board_height_20d,-0.12262159423724135,-0.60406644479621,0.2631578947368421,0.004721669980119284,-0.019933648673411866,high
full,board_height_20d_ma10,-0.1239771996233917,-0.6372812516131673,0.30434782608695654,0.005715705765407555,-0.015831702942795043,high
full,board_height_20d_ma20,-0.1246390032619182,-0.637088423571217,0.30434782608695654,0.005715705765407555,-0.015810337047710493,high
full,concept_board_height_ma5,-0.12550528685115345,-0.9010459733802675,0.15384615384615385,0.0032306163021868788,-0.02820998429739102,high
full,board_height_20d_std20,-0.12663537963382296,-0.6614345867259565,0.30434782608695654,0.005715705765407555,-0.015854943008316493,high
full,seal_intensity_std20,-0.1266611057747362,-0.6441647084412908,0.2608695652173913,0.005715705765407555,-0.01693435141450642,high
full,seal_intensity_ma20,-0.1267530316694853,-0.6428738134120222,0.2608695652173913,0.005715705765407555,-0.01693435141450642,high
full,seal_intensity,-0.1274094150709313,-0.8442833349495634,0.125,0.0019880715705765406,-0.012535695836159962,high
full,consecutive_zt,-0.1274868957652679,-0.8445483561139445,0.125,0.0019880715705765406,-0.012535600175911737,high
full,is_zt,-0.12750624341638328,-0.8446789566706003,0.125,0.0019880715705765406,-0.012535534186450169,high
full,seal_strength,-0.12750624341638328,-0.8446789566706003,0.125,0.0019880715705765406,-0.012535534186450169,high
full,seal_success,-0.12750624341638328,-0.8446789566706003,0.125,0.0019880715705765406,-0.012535534186450169,high
full,seal_success_std20,-0.12798550914663145,-0.6491657512106439,0.2608695652173913,0.005715705765407555,-0.016934377447343923,high
full,seal_strength_std20,-0.12798550914663145,-0.6491657512106439,0.2608695652173913,0.005715705765407555,-0.016934377447343923,high
full,seal_strength_ma20,-0.12798550914663145,-0.6491657512106439,0.2608695652173913,0.005715705765407555,-0.016934377447343923,high
full,seal_success_ma20,-0.12798550914663145,-0.6491657512106439,0.2608695652173913,0.005715705765407555,-0.016934377447343923,high
full,is_zt_ma20,-0.12798550914663145,-0.6491657512106439,0.2608695652173913,0.005715705765407555,-0.016934377447343923,high
full,consecutive_zt_ma20,-0.12806740469846623,-0.6503537321925905,0.2608695652173913,0.005715705765407555,-0.016934320844994858,high
full,consecutive_zt_std20,-0.1280856231206626,-0.6504433671150992,0.2608695652173913,0.005715705765407555,-0.016934320844994858,high
full,consecutive_zt_lag2,-0.12996701675666691,-1.444372046120709,0.0,0.0019880715705765406,-0.013934520110943862,high
full,seal_strength_lag2,-0.13014647802089313,-1.4415054085662853,0.0,0.0019880715705765406,-0.013934165214507995,high
full,is_zt_lag2,-0.13014647802089313,-1.4415054085662853,0.0,0.0019880715705765406,-0.013934165214507995,high
full,seal_success_lag2,-0.13014647802089313,-1.4415054085662853,0.0,0.0019880715705765406,-0.013934165214507995,high
full,is_yzt_lag2,-0.13121575777908484,-1.5348766800903089,0.0,0.0019880715705765406,-0.01862576642347078,high
full,consecutive_zt_ma5,-0.14371382952709771,-0.9131818269739546,0.2777777777777778,0.0044731610337972166,-0.02704764681318137,high
full,seal_strength_ma5,-0.14386474049525655,-0.9149720979359496,0.2777777777777778,0.0044731610337972166,-0.027047767084664828,high
full,seal_success_ma5,-0.14386474049525655,-0.9149720979359496,0.2777777777777778,0.0044731610337972166,-0.027047767084664828,high
full,is_zt_ma5,-0.14386474049525655,-0.9149720979359496,0.2777777777777778,0.0044731610337972166,-0.027047767084664828,high
full,board_momentum_max_lag1,-0.14400790632553206,-50.57445163250769,0.0,0.0004970178926441351,-0.0042790637286475456,high
full,board_momentum_mean_lag1,-0.14400790632553206,-50.57445163250769,0.0,0.0004970178926441351,-0.0042790637286475456,high
full,seal_intensity_ma5,-0.1441628058130228,-0.919540370059598,0.2777777777777778,0.0044731610337972166,-0.027048867518641127,high
full,is_dt_lag5,-0.164423948800521,-2.7581732318683754,0.0,0.0009940357852882703,-0.026083852450716847,high
full,is_dt_lag20,-0.1680932592256112,0.0,0.0,0.00024850894632206757,-0.024037750594106407,high
full,cb_0_lag5,-0.1706544163053891,-1.632375849720616,0.0,0.0004970178926441351,0.0017870170035204026,high
full,board_count_lag5,-0.17402168514800856,-2.466042135259728,0.0,0.0004970178926441351,0.004196238382622353,high
full,avg_concept_heat_lag5,-0.17402168514800856,-2.466042135259728,0.0,0.0004970178926441351,0.004196238382622353,high
full,board_overlap_score_lag5,-0.17402168514800856,-2.466042135259728,0.0,0.0004970178926441351,0.004196238382622353,high
full,has_hot_board_lag5,-0.17402168514800856,-2.466042135259728,0.0,0.0004970178926441351,0.004196238382622353,high
full,is_dt_lag2,-0.20668334934809054,-5.118661603989336,0.0,0.0007455268389662028,-0.033189712771532744,high
full,bt_days_since_accel,,,,0.0,0.02118920060355471,high
full,market_state_weak_ma10_lag5,0.019838915619567646,0.1210584034283252,0.5433070866141733,0.031560636182902585,-0.009540672226343578,medium
full,cpi_yoy_lag5,0.019835264534461914,0.13230452375469515,0.5649038461538461,0.10337972166998012,-0.008270293763115343,medium
full,concept_zt_count,0.019785898233890147,0.1391542393748041,0.6923076923076923,0.0032306163021868788,-0.002010064992659544,medium
full,market_state_weak_z20_lag1,0.01959887830880968,0.13592377314540724,0.5357142857142857,0.03479125248508946,0.004762003014022148,medium
full,market_state_weak_z20,0.019526009944199216,0.13162116246534517,0.5547445255474452,0.03404572564612326,0.002339851535027857,medium
full,profit_yoy_lag2,0.01947521876468566,0.1396769222218198,0.5494736842105263,0.2360834990059642,0.0013951196422799083,medium
full,market_state_weak_ma5_lag5,0.019280717688159338,0.11497520068269826,0.5128205128205128,0.02907554671968191,-0.00819998480900618,medium
full,cpi_yoy_ma5,0.019228009681002786,0.1294296500654297,0.5661764705882353,0.10139165009940358,-0.005760726523865272,medium
full,market_state_weak_ma10_lag2,0.019167340594555046,0.1150592970721978,0.5039370078740157,0.031560636182902585,-0.0091686813590048,medium
full,market_state_weak_ma20_lag1,0.018645648031969993,0.11804080087661584,0.5067567567567568,0.036779324055666,-0.009876055447630566,medium
full,profit_yoy_lag3,0.018424760062040246,0.13076469219366044,0.5466666666666666,0.2422962226640159,0.00201522137008282,medium
full,market_state_weak_ma20_lag5,0.018146658573872026,0.11319158612451966,0.5163398692810458,0.03802186878727634,-0.008652196498232526,medium
full,market_state_weak_std20_lag3,0.0179683604065366,0.12892928236048812,0.5103448275862069,0.0360337972166998,0.0049877979272306,medium
full,board_momentum_max_ma5_lag2,0.017895385031990046,0.19415838358093912,0.8333333333333334,0.0014910536779324055,-0.005240954381259327,medium
full,board_momentum_mean_ma5_lag2,0.017895385031990046,0.19415838358093912,0.8333333333333334,0.0014910536779324055,-0.005240954381259327,medium
full,comment_score_accel,0.01759007079463828,0.09219109770453246,0.5849056603773585,0.013170974155069582,-0.010902360364041474,medium
full,board_momentum_max_accel_lag2,0.017417099313361616,0.2653589232571118,0.75,0.0019880715705765406,-0.003838114716178756,medium
full,board_momentum_mean_accel_lag2,0.017417099313361616,0.2653589232571118,0.75,0.0019880715705765406,-0.003838114716178756,medium
full,cpi_yoy_lag2,0.01737988920142128,0.11161817392847757,0.5517241379310345,0.05765407554671968,-0.005574655286280605,medium
full,market_state_weak_ma10_lag1,0.017081285762964075,0.10060756006765362,0.5118110236220472,0.031560636182902585,-0.009295187511291419,medium
full,net_margin_lag1,0.01694919128314903,0.11696984346441328,0.5338345864661654,0.23136182902584493,-0.010447281664583504,medium
full,roe_lag5,0.016849376966360897,0.10434623458710728,0.5330049261083744,0.2522365805168986,-8.786077374925757e-05,medium
full,bond_us_2y_lag5,0.016777298686505734,0.11115391021022376,0.5411899313501144,0.21719681908548708,-0.01701528317574954,medium
full,concept_zt_ratio,0.016504453721079813,0.11615730892870474,0.6923076923076923,0.0032306163021868788,-0.002010064992659544,medium
full,unlock_return_30d_ma10,0.016484763499419148,0.12257236147453135,0.581081081081081,0.018389662027833,-0.00361415089406876,medium
full,market_state_normal_ma20,0.016406475830993965,0.19092994805228894,0.5384615384615384,0.0032306163021868788,0.0009673417218242855,medium
full,market_state_normal_std20,0.016406475830993965,0.19092994805228894,0.5384615384615384,0.0032306163021868788,0.0009677711163528166,medium
full,revenue_yoy,0.015851956662792162,0.12059036665822899,0.5377875136911281,0.2268886679920477,-0.005452857881034885,medium
full,earnings_quality,0.015728333460643496,0.12460857607348033,0.5432639649507119,0.2268886679920477,0.006836547500511587,medium
full,eps_lag5,0.015710363395390274,0.09131918424954402,0.5363457760314342,0.2529821073558648,1.8183330632505924e-05,medium
full,market_state_weak_lag10,0.01565902982106077,0.09464976124956535,0.5,0.027335984095427434,-0.009991140657333942,medium
full,imin_20d,0.0156351321085683,0.09570197996044057,0.5385188866799204,1.0,0.006578541647037303,medium
full,dual_concentration_signal,0.015623117943898002,0.11423809073411519,0.5422845691382766,0.6200298210735586,0.014914889490201278,medium
full,cpi_yoy_lag3,0.015576800554081066,0.10118617444731982,0.543918918918919,0.073558648111332,-0.007162802164667201,medium
full,net_margin_lag2,0.0154638541248232,0.10450457289794853,0.531578947368421,0.2360834990059642,-0.009342809835555303,medium
full,unlock_return_30d_accel,0.015439760130735777,0.11446596358431771,0.5263157894736842,0.028330019880715707,0.009206225879262437,medium
full,revenue_yoy_lag1,0.015189272970009255,0.11451337285564846,0.5359828141783028,0.23136182902584493,-0.0054080919888916095,medium
full,vstd_10d,0.015178633152180444,0.1024495535563227,0.5459741550695825,1.0,0.007072980978151419,medium
full,market_state_weak_accel_lag10,0.015110975924206828,0.11171813650500517,0.5460526315789473,0.03777335984095427,0.0028899544024603074,medium
full,market_state_weak_ma5_lag10,0.01508981681352995,0.09290116017145233,0.5338983050847458,0.029324055666003976,-0.010728345572905428,medium
full,roa_lag5,0.015028132723928991,0.09831014436234019,0.5442043222003929,0.2529821073558648,0.0008624526535852762,medium
full,volume_shrink,0.014584480226348595,0.09899577025255936,0.54165630440189,0.9992544731610338,0.010149605356209212,medium
full,market_state_weak_z20_lag10,0.01439020079592637,0.1077588471459933,0.5592105263157895,0.03777335984095427,0.002886384837714249,medium
full,HN_z,0.014345003008647658,0.09649507257228886,0.5331278890600925,0.6451292246520874,0.009684426294436138,medium
full,dual_concentration_signal_ma5,0.014084704004028274,0.10174267354184895,0.5473441108545035,0.6456262425447317,0.013698198697128933,medium
full,cpi_yoy_ma10,0.014081324506096489,0.0980134808474056,0.5402455661664393,0.18215705765407555,-0.007768429615394002,medium
full,growth_quality,0.013956275721091005,0.10459855528229427,0.5388828039430449,0.2268886679920477,-0.006153937470980887,medium
full,market_state_weak_ma10_lag10,0.013852034776915994,0.08880928211677679,0.4852941176470588,0.033797216699801194,-0.01026587762992332,medium
full,net_margin_lag3,0.013831724261719892,0.09331535835602435,0.522051282051282,0.2422962226640159,-0.007966043032486242,medium
full,HN_z_ma5,0.013742701689544435,0.09215266805411501,0.5335354300871542,0.6558151093439364,0.009153824646049412,medium
full,bond_us_2y_lag2,0.013728394741087134,0.08902107875406182,0.5393258426966292,0.1327037773359841,-0.01736207651375742,medium
full,earnings_quality_lag1,0.013682024858633665,0.10709183402848148,0.5359828141783028,0.23136182902584493,0.006734286201173036,medium
full,market_state_weak_ma20,0.013526832742445805,0.0851445429669333,0.4931506849315068,0.03628230616302187,-0.009492368021507356,medium
full,menv_us_cn_10y_spread,0.013526695128816022,0.08043365432280347,0.5555555555555556,0.05591451292246521,0.0004798559739634196,medium
full,news_sent_bear_vol_lag3,0.013505446089665566,0.10828328461979297,0.5555555555555556,0.04025844930417495,0.0015185078075713363,medium
full,shibor_2W_lag1,0.013493393194959355,0.08499617627091993,0.5373134328358209,0.06660039761431412,-0.010922661602472596,medium
full,fx_eur_cny_lag1,0.013424894705203153,0.08362493676640465,0.533816425120773,0.10288270377733598,-0.01665259790680591,medium
full,news_sent_streak_lag5,0.013411195260978065,0.11040790399424176,0.5408163265306123,0.024353876739562623,-0.0020504086671449206,medium
full,HN_z_ma10,0.013367405593622615,0.08988456352198071,0.5289071242073853,0.6662524850894632,0.00892890463210512,medium
full,dual_concentration_signal_ma10,0.013275060503288888,0.09582073396589211,0.5420105026256564,0.6625248508946322,0.01266426979750293,medium
full,unlock_return_30d_ma20,0.013107525463812157,0.0969981281975404,0.5701754385964912,0.028330019880715707,0.0026791432140675932,medium
full,unlock_return_30d_std20,0.013107525463812157,0.0969981281975404,0.5701754385964912,0.028330019880715707,0.00303013066218124,medium
full,deep_value,0.012979260757677304,0.104112401075863,0.5342056074766355,0.6647614314115308,0.011809000920371385,medium
full,market_state_weak_accel_lag2,0.012975674225772255,0.08990507450975035,0.5244755244755245,0.03553677932405567,0.009706688017212702,medium
full,retail_panic_lag2,0.012730494363022964,0.11095121556321948,0.5620915032679739,0.03802186878727634,0.0038502599283555617,medium
full,market_state_weak_ma10,0.012708090214085685,0.07394073847826986,0.5039370078740157,0.031560636182902585,-0.008635684646391858,medium
full,revenue_yoy_lag2,0.012699460418215907,0.09662867390956072,0.5294736842105263,0.2360834990059642,-0.005778309574910176,medium
full,revenue_yoy_lag3,0.012641349620384691,0.09475902678143198,0.5333333333333333,0.2422962226640159,-0.005536876731001723,medium
full,HN_z_ma20,0.012585775288066155,0.08489396879582399,0.5279796511627907,0.68389662027833,0.009310286794644147,medium
full,growth_quality_lag1,0.012562115282885849,0.09336661344987317,0.5359828141783028,0.23136182902584493,-0.006219169935940597,medium
full,earnings_quality_lag2,0.012312362002211176,0.09579376167758175,0.5357894736842105,0.2360834990059642,0.006392134762225654,medium
full,imin_30d,0.012222824473342948,0.07416664498634952,0.5196322067594433,1.0,0.011982787801207337,medium
full,profit_yoy_lag5,0.012217498133805835,0.08655791930656914,0.5304518664047151,0.2529821073558648,0.00278798367559274,medium
full,dual_concentration_signal_ma20,0.012189744521419904,0.08797373345021882,0.5336225596529284,0.687375745526839,0.011364168269623724,medium
full,comment_score,0.012181811794021348,0.06753037662261178,0.5625,0.011928429423459244,-0.007556295955326385,medium
full,news_net_bullish_lag5,0.012045588703657961,0.10201984054985679,0.5328467153284672,0.06809145129224652,0.0012227397214547625,medium
full,cpi_yoy_lag10,0.011920597378796026,0.08184230097201398,0.5187601957585645,0.15233598409542742,-0.010313510833850592,medium
full,bond_us_2y_ma5,0.011848849988383746,0.07818160688844816,0.5256570713391739,0.198558648111332,-0.017284409892351,medium
full,north_net_buy_lag5,0.011828966146575371,0.08412770537978033,0.5326778484673221,0.42967196819085485,0.00888490631503588,medium
full,market_state_weak_std20_lag10,0.011807094690943726,0.08676814863268889,0.5328947368421053,0.03777335984095427,0.01374757493215451,medium
full,comment_score_lag3,0.011526271773220768,0.05715710205940326,0.5833333333333334,0.011928429423459244,-0.006351517708245225,medium
full,north_hold_pct_lag10,0.011459750192140261,0.0695282511479501,0.5340253748558247,0.4309145129224652,-0.015258911182588583,medium
full,cntn_60d,0.01139610417102562,0.07134757432924711,0.5298210735586482,1.0,0.006030197962991992,medium
full,market_turnover_z_lag1,0.011304904535678267,0.0701279040930648,0.5351473922902494,0.1095924453280318,-0.0015226638442252956,medium
full,menv_us_cn_10y_spread_lag2,0.01129698142128183,0.07244856170084808,0.5221238938053098,0.1404075546719682,0.00024860126678821786,medium
full,north_net_buy_ma20,0.011169758822378216,0.08201358689981643,0.5356359649122807,0.4532803180914513,0.005111902949338976,medium
full,north_hold_pct_lag3,0.01115491915444511,0.06765718362736012,0.5385507246376812,0.4286779324055666,-0.01804716163476907,medium
full,ind_return_std_z20,0.011079653647816321,0.08200378005704267,0.5291828793774319,0.4470675944333996,0.004316704725790941,medium
full,market_state_weak_z20_lag2,0.011073347361932906,0.07701269433431265,0.4965034965034965,0.03553677932405567,0.009527741917136057,medium
full,deep_value_lag2,0.011003572234394198,0.09006900203296642,0.5402169846614291,0.6642644135188867,0.011741569218276928,medium
full,news_pos_momentum_lag2,0.01091250264412682,0.09122717793810614,0.5595959595959596,0.12301192842942346,0.00795201474277465,medium
full,news_sent_volume_lag5,0.010770267583442949,0.09178210860796088,0.532608695652174,0.06858846918489066,0.0008379004754425719,medium
full,deep_value_lag3,0.010766708547161772,0.08734700984980479,0.5348053892215568,0.6640159045725647,0.011409544565039148,medium
full,avg_shares_accel,0.010630683622629483,0.07767866176788087,0.5248547449967721,0.3849403578528827,0.0027804395089233015,medium
full,deep_value_lag1,0.010630047866764726,0.08626977093142425,0.5314136125654451,0.6645129224652088,0.01117163811555181,medium
full,earnings_quality_lag3,0.010538858451486737,0.08087209230140206,0.5251282051282051,0.2422962226640159,0.006355520422592612,medium
full,m2_yoy_accel,0.010458411023500496,0.07470947672081342,0.5188897455666923,0.32231610337972166,0.0022232296630118596,medium
full,sentiment_mean_lag5,0.0104551840451631,0.08924446161037256,0.5253623188405797,0.06858846918489066,0.000835376189499596,medium
full,news_sent_streak_lag10,0.010451722569571381,0.09399282872727445,0.5714285714285714,0.024353876739562623,-0.0031809663250984017,medium
full,investor_new_z_z20,0.010423091376610164,0.07911030013878599,0.524022346368715,0.2224155069582505,-0.00736212360680087,medium
full,market_state_normal_ma20_lag1,0.01033874004401354,0.1081815308122782,0.5384615384615384,0.0032306163021868788,0.002010165571133443,medium
full,market_state_normal_std20_lag1,0.01033874004401354,0.1081815308122782,0.5384615384615384,0.0032306163021868788,0.0020091773027857743,medium
full,comment_score_ma5,0.010219867581531261,0.05083191483904949,0.5283018867924528,0.013170974155069582,-0.005375113913443669,medium
full,growth_quality_lag2,0.01009388213453384,0.07613879175718036,0.5347368421052632,0.2360834990059642,-0.006542713886708182,medium
full,bond_us_2y_ma10,0.009981328932894235,0.0694266742166522,0.5341463414634147,0.30566600397614313,-0.01702662659224788,medium
full,bond_us_2y_lag3,0.009948725131665071,0.06391047193845209,0.512937595129376,0.1632703777335984,-0.017081764183750705,medium
full,market_state_normal_accel,0.009890836572963873,0.08420379895763039,0.5384615384615384,0.0032306163021868788,-0.010067367859898318,medium
full,north_hold_pct,0.009686312907600993,0.058714400582513704,0.537122969837587,0.4284294234592445,-0.017035637175560062,medium
full,north_hold_pct_lag1,0.009649865116270062,0.05864104717959986,0.5339130434782609,0.4286779324055666,-0.01678140011008476,medium
full,bond_us_10y_lag2,0.009486510394182862,0.06052189663509846,0.5148148148148148,0.1341948310139165,-0.01719761544215376,medium
full,north_hold_pct_ma10,0.009343960417051973,0.05623961304450579,0.5327823691460055,0.4510437375745527,-0.01986738250221672,medium
full,m1_yoy_accel,0.009289718674305576,0.0661451299934259,0.5417933130699089,0.32703777335984097,0.017240235838767822,medium
full,bond_us_5y_ma20,0.009236297437868506,0.06823647574615802,0.5344626168224299,0.4254473161033797,-0.017905562468753217,medium
full,shibor_1W_lag1,0.009186750149041559,0.05783311121256034,0.5335820895522388,0.06660039761431412,-0.01125462927533487,medium
full,cross_source_agreement_lag2,0.009007436266875954,0.07014814882699417,0.5284348263714141,0.4937872763419483,0.010496182359241732,medium
full,gdp_cn_yoy_z20,0.00900297141621442,0.06570363576522693,0.5225409836065574,0.12127236580516898,0.010665757058978865,medium
full,ind_return_skew_ma20,0.008877707357902595,0.06476995995013869,0.515,0.44731610337972166,-0.010134777652902166,medium
full,market_state_weak_accel_lag3,0.008677731636073414,0.06085376142179272,0.5103448275862069,0.0360337972166998,0.011771066404591673,medium
full,fx_eur_cny_lag5,0.008527325452615279,0.057238200294657045,0.5260915867944622,0.23334990059642147,-0.017412950396946066,medium
full,north_hold_pct_lag5,0.008495524474413417,0.0513205535312263,0.53125,0.4294234592445328,-0.015414415546740721,medium
full,imin_60d,0.008364374993719243,0.05174246492492664,0.5161530815109344,1.0,0.017335780868780168,medium
full,bond_us_10y_ma20,0.008043965616168752,0.060876900015953715,0.5316676350958744,0.42768389662027834,-0.01699008302245255,medium
full,bond_us_5y_lag2,0.007899442032486503,0.05055576913426983,0.503690036900369,0.13469184890656064,-0.018113774171313456,medium
full,menv_m1_m2_spread_accel,0.007825981419116335,0.05589700638945492,0.5430067314884068,0.3322564612326044,0.017724756760557535,medium
full,m1_yoy_z20,0.0077038429735904355,0.05495840642217992,0.5351473922902494,0.3287773359840954,0.017573641495362273,medium
full,cross_source_agreement_lag3,0.007286479127075712,0.05785485202984598,0.5090634441087614,0.49353876739562624,0.010446421983355814,medium
full,north_hold_pct_lag20,0.007112678664342914,0.04281830000565627,0.5264367816091954,0.43240556660039764,-0.01848714968706572,medium
full,shibor_9M_lag1,0.007063547663870051,0.04419100405761545,0.5176470588235295,0.06336978131212724,-0.012141467483172677,medium
full,menv_m1_m2_spread_accel_lag1,0.006872389142362487,0.04886848072545838,0.5352727272727272,0.34169980119284293,0.01743073986343755,medium
full,cross_source_agreement_lag1,0.006813176754496047,0.05377814430714085,0.5150905432595574,0.49403578528827036,0.011013513415413978,medium
full,bond_us_2y_ma20,0.006762507652951238,0.04972618652567769,0.5293083235638921,0.4239562624254473,-0.016960963801589696,medium
full,shibor_2W_lag2,0.006699410585988265,0.04280077407271356,0.5013262599469496,0.09368787276341949,-0.01075645530784533,medium
full,market_state_weak_lag20,0.006621107277240298,0.044868414106632525,0.48333333333333334,0.02982107355864811,-0.010799549851168471,medium
full,bond_us_2y_lag10,0.006594220263573965,0.045860843308642624,0.5187296416938111,0.305168986083499,-0.017476376520401286,medium
full,cross_source_agreement_lag10,0.006167982941222181,0.04889471542730886,0.5252525252525253,0.49204771371769385,0.010612087613861827,medium
full,fx_eur_cny_ma20,0.00580569068967018,0.04362005162449428,0.5112521638776688,0.43066600397614313,-0.017065663914084334,medium
full,shibor_2W,0.005458407434022677,0.03322461240597973,0.5174825174825175,0.03553677932405567,-0.011690685751199947,medium
full,menv_regime_z_ma10_lag5,0.005429527019497534,0.04248541836155086,0.5013666536509176,0.6364314115308151,0.01300263273031942,medium
full,menv_m1_m2_spread_accel_lag2,0.005424521495202906,0.03951874923319175,0.5265768958185684,0.35064612326043737,0.01484763682120542,medium
full,fx_eur_cny_lag10,0.00541424382470591,0.03911059284283177,0.5102195306585919,0.3282803180914513,-0.018470435059299965,medium
full,gross_margin_lag1,0.00535112442282125,0.04086657417304236,0.5112781954887218,0.23136182902584493,-0.01654307988703867,medium
full,investor_new_num_z20,0.005307291343313219,0.039252113133670635,0.5078247261345853,0.31759443339960236,-0.016622361655004303,medium
full,margin_stability,0.0052841436946658325,0.0414885169332569,0.5097514340344168,0.6498508946322068,0.01067464852565799,medium
full,gross_margin,0.005272010557609755,0.039782352371775534,0.5147864184008762,0.2268886679920477,-0.017224770202550498,medium
full,bond_us_5y_ma5,0.005203718461289578,0.03467781922775167,0.5056179775280899,0.19905566600397614,-0.01802685600115573,medium
full,menv_m1_m2_spread_accel_lag3,0.005101527355710054,0.03734533214605519,0.5197231833910034,0.3590954274353877,0.01424447810678527,medium
full,ind_return_std_accel,0.004979230922781552,0.036241600691726994,0.5111111111111111,0.44731610337972166,0.01244105252927538,medium
full,up_count_accel,0.004925406361503961,0.030234753627544606,0.5236570615439345,0.6985586481113321,-0.011693165777703993,medium
full,menv_regime_z_ma20_lag1,0.004877513593221111,0.03761430547064567,0.5115473441108545,0.6456262425447317,0.012137125053142402,medium
full,fx_eur_cny_ma10,0.004851316234898914,0.03446862074479238,0.5051464766429137,0.3138667992047714,-0.017321216810793422,medium
full,mkt_cap_total_z_z20,0.004841984179597862,0.03646043581991677,0.5162011173184358,0.2224155069582505,-0.011464517329965078,medium
full,ind_matched_return_lag3,0.004794434422209463,0.018450914191883275,0.4992867332382311,0.5226143141153081,-0.014644495074033153,medium
full,shibor_O_N_accel,0.004787975433577466,0.035537743689890225,0.507278020378457,0.3414512922465209,-0.016674312099293525,medium
full,bond_cn_5y_z20,0.004768579458567353,0.03458936976114316,0.5144009216589862,0.43141153081510936,-0.01528282391247609,medium
full,f_score,0.004749513353110904,0.03714236697380187,0.5045099218280217,0.4132703777335984,-0.010171689294412714,medium
full,dv_last_direction_ma5,0.004677799138126128,0.03675016351091212,0.51441351888668,1.0,-0.010569145717113584,medium
full,gdp_cn_yoy_accel,0.004674328452930631,0.034269419017636873,0.5061475409836066,0.12127236580516898,0.010839046235944543,medium
full,dv_last_direction_ma10,0.004658865501005969,0.036579152791859866,0.514662027833002,1.0,-0.011218413975092784,medium
full,dv_last_direction,0.004647295266570386,0.03651977207749604,0.5147899577429779,0.9997514910536779,-0.013165769234469646,medium
full,menv_m1_m2_spread_z20_lag3,0.004585277094457803,0.03271147704488703,0.5241379310344828,0.36033797216699803,0.01722473553906286,medium
full,dv_last_direction_ma20,0.004555192265788854,0.03567722606262952,0.5136679920477137,1.0,-0.010813029661824132,medium
full,menv_m1_m2_spread_accel_lag10,0.004485973418713362,0.03295931283298681,0.514320536258379,0.4078031809145129,0.018351000931425228,medium
full,menv_regime_z_accel_lag3,0.004429145111077368,0.03424201231552965,0.5222222222222223,0.6486083499005965,0.010112544637130357,medium
full,bond_us_5y_lag5,0.004325703401336776,0.028875857069828415,0.5044642857142857,0.22266401590457258,-0.017873644314162867,medium
full,menv_regime_z_ma20,0.004308220523710675,0.03316851793464455,0.5073302469135802,0.6441351888667992,0.012029811190079422,medium
full,gross_margin_lag3,0.004290188345338475,0.0320461991206984,0.5097435897435898,0.2422962226640159,-0.011746105583602595,medium
full,bond_us_5y_ma10,0.004232022116902636,0.030179118042972054,0.519774011299435,0.30790258449304175,-0.01783458620433894,medium
full,gross_margin_lag2,0.004231433077740591,0.03183855146828375,0.511578947368421,0.2360834990059642,-0.014356382578148918,medium
full,shibor_1Y_lag1,0.004193956052743617,0.026090166990411782,0.5158730158730159,0.06262425447316103,-0.011526867382866573,medium
full,bond_us_30y_ma20,0.00417649882548215,0.031393653867690746,0.5209059233449478,0.4279324055666004,-0.015403444950423206,medium
full,fx_usd_cny_lag5,0.004149647602443016,0.027913476973030406,0.5149253731343284,0.2331013916500994,-0.011058255793193517,medium
full,menv_cpi_z_z20_lag10,0.004141251449577695,0.0324126582271581,0.5234761120263591,0.6033797216699801,0.01610476264327263,medium
full,shibor_1W_lag2,0.004137011708648702,0.026304462232029893,0.5105820105820106,0.09393638170974156,-0.011499037011629729,medium
full,menv_regime_z_accel_lag5,0.0041312079472939165,0.032093656699204776,0.5181366933944254,0.650844930417495,0.011760212373493,medium
full,shibor_6M_lag3,0.0038822705998705362,0.025721729602930156,0.5142857142857142,0.11307157057654076,-0.013223552585568593,medium
full,ind_dispersion_20d_lag20,0.0038429591056771593,0.028089039234069448,0.5140961857379768,0.4495526838966203,-0.01075897626741905,medium
full,ind_return_skew_ma5,0.0038331262961480705,0.02540090054946383,0.5051428571428571,0.21744532803180913,-0.015505732098164703,medium
full,fx_usd_cny_lag1,0.0037136667589642,0.022620991533178727,0.5072463768115942,0.10288270377733598,-0.010807292172853703,medium
full,profitability_stability,0.003710036266243137,0.02998337215685002,0.511070780399274,0.6846421471172962,0.012955238370938843,medium
full,market_turnover_z_ma10,0.003673740635186118,0.026120581555665823,0.5082706766917293,0.3305168986083499,0.013455019000225475,medium
full,bond_us_10y_lag5,0.003572341661108038,0.023998281583958694,0.5055555555555555,0.22365805168986083,-0.01662604704415464,medium
full,menv_m1_m2_spread_std20_lag10,0.003492805689845327,0.026166543585572456,0.5147579693034239,0.4209741550695825,-0.010343476507367893,medium
full,menv_m1_m2_spread_z20_lag2,0.0034486832435987845,0.024798215127788348,0.5194071983062809,0.35213717693836977,0.01601377111446739,medium
full,margin_stability_lag3,0.003408713329881712,0.02705713049360097,0.5021016431027895,0.6503479125248509,0.015507752227482047,medium
full,fx_hkd_cny_lag10,0.003375675729011876,0.023593602070193877,0.5068181818181818,0.32803180914512925,-0.01180868878868378,medium
full,menv_fx_usd_cny_z_std20_lag20,0.003298891414317815,0.026161762417755603,0.5209039548022599,0.6597912524850894,-0.01738502049912209,medium
full,profitability_stability_lag3,0.003291531951072924,0.026431408580330745,0.5109011627906976,0.68389662027833,0.015616661333002902,medium
full,ind_pct_up_std20,0.003276011705519171,0.024268038808584646,0.5111358574610245,0.4463220675944334,0.010393751590265224,medium
full,shibor_6M_lag1,0.0032730486152999123,0.020611409941854283,0.5058365758754864,0.06386679920477137,-0.013221932087064231,medium
full,flow_intensity_lag10,0.003244061236763325,0.025085723317466446,0.505907626208378,0.6940854870775348,-0.010690742004972727,medium
full,menv_regime_z_ma10_lag2,0.003240233399274813,0.025151105002235583,0.5037357451828549,0.6319582504970179,0.014097750126859493,medium
full,menv_regime_z_lag1,0.0031551186128673035,0.02437358584634446,0.5054766734279919,0.6125745526838966,0.011055135937054636,medium
full,profitability_stability_lag1,0.0031521482774810976,0.025448790545585496,0.5105301379811183,0.6843936381709742,0.013889098623015675,medium
full,fx_usd_cny,0.0031270221805591364,0.018392677073170494,0.4823008849557522,0.05616302186878728,-0.011079307696061089,medium
full,menv_bond_10y2y_spread_z20_lag2,0.0030876471662774447,0.023033427577931937,0.5025097601784718,0.4455765407554672,-0.010002395945887869,medium
full,margin_stability_lag1,0.0030153951865530514,0.02375478037104132,0.5042048929663608,0.6500994035785288,0.012113797787440508,medium
full,profitability_stability_lag2,0.002994731680796396,0.024090950184807607,0.5092626225935343,0.6841451292246521,0.014388899230478619,medium
full,menv_regime_z_ma10_lag3,0.0029146169379331054,0.022783677608536355,0.5019607843137255,0.6336978131212724,0.015703806716067324,medium
full,roa_lag20,0.00291361863056153,0.02028936380955781,0.5089430894308943,0.30566600397614313,0.012046716574292748,medium
full,menv_cpi_z_accel_lag10,0.0028939750930497307,0.023094779352887475,0.5045304777594728,0.6033797216699801,0.017396588355752047,medium
full,menv_regime_z_ma5_lag3,0.002892525813228243,0.022368358797921453,0.5073558648111332,0.625,0.014532993834568525,medium
full,debt_ratio,0.0028450094709172465,0.021615772747088795,0.5136911281489595,0.2268886679920477,-0.01805973310227524,medium
full,margin_stability_lag2,0.00283371338647255,0.022387552291372924,0.5032479938861292,0.6503479125248509,0.013600137312416733,medium
full,momentum_5d_accel_lag10,0.0028205061639952384,0.01813352300053898,0.49910618519842687,0.695079522862823,0.010126916275041923,medium
full,menv_regime_z_ma5_lag5,0.002793530692469117,0.021538114093653114,0.5011867088607594,0.6282306163021869,0.012996874427097242,medium
full,menv_regime_z_lag5,0.0027774430149663893,0.021617116670397275,0.5024,0.621272365805169,0.013460510889212065,medium
full,shibor_3M_z20,0.002755666302623154,0.020614282624531577,0.5070224719101124,0.3538767395626243,0.010763545427180193,medium
full,fx_hkd_cny_ma5,0.0027285649077808507,0.01817226014851733,0.5036057692307693,0.20675944333996024,-0.010657305700837361,medium
full,is_limit_down,0.002711970735691218,0.0162430208061392,0.502210433244916,0.28106361829025844,-0.01673917867466378,medium
full,ind_return_max_lag10,0.0026547305651105028,0.019195436383541417,0.5046999276934201,0.3436878727634195,-0.012187286952077535,medium
full,menv_us_cn_10y_spread_std20_lag10,0.0026338617885744145,0.019813611192626975,0.5194739504299444,0.4913021868787276,-0.017519638038567237,medium
full,shibor_1M_lag1,0.0026331881162173438,0.01677647795163781,0.5229007633587787,0.06510934393638171,-0.012674145542923537,medium
full,fx_hkd_cny_lag3,0.0024922518133473816,0.016464063538214356,0.5056657223796034,0.1754473161033797,-0.010948200023379692,medium
full,menv_regime_z_ma10_lag1,0.0024867435272511204,0.01948789198517157,0.5074921135646687,0.6302186878727635,0.013991921188274076,medium
full,fx_usd_cny_ma5,0.002478116881200586,0.016371664761678773,0.5030084235860409,0.20651093439363818,-0.011032263505692438,medium
full,menv_regime_z_ma5_lag2,0.0024733457582282,0.0191426444481778,0.5027910685805422,0.6232604373757455,0.013259322814464533,medium
full,debt_ratio_lag1,0.0024690455893131248,0.018770185953388304,0.5080558539205156,0.23136182902584493,-0.017187095935417424,medium
full,bond_us_10y_ma10,0.002466487805423253,0.017709618062608363,0.5188452285485164,0.30989065606361826,-0.01696678842262328,medium
full,fx_usd_cny_lag10,0.002463036588566019,0.017337171447305354,0.5037878787878788,0.32803180914512925,-0.012212535323455625,medium
full,fx_eur_cny_lag2,0.0024553796790986343,0.015892272576076533,0.5131810193321616,0.14140159045725645,-0.017640003417360457,medium
full,f_score_lag10,0.002438801967789945,0.018838186167872292,0.5257913247362251,0.4239562624254473,0.011697903553872893,medium
full,menv_regime_z_lag2,0.002437465613381389,0.01880607563130716,0.5058585858585859,0.6150596421471173,0.015559207856222033,medium
full,shibor_9M,0.0024199420602342954,0.014666004484434185,0.5362318840579711,0.03429423459244533,-0.011889918370184221,medium
full,momentum_5d_accel_lag1,0.002411613810456093,0.015182307307356164,0.5185317177476836,0.6973161033797217,-0.012707165387650115,medium
full,momentum_60d_accel_lag20,0.002409077354331349,0.015431082030846775,0.49873964710118834,0.6901093439363817,-0.010093963762971617,medium
full,shibor_2W_accel,0.0023837572201260517,0.017602311560230937,0.5054545454545455,0.34169980119284293,0.011752976431309927,medium
full,menv_bond_10y2y_spread_z20_lag1,0.002368547621206013,0.017566710164545047,0.4940509915014164,0.4386182902584493,-0.015990912772822993,medium
full,menv_regime_z_ma10,0.0023646814244062805,0.018407715138329214,0.5045472518782127,0.6284791252485089,0.013169043652173362,medium
full,f_score_lag20,0.002320715828464308,0.01868500130746744,0.5118840579710144,0.4286779324055666,0.013936431606731631,medium
full,shibor_1M_z20,0.0022976060312921414,0.017481592180180534,0.4982505248425472,0.3551192842942346,0.011042994466343239,medium
full,bond_us_30y_lag10,0.0022693083819817148,0.015763955108170136,0.5074509803921569,0.3168489065606362,-0.015013376779435646,medium
full,bond_us_5y_lag3,0.0022553318351928504,0.014623429297810655,0.4985207100591716,0.1679920477137177,-0.01795566044164898,medium
full,bond_us_2y,0.002081786491313876,0.011903608852811037,0.5117370892018779,0.0529324055666004,-0.017908900178363822,medium
full,bond_cn_5y_lag5,0.002065505598413061,0.013868190388037785,0.4957356076759062,0.2331013916500994,-0.016263508068770277,medium
full,menv_regime_z_ma20_lag2,0.0020601871011996183,0.015912294720341544,0.4980798771121352,0.647117296222664,0.012262822844991961,medium
full,fx_jpy_cny_lag20,0.0020525295261521826,0.01525515736906024,0.5120137299771167,0.43439363817097415,-0.013907518161211274,medium
full,n_stocks_ma5,0.002040294651769234,0.011934261465570457,0.504446816079687,0.6985586481113321,-0.016665945871362445,medium
full,menv_regime_z_ma5,0.0020359940546134203,0.01577683800264134,0.5090252707581228,0.6195328031809145,0.010741672718085873,medium
full,shibor_1M_accel,0.0020275327393798797,0.015019591541862063,0.5167638483965015,0.34095427435387676,0.016280107227373667,medium
full,n_stocks_ma10,0.001943176606828238,0.011376907787502588,0.5058697972251868,0.6985586481113321,-0.016340732183292364,medium
full,n_stocks_ma20,0.0019299560166754297,0.011294269079461166,0.5065812877979367,0.6985586481113321,-0.016148412185262796,medium
full,sector_rrg_y_std20_lag10,0.0019099034268809734,0.013123385610652889,0.502373128879153,0.6806660039761432,-0.012912524710614616,medium
full,bond_us_30y_ma5,0.0018491010218479155,0.012356673397298124,0.499383477188656,0.20154075546719682,-0.014608757177352456,medium
full,menv_fx_usd_cny_z_z20_lag20,0.0018484045260851298,0.014619061025422429,0.5024482109227872,0.6597912524850894,-0.015761149139703494,medium
full,roe_lag20,0.0018381386337828908,0.012226374885570638,0.5174938974776241,0.3054174950298211,0.010057686629708521,medium
full,fx_usd_cny_ma10,0.0018134634994791822,0.01298270347216054,0.503562945368171,0.3138667992047714,-0.011271387138531371,medium
full,menv_us_cn_10y_spread_accel_lag10,0.0017593346567816852,0.013052907285962286,0.49190283400809715,0.49105367793240556,0.010111275212603722,medium
full,n_stocks,0.0017237915128935483,0.010074326670751064,0.505165657285358,0.6975646123260437,-0.01714813762560147,medium
full,momentum_5d_accel,0.0017145669072260827,0.010711408227882043,0.51193444959031,0.6975646123260437,-0.01640434496556872,medium
full,bond_us_30y_lag3,0.0016919512540413135,0.010972514285193635,0.49707602339181284,0.16998011928429424,-0.014806783061125917,medium
full,fx_jpy_cny_z20,0.0016518493442379816,0.012287036403143742,0.5011481056257175,0.43290258449304175,0.013466666681981865,medium
full,market_state_weak_ma20_lag10,0.0016457746779064764,0.010671509925074256,0.4620253164556962,0.03926441351888668,-0.010748659306613437,medium
full,short_balance_lag10,0.0016092511739369305,0.008836154695824631,0.49730649277005956,0.8764910536779325,-0.013209751848640879,medium
full,bond_cn_10y_accel,0.001596606495087189,0.011727957687000122,0.5023068050749712,0.4309145129224652,-0.019798228343305864,medium
full,bond_us_10y_lag10,0.00152320722852879,0.010524688831548957,0.5109546165884195,0.31759443339960236,-0.01693612993096694,medium
full,momentum_5d_z20_lag2,0.0015230317532432451,0.009732004428770443,0.5023172905525847,0.6970675944333996,-0.01789480405433591,medium
full,profitability_stability_lag5,0.0015229295192459335,0.01216149056519152,0.5036363636363637,0.6833996023856859,0.01599079278726031,medium
full,bond_cn_5y_lag3,0.0015118307333141304,0.010004325262995994,0.5063649222065064,0.1756958250497018,-0.016928045512696697,medium
full,bond_cn_30y_z20,0.001491563621788986,0.010770397209615402,0.4925115207373272,0.43141153081510936,-0.014679976410438505,medium
full,bond_us_30y_ma10,0.0014908104514713882,0.010710898219913475,0.5024038461538461,0.3101391650099404,-0.014962159226738913,medium
full,fx_usd_cny_accel,0.0014786653573782395,0.010887827066481216,0.5054818234275822,0.43066600397614313,0.010831472141262694,medium
full,short_balance_lag20,0.0014679293506760186,0.00809948904118977,0.49502416832527724,0.8740059642147118,-0.01150867879499186,medium
full,shibor_1W_lag10,0.0013679766414705845,0.009859135780620126,0.5041322314049587,0.24055666003976142,-0.015129535504588352,medium
full,menv_cpi_z_std20_lag20,0.0013091304018372223,0.010428962576661474,0.5,0.6133200795228628,-0.014782084784902732,medium
full,bond_us_5y,0.0012651068704690456,0.007263027090232,0.5095238095238095,0.052186878727634195,-0.018389737255942704,medium
full,menv_us_cn_10y_spread_z20_lag20,0.0012207631603624823,0.009342149132434658,0.5014005602240896,0.5323061630218688,0.014814410357149307,medium
full,roa_lag10,0.0011698820383583065,0.007593944998634163,0.5036297640653358,0.2738568588469185,0.011232866747689934,medium
full,fx_usd_cny_lag20,0.0011219460098757068,0.008292749683419122,0.5011428571428571,0.43489065606361826,-0.012324757757236553,medium
full,menv_us_cn_10y_spread_accel_lag5,0.0011111310518683941,0.008273010208264283,0.5024077046548957,0.4644632206759443,-0.013767687330018433,medium
full,bond_cn_30y_accel,0.001109316415755028,0.008192422474306774,0.4924942263279446,0.4304174950298211,-0.012103843205769889,medium
full,market_turnover_z_lag5,0.0011038992638808922,0.007458662092016865,0.49949341438703143,0.24527833001988072,0.018141139206033604,medium
full,shibor_1M_ma20,0.0010891272067581003,0.008029222476365682,0.49708879184861715,0.3414512922465209,-0.015672671545805216,medium
full,short_balance_ma20,0.0010782934648126954,0.005906715950317436,0.494204127791914,0.8789761431411531,-0.013903608199466334,medium
full,debt_ratio_lag3,0.0010759253088651155,0.008090237405952239,0.49846153846153846,0.2422962226640159,-0.01191472929999126,medium
full,sf_total_lag10,0.0010701219394700025,0.007229621129965111,0.4915514592933948,0.161779324055666,-0.0102890564608214,medium
full,shibor_2W_lag20,0.001059914458000358,0.007845372153036496,0.5021802325581395,0.341948310139165,-0.019541571526297825,medium
full,menv_cpi_z_accel_lag3,0.0010507853102441087,0.008168819825321784,0.5023002927645337,0.5941848906560636,0.012771003262236735,medium
full,shibor_2W_lag10,0.0010087169712013808,0.007244424373024928,0.49019607843137253,0.2408051689860835,-0.017060145964965634,medium
full,fx_usd_cny_lag3,0.0010053616230593523,0.006558245822590751,0.5042372881355932,0.17594433399602386,-0.01127053881108573,medium
full,down_count_ma20,0.001000054902729512,0.005994776018144937,0.5019565990750623,0.6985586481113321,-0.014409441003313652,medium
full,short_balance_lag5,0.0009964439695476688,0.00548882717517766,0.4971687429218573,0.8777335984095428,-0.013449052099577282,medium
full,menv_regime_z_ma5_lag1,0.0009709838784535636,0.007517184759024748,0.505797680927629,0.6215208747514911,0.01302068767123839,medium
full,fx_hkd_cny,0.0009105398978537543,0.005426505485680124,0.48672566371681414,0.05616302186878728,-0.010671742730447848,medium
full,down_count_ma10,0.0008964424481438775,0.005365715023775374,0.5001778726431875,0.6985586481113321,-0.012306830846105156,medium
full,debt_ratio_lag2,0.0008720226957138725,0.006581055882122789,0.5021052631578947,0.2360834990059642,-0.014760121761437293,medium
full,shibor_2W_ma5,0.0008617576608949447,0.005806747946990226,0.49214659685863876,0.14239562624254473,-0.01080480891764054,medium
full,margin_balance_lag20,0.0008598115002254753,0.004612090530543372,0.5038384987205005,0.8740059642147118,-0.013589516228716366,medium
full,margin_balance_lag5,0.0008479628528015638,0.004540952048123351,0.5042468856172141,0.8777335984095428,-0.013656704888457686,medium
full,bond_us_10y,0.0008409518045083442,0.004883442480520431,0.5119617224880383,0.051938369781312124,-0.017378543073528468,medium
full,shibor_6M_lag2,0.0008115541342828463,0.00533066601472815,0.4986149584487535,0.0897117296222664,-0.013282845782083321,medium
full,margin_balance_ma20,0.0008058627461103363,0.0043232094529124425,0.5032513429459994,0.8789761431411531,-0.013632152260169604,medium
full,momentum_5d_z20_lag1,0.0007703877063248845,0.004847749667386692,0.5003563791874555,0.6973161033797217,-0.01778769538281261,medium
full,bond_cn_5y_accel,0.000752034175782755,0.005379431626312385,0.4942329873125721,0.4309145129224652,-0.012639007315311581,medium
full,has_pledge_lag20,0.0007335339502388716,0.005256475396439929,0.496272365805169,1.0,-0.019080552257110164,medium
full,up_count_ma10,0.0007299975505186988,0.004383974817263419,0.5008893632159374,0.6985586481113321,-0.017280065126477534,medium
full,margin_balance_ma10,0.0007190515921922164,0.0038530461178778283,0.5052304212609556,0.8789761431411531,-0.013786303636179676,medium
full,menv_us_cn_10y_spread_std20_lag20,0.0007187824616826026,0.005506014977244975,0.5051353874883286,0.5323061630218688,-0.017245769518328985,medium
full,fx_hkd_cny_ma10,0.0006985725063430227,0.004988357940994605,0.504746835443038,0.31411530815109345,-0.010713674301651316,medium
full,n_stocks_accel,0.0006948879542587159,0.004330672362151789,0.4905727499110637,0.6985586481113321,-0.013823904407045428,medium
full,shibor_3M_ma20,0.0006640540886217728,0.004893570064496263,0.5069699192956714,0.33871769383697814,-0.015682354066815573,medium
full,margin_balance_lag3,0.000638478603572185,0.0034194256072372442,0.5033955857385399,0.8782306163021869,-0.013707620313811094,medium
full,has_pledge_lag3,0.0006352276289435773,0.004551405597882783,0.49652087475149104,1.0,-0.019953056603876064,medium
full,ind_return_mean_accel,0.000627299037745959,0.004578208121342222,0.4988888888888889,0.44731610337972166,-0.017516356437822476,medium
full,has_pledge_lag10,0.0006212156275516294,0.004451632657718642,0.4960238568588469,1.0,-0.019404510361201676,medium
full,has_pledge_ma20,0.0006046561771888487,0.0043325219250743814,0.4960238568588469,1.0,-0.019768286157698527,medium
full,menv_cpi_z_z20_lag1,0.0005984459627502369,0.004586293507946352,0.5014724442574674,0.5907057654075547,0.015700526991484533,medium
full,short_balance_ma10,0.0005727959637609191,0.003142292493695827,0.494204127791914,0.8789761431411531,-0.014444388946331115,medium
full,momentum_5d_accel_lag20,0.000572734468989369,0.0036973810759398087,0.4930032292787944,0.6925944333996024,-0.017486648156501916,medium
full,margin_balance_ma5,0.0005385763206415332,0.0028850500597062943,0.5043822448402601,0.8789761431411531,-0.013928511642286572,medium
full,margin_stability_lag5,0.0005228877978997364,0.004176030478329504,0.492166602980512,0.6503479125248509,0.015900111831615875,medium
full,short_balance_lag3,0.0005078936149756131,0.0028000638005755067,0.4932088285229202,0.8782306163021869,-0.013905767795411349,medium
full,market_adv_ratio_accel,0.0005065900467845831,0.0037160043962129667,0.4983277591973244,0.44582504970178927,-0.014005616635021645,medium
full,margin_balance_lag2,0.0004933527910979763,0.002642466659400946,0.5024045261669025,0.8784791252485089,-0.013931340905898544,medium
full,menv_bond_10y2y_spread_ma10_lag20,0.0004363477696059639,0.0033018206856416958,0.49720101781170484,0.4883200795228628,-0.010813523106323646,medium
full,down_count,0.0004293918141502661,0.002557735852948512,0.5001782531194295,0.6970675944333996,-0.015652103816836932,medium
full,bond_us_10y_ma5,0.00042220903783174186,0.002800278050368876,0.48954489544895446,0.20203777335984097,-0.016977296532800307,medium
full,margin_balance_lag1,0.00041971305903453247,0.0022484361057355804,0.505656108597285,0.878727634194831,-0.014122327382158463,medium
full,margin_balance_lag10,0.00041582889177973277,0.0022305264621181316,0.503544088460448,0.8764910536779325,-0.014073406240825528,medium
full,sector_rrg_quadrant_ma10_lag20,0.0003636230903902039,0.0024499132283261732,0.5001832172957127,0.6781809145129225,-0.01428260563913286,medium
full,menv_regime_z_lag3,0.0003600043826113648,0.002821359883949189,0.5006036217303823,0.617544731610338,0.012559611607026308,medium
full,margin_balance,0.00035904318264087386,0.0019226281996179402,0.5066440486287814,0.8789761431411531,-0.014468220407169254,medium
full,menv_cpi_z_accel_lag5,0.0003501402183906279,0.002751361465421302,0.4920965058236273,0.5974155069582505,0.013408500105976422,medium
full,shibor_O_N_z20,0.00034682497088740343,0.0026032318334146317,0.5007278020378457,0.3414512922465209,-0.012962792918455535,medium
full,investor_new_num_accel,0.0003247801506881598,0.002367281820383537,0.49805749805749805,0.319831013916501,-0.010914362912884773,medium
full,bond_us_2y_lag1,0.00031601325975911144,0.0019281971471645672,0.5012853470437018,0.0966699801192843,-0.01762554544604201,medium
full,shibor_9M_lag2,0.0003127222786648011,0.002018587399301925,0.49586776859504134,0.09020874751491054,-0.012139035576284676,medium
full,up_count_ma20,0.0003106292956799318,0.0018651738878987592,0.5051583066524369,0.6985586481113321,-0.016080982303033606,medium
full,ind_return_min_accel,0.0002824014862884133,0.002073071408940605,0.48944444444444446,0.44731610337972166,-0.012205984720861488,medium
full,menv_cpi_z_accel_lag1,0.0002820558937068222,0.002159454744067673,0.505258729490955,0.5907057654075547,0.017452028713971193,medium
full,short_balance_lag2,0.00026360657232970825,0.0014500758454443936,0.4958981612446959,0.8784791252485089,-0.013597081079174582,medium
full,momentum_5d_accel_lag5,0.0002332601709923928,0.0014579796524651879,0.5007137758743755,0.6963220675944334,0.01270191867413985,medium
full,market_turnover_z,0.00023123447871104374,0.0013882599547164402,0.49794238683127573,0.060387673956262426,0.010500640714067257,medium
full,menv_m1_m2_spread_accel_lag5,0.00021663610613211753,0.001575956842182572,0.49933949801849403,0.37624254473161034,0.01265402595856896,medium
full,short_balance_std20,0.00019207680621130505,0.0010649688909656217,0.4975968334746961,0.8789761431411531,-0.014821098011460839,medium
full,bond_us_5y_lag20,0.00018847910525014405,0.0013758093933963114,0.49437537004144466,0.4197316103379722,-0.018422566999893666,medium
full,ind_return_min_std20,0.0001878366426631486,0.0013677431974552555,0.5136186770428015,0.4470675944333996,0.012433247157087915,medium
full,menv_regime_z_std20_lag20,0.0001468124106864635,0.0011632221657453697,0.5141242937853108,0.6597912524850894,-0.01669629656622696,medium
full,sector_rrg_quadrant_std20_lag20,0.00010290555007751535,0.000710665142477829,0.49688530597288383,0.6781809145129225,-0.016353757044406687,medium
full,short_balance_ma5,9.608993482530914e-05,0.0005278132987903045,0.494204127791914,0.8789761431411531,-0.01452956603132442,medium
full,fx_gbp_cny_ma20,8.875680934950051e-05,0.0006565119393015095,0.49653979238754326,0.4309145129224652,-0.010897985568891124,medium
full,days_since_last_ex_div_ma5,8.010808423325434e-05,0.0006097840337270953,0.5029821073558648,1.0,-0.011894119416921192,medium
full,shibor_2W_std20,7.247907375132721e-05,0.0005466004189061844,0.4868701206529453,0.35014910536779326,-0.012250861049376305,medium
full,menv_cpi_z_z20_lag3,4.596456691835428e-05,0.00035464003334414264,0.49769970723546636,0.5941848906560636,0.015520845978454123,medium
full,menv_cpi_z_z20_lag5,-1.8750567845147512e-05,-0.00014503430416686102,0.4954242928452579,0.5974155069582505,0.012781265514429915,medium
full,days_since_last_ex_div_ma20,-3.4254034005183544e-05,-0.00026029790617607617,0.5062127236580517,1.0,-0.012234375787892923,medium
full,shibor_1Y_lag3,-3.579653714623997e-05,-0.00023360838996482817,0.49230769230769234,0.11307157057654076,-0.011651603236228745,medium
full,menv_bond_10y2y_spread_ma5_lag20,-3.993745919713345e-05,-0.00029657703855974423,0.4932541824069077,0.46048707753479123,-0.010662603726810223,medium
full,bond_us_30y_lag2,-6.055368669897426e-05,-0.0003868977820251742,0.48534798534798534,0.13568588469184892,-0.01507562885539534,medium
full,momentum_5d_ma10_lag20,-0.00010043582208660899,-0.000633517631395084,0.5034086831718694,0.6925944333996024,-0.016340932090678863,medium
full,short_balance_lag1,-0.00010703131188279186,-0.0005879985815506257,0.49264705882352944,0.878727634194831,-0.014101573223637908,medium
full,days_since_last_ex_div_ma10,-0.00011268209605947903,-0.0008577090762178915,0.5052186878727635,1.0,-0.012100957081143967,medium
full,bond_us_5y_lag10,-0.00014303144862292885,-0.001001660920625202,0.501187648456057,0.3138667992047714,-0.018106597608979324,medium
full,ind_return_skew,-0.00015240985304664783,-0.0008992364340649131,0.5165289256198347,0.060139165009940355,-0.01893028731810471,medium
full,menv_cpi_z_z20,-0.00017687647723251175,-0.0013516622233802707,0.4972562262558041,0.5887176938369781,0.012181123852692172,medium
full,shibor_9M_ma10,-0.00020026899758293152,-0.0014029916826865797,0.49295774647887325,0.2293737574552684,-0.012370934821272281,medium
full,menv_cpi_z_ma20_lag10,-0.00020693285940556904,-0.0016157323812422079,0.5002058460271717,0.6036282306163022,-0.011282591947791465,medium
full,menv_cpi_z_accel_lag2,-0.0002135791049225726,-0.0016485293170529893,0.498741610738255,0.5924453280318092,0.0143430851757743,medium
full,momentum_20d_z20_lag20,-0.0002283916006110541,-0.0014893347812938692,0.5080731969860065,0.6925944333996024,-0.011722771962403062,medium
full,market_turnover_z_ma20,-0.00022918425167398933,-0.0017186725006622023,0.5021978021978022,0.452286282306163,0.013499065683169198,medium
full,menv_regime_z_std20_lag5,-0.00025997055236692867,-0.002039842908772151,0.4940817105765559,0.650844930417495,-0.016601672626145987,medium
full,menv_cpi_z_ma20_lag20,-0.00027662535917524154,-0.0022182513616192546,0.4929121101660591,0.6135685884691849,-0.010694990412828375,medium
full,sector_rrg_x_std20_lag3,-0.0002772056682568665,-0.0019299407884690587,0.5007309941520468,0.679920477137177,-0.011694632592782894,medium
full,menv_shibor_1m_z_ma10_lag1,-0.0003347869160410582,-0.0025427763966190077,0.4963967782958881,0.5862326043737575,0.010108391425001955,medium
full,menv_regime_z_std20_lag1,-0.00035361166641072314,-0.002782468045170466,0.49230177059276364,0.6456262425447317,-0.018150607659128192,medium
full,fx_eur_cny_ma5,-0.0003855481764120639,-0.002587331408955565,0.5024038461538461,0.20675944333996024,-0.01714456502604056,medium
full,days_since_last_ex_div,-0.00038858462812367637,-0.0029515616086444635,0.5013671389510316,0.9997514910536779,-0.011661710201996462,medium
full,momentum_20d_lag20,-0.0004374898916043377,-0.0027264385193625073,0.5012558306422676,0.6925944333996024,-0.013633166466335788,medium
full,sector_rrg_y_std20_lag5,-0.00047246950235554913,-0.0032439663197426287,0.4901603498542274,0.6819085487077535,-0.010598969469837545,medium
full,fx_hkd_cny_lag20,-0.0004823466280489847,-0.0035583020118692276,0.49142857142857144,0.43489065606361826,-0.01198573334436407,medium
full,momentum_5d_lag20,-0.0004848375148966818,-0.0030300608386742193,0.5012558306422676,0.6925944333996024,-0.019702248750891806,medium
full,sector_rrg_quadrant_ma20_lag20,-0.0004869791104986038,-0.003281496440891868,0.49725174056430926,0.6781809145129225,-0.0138753823057597,medium
full,shibor_1Y_ma20,-0.0004912503835160828,-0.0035697645465414735,0.5010940919037199,0.34070576540755465,-0.013993122272070651,medium
full,menv_cpi_z_std20_lag10,-0.0005051089533280093,-0.004008483928236838,0.4975288303130148,0.6033797216699801,-0.01535202438393203,medium
full,sector_rrg_x_std20_lag2,-0.0005065458755886354,-0.003525374917338515,0.5020094994519547,0.680168986083499,-0.01178000933358219,medium
full,menv_us_cn_10y_spread_std20_lag5,-0.0005620688922433844,-0.0041611686130656024,0.492776886035313,0.4644632206759443,-0.013632395979459163,medium
full,ind_return_std_lag10,-0.0005740406464660048,-0.004048332232967589,0.49963846710050613,0.3436878727634195,-0.014235784240921895,medium
full,mkt_cap_total_z_accel,-0.000593676932995177,-0.00440900873649622,0.49671772428884026,0.2271371769383698,-0.010082851546918386,medium
full,has_guba_post_lag20,-0.0006238284028643265,-0.004650866976943082,0.49728555917481,0.6866302186878728,-0.01291398648763869,medium
full,menv_m1_m2_spread_z20_lag5,-0.000650090070733577,-0.00470693567918682,0.5088991430454846,0.37698807157057657,0.010372434897102899,medium
full,profitability_stability_lag20,-0.0006869167339916454,-0.0054659592524916225,0.5023765996343693,0.6796719681908548,0.015099310499926091,medium
full,change_pct_std20,-0.0007485086900925511,-0.004983766854690555,0.4891497687655639,0.6985586481113321,0.011020717441154106,medium
full,short_balance,-0.0007680187371209975,-0.0042273950430232205,0.4910941475826972,0.8789761431411531,-0.015238858059700938,medium
full,sector_breadth_raw_accel,-0.0007681082704172941,-0.004759131530159441,0.5051583066524369,0.6985586481113321,-0.012078268345926672,medium
full,momentum_5d_std20_lag1,-0.0008156895916838482,-0.005358632203179216,0.4903777619387028,0.6973161033797217,0.010058087153821314,medium
full,bond_us_30y_z20,-0.0008499458515545421,-0.006339177842488922,0.4918793503480278,0.4284294234592445,-0.010315232237832813,medium
full,shibor_O_N_lag20,-0.0008578055606048432,-0.00648155764401491,0.502919708029197,0.3404572564612326,-0.01864529436099182,medium
full,momentum_20d_ma10_lag20,-0.0008665276269676973,-0.005464726734780784,0.503767491926803,0.6925944333996024,-0.011945583360696604,medium
full,shibor_3M_lag10,-0.0008690656952817826,-0.006196731469011844,0.48596112311015116,0.2301192842942346,-0.016313941559631236,medium
full,sector_breadth_z_accel,-0.0009094303607891377,-0.005664677500002698,0.497153024911032,0.69831013916501,-0.011559993742363679,medium
full,shibor_2W_lag5,-0.0009228792562650327,-0.006271744818196864,0.4845201238390093,0.16053677932405566,-0.010026335003666037,medium
full,ind_return_min_lag10,-0.0009676043938627592,-0.006878829167440005,0.4967462039045553,0.3436878727634195,0.01245072018769763,medium
full,menv_cpi_z_z20_lag2,-0.0009908641649342526,-0.007626462537314413,0.49077181208053694,0.5924453280318092,0.014929372809130963,medium
full,menv_regime_z_std20,-0.0010026113810392698,-0.007799778024872715,0.4957561728395062,0.6441351888667992,-0.01639647075324323,medium
full,sector_rrg_quadrant_ma20_lag10,-0.0010205400941530876,-0.006925155920465944,0.4950711938663746,0.6806660039761432,-0.0139544895675633,medium
full,momentum_20d_z20_lag5,-0.0010271256170093892,-0.00664679239321077,0.5067808708065668,0.6963220675944334,0.015524890571601111,medium
full,shibor_1M_lag20,-0.0010312029916625103,-0.007499983710999955,0.4892032762472077,0.3337475149105368,-0.01850968900781082,medium
full,fx_hkd_cny_lag2,-0.0010536663628490893,-0.0067703903138497945,0.4991181657848324,0.14090457256461233,-0.010651316201755967,medium
full,momentum_5d_ma20_lag20,-0.0010788352247900984,-0.006759094262233558,0.4930032292787944,0.6925944333996024,-0.01371054272964723,medium
full,has_recent_dividend,-0.0011600213818777094,-0.009068655745669528,0.4891871737509321,0.9997514910536779,0.010052319847796407,medium
full,menv_shibor_1m_z_ma10,-0.0011627777993846317,-0.008791985237870071,0.49169859514687103,0.5837475149105368,0.010356760624999366,medium
full,shibor_6M_ma10,-0.0011693931915174897,-0.00819992461192513,0.48586956521739133,0.2286282306163022,-0.013278800621135706,medium
full,sector_rrg_x_std20_lag10,-0.0011873962832710959,-0.008234321120625774,0.4873580065958226,0.6781809145129225,-0.014158551576169317,medium
full,cpi_yoy_lag20,-0.0011891851416840585,-0.008918597820896419,0.48705882352941177,0.21123260437375746,-0.01258915614708533,medium
full,sector_rrg_x_std20_lag1,-0.0011932465923928635,-0.008295413720870198,0.504017531044558,0.6804174950298211,-0.011483903193611526,medium
full,bond_us_2y_lag20,-0.0012219128209778852,-0.008956605429738468,0.4877899877899878,0.4070576540755467,-0.018245519674981496,medium
full,bond_cn_30y_ma10,-0.001234791029981104,-0.008620110405800938,0.4908802537668517,0.3133697813121272,-0.01681543547048786,medium
full,bond_cn_10y_lag5,-0.00123569348256929,-0.008304163546344593,0.4812433011789925,0.23185884691848907,-0.015800382206685937,medium
full,has_guba_post_lag3,-0.0012386996491519696,-0.00922798743908672,0.4960173787110789,0.6863817097415507,-0.01295569762722008,medium
full,margin_stability_lag20,-0.0012496709212825652,-0.00991017266942273,0.5,0.6491053677932406,0.013871990202593134,medium
full,profitability_stability_lag10,-0.001262725076934473,-0.010023302903078403,0.49034608378870675,0.6821570576540755,0.014506881679244816,medium
full,ind_return_mean_std20,-0.001286702417451951,-0.009444626320894382,0.5047248471372985,0.4470675944333996,0.013894218460910246,medium
full,has_guba_post_lag5,-0.0012946358716037908,-0.0096682284001105,0.502896451846488,0.6863817097415507,-0.013810660096618499,medium
full,sector_rrg_quadrant_ma5_lag20,-0.001299203398817422,-0.00863835693253998,0.491022352510077,0.6781809145129225,-0.01298317457584913,medium
full,bond_cn_30y_lag10,-0.0013147766830439956,-0.009314474740986472,0.49694656488549616,0.32554671968190857,-0.01779412896180508,medium
full,momentum_20d_ma5_lag20,-0.0013292680741148288,-0.008295771878700817,0.493362038033728,0.6925944333996024,-0.012863744574091292,medium
full,shibor_2W_ma10,-0.0013348953350764694,-0.00940948419065428,0.48546824542518835,0.2308648111332008,-0.011233981538450023,medium
full,menv_cpi_z_std20_lag2,-0.001364555971113168,-0.010656680371100468,0.4941275167785235,0.5924453280318092,-0.012225627672483174,medium
full,sector_rrg_x_std20,-0.0013714532809815671,-0.00953217352981795,0.49726177437020813,0.6806660039761432,-0.011017735717734315,medium
full,sector_rrg_y_std20_lag2,-0.001392679091103024,-0.009697293341992031,0.49144521295959226,0.6826540755467196,-0.010709293281625572,medium
full,has_recent_dividend_ma10,-0.00140044518399563,-0.010955492546396712,0.4838469184890656,1.0,0.010949410036299055,medium
full,menv_regime_z_std20_lag3,-0.0014018660746029264,-0.01102530437324286,0.49118773946360156,0.6486083499005965,-0.018804636601432993,medium
full,has_recent_dividend_ma5,-0.0014179377559601846,-0.011092999728284675,0.48881709741550694,1.0,0.011248620288386132,medium
full,has_guba_post,-0.0014445849195786123,-0.010734956096047512,0.4936663047412233,0.6866302186878728,-0.013178874374298993,medium
full,sent_agree_pos_std20,-0.0014599861352351873,-0.010945404229204593,0.4935064935064935,0.6888667992047713,-0.010149415657255864,medium
full,shibor_9M_ma5,-0.0014661365859585953,-0.009728607820732036,0.4902654867256637,0.1404075546719682,-0.012026307345619939,medium
full,has_recent_dividend_ma20,-0.001469276327929516,-0.011452514997082266,0.48732604373757454,1.0,0.01092556569541013,medium
full,menv_cpi_z_std20_lag3,-0.0014879868366204645,-0.011651549709875973,0.49519029694688416,0.5941848906560636,-0.012645270082031918,medium
full,has_guba_post_lag1,-0.0014928327009995006,-0.011081462878559155,0.4900470503076366,0.6866302186878728,-0.013646315514147736,medium
full,shibor_9M_ma20,-0.0015235712593755456,-0.011159169449591598,0.5007278020378457,0.3414512922465209,-0.014415522560905971,medium
full,sector_rrg_quadrant_ma10_lag5,-0.0015279611733819741,-0.010340514316155625,0.49198250728862974,0.6819085487077535,-0.012744064446444384,medium
full,margin_stability_lag10,-0.0015406773794447756,-0.012084744064383347,0.4885408708938121,0.6505964214711729,0.014998773422291833,medium
full,fx_hkd_cny_lag5,-0.0015464308898265298,-0.010382315718628734,0.5026680896478122,0.23285288270377733,-0.010806738628290982,medium
full,bond_cn_2y_ma5,-0.0015512494589285382,-0.010443385500460383,0.5036057692307693,0.20675944333996024,-0.016983918448293896,medium
full,gdp_cn_yoy_std20,-0.001565683180292935,-0.013094590932276974,0.5071161048689139,0.3317594433399602,-0.013464961025083277,medium
full,sector_rrg_quadrant_lag20,-0.0015679524962516874,-0.010470438555271699,0.49835104433858557,0.6781809145129225,-0.011228899691208272,medium
full,sector_rrg_quadrant_ma5_lag10,-0.0015908929393606019,-0.0105985325936351,0.49726177437020813,0.6806660039761432,-0.011155307675083263,medium
full,has_guba_post_lag10,-0.0015926013986758629,-0.011783066224605091,0.49656170828809265,0.6866302186878728,-0.013268078633913171,medium
full,shibor_9M_lag3,-0.00162027514175824,-0.010551497333780625,0.4891304347826087,0.1143141153081511,-0.01200671867741864,medium
full,sector_rrg_quadrant_ma10_lag10,-0.0016313990748176843,-0.010920577763223931,0.4928806133625411,0.6806660039761432,-0.011861949542132247,medium
full,shibor_2W_ma20,-0.0016483585769596798,-0.012156567056808553,0.49201741654571846,0.34244532803180916,-0.015388214887803531,medium
full,sector_rrg_quadrant_lag5,-0.0016488451483864745,-0.011037659233934512,0.4897959183673469,0.6819085487077535,-0.013188175814605286,medium
full,sector_rrg_quadrant_lag10,-0.001687067541329111,-0.0115184567694613,0.488499452354874,0.6806660039761432,-0.01200144696198207,medium
full,momentum_5d_std20,-0.0016892459198422278,-0.011170177940800314,0.490559315995725,0.6975646123260437,0.01138266531986295,medium
full,menv_cpi_z_accel,-0.0016973066784176035,-0.012935265631928804,0.49767834529337274,0.5887176938369781,0.01937421607903551,medium
full,menv_us_cn_10y_spread_accel_lag20,-0.0017122651405394034,-0.012806464290467813,0.49182624941616065,0.5320576540755467,0.01194379263313449,medium
full,sector_rrg_quadrant_std20_lag5,-0.0017126242040935969,-0.011440072646880796,0.49198250728862974,0.6819085487077535,-0.010363738590417686,medium
full,mkt_cap_total_z_lag10,-0.001718666343451374,-0.012033328230002133,0.4939759036144578,0.10313121272365805,-0.017689275382605354,medium
full,momentum_5d_z20,-0.001736262694355338,-0.010996851769429728,0.4976843605272533,0.6975646123260437,-0.010378764030836044,medium
full,sector_breadth_z_lag3,-0.0017516155958355046,-0.011238144359341208,0.4978617248752673,0.6973161033797217,-0.018376897980511522,medium
full,shibor_1W_ma5,-0.0017788416884829236,-0.011937191875868752,0.49040139616055844,0.14239562624254473,-0.01232823477781702,medium
full,sector_rrg_quadrant_std20_lag10,-0.0017795789886146268,-0.012007058643438363,0.49178532311062434,0.6806660039761432,-0.011521946186427535,medium
full,sector_rrg_x_std20_lag20,-0.0018317977775682568,-0.012661518003592604,0.49466715704303055,0.6756958250497018,-0.01819449838265968,medium
full,has_guba_post_lag2,-0.001837787531180123,-0.013672124322925186,0.4893231994209193,0.6866302186878728,-0.012731412576223738,medium
full,menv_us_cn_10y_spread_accel_lag3,-0.0018438161581180407,-0.013825585051434617,0.5005494505494505,0.452286282306163,-0.01140992334866194,medium
full,bond_us_10y_lag20,-0.001845742258152958,-0.01354878238196654,0.4829210836277974,0.42196819085487075,-0.017212869766327726,medium
full,bond_cn_30y_ma20,-0.0018882968036872082,-0.013857443138317785,0.5,0.4304174950298211,-0.018432281520339062,medium
full,ret_std_z20,-0.0018962473073751377,-0.012731181278931768,0.499288256227758,0.69831013916501,0.0102705143284923,medium
full,shibor_1M,-0.0019121239536350851,-0.011601847976031865,0.5140845070422535,0.0352882703777336,-0.012752447264387495,medium
full,sector_rrg_x_std20_lag5,-0.001957465891699285,-0.01366130999788636,0.48866130212143377,0.6794234592445328,-0.012279401926141872,medium
full,klow2,-0.001964683106119574,-0.013066534728713589,0.4850894632206759,1.0,-0.019406294296471997,medium
full,margin_trend_4q_lag10,-0.0019725718013890877,-0.014481011874725813,0.4958105646630237,0.6821570576540755,0.012084475025335616,medium
full,has_gap_effective_yield,-0.0019824955369929925,-0.015610160982589895,0.4893034825870647,0.9990059642147118,0.017866005350496858,medium
full,bond_us_30y_std20,-0.0019890679222262435,-0.014656903221556345,0.4863609982588508,0.42818091451292245,-0.011216172575221768,medium
full,has_gap_effective_yield_ma10,-0.0020158172125164723,-0.01584316876014325,0.48744093509077346,0.9992544731610338,0.018785053557950834,medium
full,menv_shibor_1m_z_ma5_lag3,-0.002023769601931854,-0.015220448468982205,0.4853951890034364,0.5785288270377733,0.010621303212101328,medium
full,menv_cpi_z_std20,-0.002029039310482996,-0.015643267337006193,0.4867032503165893,0.5887176938369781,-0.01055157279776973,medium
full,menv_cpi_z_ma10_lag20,-0.002057299479640371,-0.016397399492273118,0.4900826446280992,0.6013916500994035,-0.011565926579808466,medium
full,dv_days_since_ma20,-0.0020591247856301845,-0.015376422378764909,0.49403578528827036,1.0,-0.012950800924976847,medium
full,momentum_20d_z20,-0.0020697341184713596,-0.01288553753577974,0.5044531528322052,0.6975646123260437,0.011511475738873653,medium
full,has_gap_effective_yield_ma5,-0.0020697921703912462,-0.01629335806705251,0.48893310121860234,0.9992544731610338,0.018396621194966885,medium
full,shibor_9M_lag5,-0.0021016601211132136,-0.014260752912498526,0.4773462783171521,0.15357852882703776,-0.011879882755727295,medium
full,menv_cpi_z_std20_lag5,-0.002106574392093267,-0.01659040219889535,0.4995840266222962,0.5974155069582505,-0.013357425682916318,medium
full,n_stocks_z20,-0.0021085261858553236,-0.013565841786335724,0.496797153024911,0.69831013916501,-0.013572238134948667,medium
full,dv_days_since_ma5,-0.002113274032459646,-0.015776703904910417,0.4960238568588469,1.0,-0.012898228530729729,medium
full,bond_cn_10y_ma20,-0.0021389465752461208,-0.015483169036327729,0.5011534025374856,0.4309145129224652,-0.018743521178088196,medium
full,has_gap_effective_yield_ma20,-0.002152086315262806,-0.016887402988527,0.4869435463814971,0.9992544731610338,0.01916248349424242,medium
full,investor_new_num_lag20,-0.002155918291835624,-0.0161079826985237,0.4862183020948181,0.2253976143141153,-0.012477659423324582,medium
full,shibor_1W_lag20,-0.002217938521845412,-0.016329874558040847,0.4868995633187773,0.3414512922465209,-0.016596836491470802,medium
full,roe_trend_4q,-0.002236172553394864,-0.014642939980043283,0.4969147005444646,0.6846421471172962,0.014134703344722855,medium
full,shibor_6M_lag5,-0.00224189391156898,-0.015181546823978688,0.48470209339774556,0.154324055666004,-0.013023959955479942,medium
full,shibor_O_N_lag5,-0.002262213062965279,-0.015058914230067767,0.48757763975155277,0.16003976143141152,-0.015865361032087067,medium
full,shibor_1M_lag10,-0.002271406252208465,-0.016179282017409306,0.4729011689691817,0.2338469184890656,-0.015434851139455915,medium
full,dv_days_since_ma10,-0.002317555842555029,-0.017283899883613923,0.4960238568588469,1.0,-0.013039589231293768,medium
full,momentum_20d_std20_lag20,-0.0023215146457752816,-0.015832075121886054,0.4940796555435953,0.6925944333996024,-0.015767361359507227,medium
full,has_guba_post_ma5,-0.002369120286473745,-0.0176892431237071,0.49047790154509524,0.6916003976143141,-0.013162156451871646,medium
full,fx_hkd_cny_lag1,-0.0023710117064293518,-0.014526395505097925,0.49514563106796117,0.10238568588469185,-0.010629322775586291,medium
full,momentum_20d_z20_lag1,-0.0023874748034733596,-0.015164413599387359,0.4989308624376336,0.6973161033797217,0.013935397375511267,medium
full,dv_days_since,-0.002387514228007805,-0.017795571085016684,0.492418593089734,0.9997514910536779,-0.012864491610774152,medium
full,momentum_5d_lag1,-0.002397863524721575,-0.01472834072414424,0.4933999286478773,0.6965705765407555,-0.017120860682558633,medium
full,shibor_1W,-0.002451680686203733,-0.014711241849342976,0.4825174825174825,0.03553677932405567,-0.011779758750481295,medium
full,momentum_252d_lag5,-0.0024556240466269445,-0.015375743534858226,0.4879737609329446,0.6819085487077535,-0.01373913383426712,medium
full,momentum_20d_accel_lag2,-0.002455909791452538,-0.015679620033448034,0.4983957219251337,0.6970675944333996,0.011126565613083794,medium
full,bond_cn_30y_ma5,-0.0024748157896161468,-0.016519397614954714,0.4873341375150784,0.20601391650099404,-0.016203950177695697,medium
full,sector_rrg_y_std20_lag1,-0.002493950299255447,-0.01726890164301593,0.4861717612809316,0.6829025844930418,-0.01109160474809581,medium
full,bond_cn_2y_lag3,-0.0025176184900259748,-0.016635508460569704,0.5007072135785007,0.1756958250497018,-0.016886961431471153,medium
full,momentum_252d_lag1,-0.0025241879446137425,-0.015905557812153182,0.4914389799635701,0.6821570576540755,-0.015289817987114191,medium
full,shibor_1M_lag5,-0.0025251459883226285,-0.01714005007864577,0.48330683624801274,0.15631212723658053,-0.012346708016300187,medium
full,menv_regime_z_std20_lag2,-0.0025274872025296447,-0.01982330557735456,0.4873271889400922,0.647117296222664,-0.018924483808981044,medium
full,shibor_6M_ma20,-0.0025653877294567733,-0.01865296089336914,0.48867786705624544,0.34020874751491054,-0.015423975791506284,medium
full,sector_rrg_quadrant_ma20_lag3,-0.0025705117938063233,-0.017209300724782516,0.4934450109249818,0.6824055666003976,-0.013431493294803375,medium
full,momentum_5d_lag2,-0.002572973524234548,-0.015800675172191945,0.49518373171601854,0.6965705765407555,-0.014984894951009822,medium
full,shibor_3M_lag5,-0.002579060285276919,-0.01767567425668055,0.48796147672552165,0.1548210735586481,-0.012739112298739955,medium
full,sector_rrg_y_std20_lag20,-0.002586381655899337,-0.017773333961995118,0.4917552216929278,0.6781809145129225,-0.013641430691684244,medium
full,momentum_20d_ma20_lag10,-0.002642421812039667,-0.016435116488204327,0.487665355738291,0.695079522862823,-0.013690734960190869,medium
full,momentum_252d_ma5_lag3,-0.0026696914473686574,-0.016725349836755374,0.49089584850691914,0.6824055666003976,-0.013416886104237798,medium
full,investor_new_num_std20,-0.0027016423334044436,-0.019948078509508544,0.4900459418070444,0.3245526838966203,-0.012156359727197067,medium
full,momentum_252d_ma10_lag5,-0.002725144851336419,-0.01704254119723015,0.4912536443148688,0.6819085487077535,-0.014538417274423983,medium
full,shibor_3M_lag3,-0.002738374827206073,-0.017903969860238227,0.49344978165938863,0.11381709741550695,-0.012815365187157918,medium
full,has_guba_post_ma10,-0.0027558046642868744,-0.020690967427723833,0.4949892627057981,0.6943339960238568,-0.013593394130670917,medium
full,shibor_3M_lag1,-0.002773345768908725,-0.01752154548789545,0.4980694980694981,0.06436381709741551,-0.012868414202793308,medium
full,sector_rrg_quadrant_ma5_lag3,-0.0027825498454000924,-0.018549940620681524,0.493809176984705,0.6824055666003976,-0.013461877596278083,medium
full,fx_jpy_cny_ma10,-0.002824168210403252,-0.02029684935274055,0.49287974683544306,0.31411530815109345,-0.010328229036202457,medium
full,bond_cn_5y_ma5,-0.0028336697331978185,-0.01888238297719495,0.49399038461538464,0.20675944333996024,-0.016995281411704914,medium
full,bond_cn_2y_ma20,-0.002864282618761477,-0.020958455894345845,0.5017301038062284,0.4309145129224652,-0.018606815842421867,medium
full,bond_us_30y_lag5,-0.002895060141701356,-0.01947886878921203,0.4785005512679162,0.2253976143141153,-0.01473571937001474,medium
full,menv_cpi_z_std20_lag1,-0.002926289455170062,-0.022787534962671323,0.4838031131678586,0.5907057654075547,-0.011789532760770115,medium
full,fx_gbp_cny_lag20,-0.0029304725626970504,-0.021196376361390604,0.4939965694682676,0.4346421471172962,-0.01025355547177212,medium
full,bond_us_30y_lag20,-0.0029383276574039448,-0.021570667092530305,0.4755738669805768,0.42221669980119286,-0.015804601848305018,medium
full,change_pct_accel,-0.002957613047118964,-0.01862502525510226,0.4944859480611882,0.6985586481113321,-0.01482616857782736,medium
full,shibor_1M_ma5,-0.002976360627408864,-0.01981377582494287,0.486013986013986,0.14214711729622267,-0.012568141329511428,medium
full,momentum_20d_ma10_lag10,-0.0029833927265008925,-0.018493871987320047,0.49016803718269575,0.695079522862823,-0.015945157490251664,medium
full,fx_hkd_cny_ma20,-0.002999745337064356,-0.0221353898226667,0.47923875432525953,0.4309145129224652,-0.010944827859083796,medium
full,sector_rrg_quadrant_ma20_lag5,-0.0030078797480412606,-0.02016586724501562,0.49198250728862974,0.6819085487077535,-0.013406026409134478,medium
full,momentum_252d_ma20_lag20,-0.003007996635421924,-0.018784203931299495,0.4928545254672041,0.6781809145129225,-0.013893669420740062,medium
full,sector_rrg_quadrant_ma5_lag5,-0.0030162288376941494,-0.02052961709174184,0.49088921282798836,0.6819085487077535,-0.01281971489597212,medium
full,fx_eur_cny_z20,-0.0030172001201076103,-0.022508096367785838,0.5005747126436781,0.43240556660039764,0.014033863098147081,medium
full,bond_cn_10y_ma5,-0.0030206002238075953,-0.02010941379178096,0.4891566265060241,0.2062624254473161,-0.01641450394080127,medium
full,momentum_252d_ma5_lag10,-0.003038778497279522,-0.019120122870040484,0.49069003285870755,0.6806660039761432,-0.01527140629102754,medium
full,momentum_252d_lag2,-0.0030785700181740483,-0.019367489679167182,0.4877959927140255,0.6821570576540755,-0.01569831346435005,medium
full,momentum_20d_accel_lag1,-0.0030802077617131775,-0.019521052702724428,0.49358517462580187,0.6973161033797217,0.011726633234194043,medium
full,momentum_252d,-0.003089407684226586,-0.019462881712135095,0.492896174863388,0.6821570576540755,-0.015347743548928624,medium
full,shibor_3M_ma10,-0.0030909651714620206,-0.021936739900174976,0.48745910577971646,0.227882703777336,-0.013139625480101488,medium
full,momentum_20d_accel_lag3,-0.0031042417699995014,-0.019880243774499252,0.4978601997146933,0.6968190854870775,0.011595990568310482,medium
full,ind_matched_return_accel,-0.003124553309976581,-0.011963121475611875,0.4954997631454287,0.5246023856858847,-0.014482810072055718,medium
full,momentum_252d_ma10_lag3,-0.0031344996830915883,-0.0196933727696112,0.48980335032774946,0.6824055666003976,-0.014259569062452206,medium
full,momentum_252d_ma20_lag2,-0.0031393732182795225,-0.01960499435086405,0.4903531124863487,0.6826540755467196,-0.015183124732719478,medium
full,sector_rrg_quadrant_ma20_lag1,-0.0031464417341827955,-0.0209992982039235,0.48398835516739447,0.6829025844930418,-0.014113036914648828,medium
full,sector_rrg_quadrant_ma20,-0.0031620768607623887,-0.021058066228011294,0.485994907238996,0.6831510934393639,-0.014342769756401032,medium
full,ind_matched_return_ma5,-0.003170116549029761,-0.01181299693994835,0.4983388704318937,0.5236083499005965,-0.01894765776473874,medium
full,sf_total_ma20,-0.0031754423436326077,-0.022805280301037945,0.4917541229385307,0.33151093439363816,-0.010345863022074847,medium
full,shibor_O_N_ma20,-0.0031764879824448815,-0.023385799616629656,0.48691860465116277,0.341948310139165,-0.017361751223343963,medium
full,fx_usd_cny_ma20,-0.003202551183488704,-0.023750082377123574,0.48182342758222735,0.43066600397614313,-0.011384874171296164,medium
full,momentum_252d_ma20,-0.0032069503517880116,-0.020011248739715642,0.4899963623135686,0.6831510934393639,-0.014851860254422339,medium
full,momentum_20d_accel,-0.003227952916588166,-0.02041935631499916,0.4884218026362665,0.6975646123260437,0.011802959926205635,medium
full,menv_regime_z_ma20_lag20,-0.003250123872009744,-0.02509593097480433,0.49491525423728816,0.6597912524850894,-0.010310241792326053,medium
full,sector_rrg_quadrant_ma20_lag2,-0.003256333851400032,-0.02179636967358156,0.4859847105933746,0.6826540755467196,-0.013789073034294596,medium
full,momentum_252d_ma20_lag1,-0.003258485588432204,-0.020332373088602564,0.4898107714701601,0.6829025844930418,-0.015163363120818655,medium
full,momentum_252d_ma5_lag2,-0.003258791186061798,-0.02038897872279638,0.4881689115398617,0.6826540755467196,-0.014486476788276166,medium
full,momentum_252d_ma5_lag5,-0.0032762413303946765,-0.020575519924767714,0.49088921282798836,0.6819085487077535,-0.01417646167544898,medium
full,momentum_60d_ma5_lag20,-0.0032766538611979806,-0.0199826380718192,0.49441843716240547,0.6901093439363817,-0.012478797469426674,medium
full,sector_rrg_quadrant_ma10_lag3,-0.0032878493664570793,-0.022306156543721922,0.48980335032774946,0.6824055666003976,-0.014021063970998292,medium
full,roe_accel_lag2,-0.003295978946446004,-0.023034988976706722,0.48783145659280785,0.6841451292246521,0.010556174251734007,medium
full,momentum_252d_ma5,-0.0033234527290198343,-0.02092445141588301,0.485994907238996,0.6831510934393639,-0.015136802557528962,medium
full,momentum_252d_ma10_lag1,-0.0033666642950102845,-0.021109002635171105,0.4861717612809316,0.6829025844930418,-0.014449552081277246,medium
full,has_guba_post_ma20,-0.0033800138495289323,-0.025577883640443767,0.49037089871611983,0.6968190854870775,-0.014316433974460346,medium
full,momentum_252d_ma5_lag1,-0.0033925253580172994,-0.021290997669063196,0.48653566229985445,0.6829025844930418,-0.015151300180135895,medium
full,shibor_6M_lag10,-0.003397950755336021,-0.02389736100308426,0.4750542299349241,0.22912524850894633,-0.016012084692698367,medium
full,bond_us_10y2y_spread_std20,-0.00341957589916683,-0.024704256102708357,0.4842840512223516,0.4269383697813121,-0.01494522624692272,medium
full,shibor_1Y_lag2,-0.003426374975093132,-0.022364497444152403,0.4860335195530726,0.0889662027833002,-0.011700837355217942,medium
full,sent_consensus_std20,-0.0034285438551487305,-0.025969654144641276,0.48185053380782916,0.69831013916501,-0.011141193636420754,medium
full,bond_cn_2y_lag2,-0.0034304975453902467,-0.02227180979010699,0.4823943661971831,0.1411530815109344,-0.017196462793286314,medium
full,shibor_3M_lag2,-0.00345791880811012,-0.022632776261561433,0.49171270718232046,0.08996023856858847,-0.013021995349216439,medium
full,sector_rrg_y_std20,-0.0034604806860964654,-0.023909537773253386,0.4899963623135686,0.6831510934393639,-0.010862660552262579,medium
full,roe_accel_lag1,-0.003467749980751759,-0.02419661791322015,0.4876543209876543,0.6843936381709742,0.010685324145854944,medium
full,shibor_1M_lag2,-0.0034691431258777766,-0.02260277783929426,0.5027027027027027,0.091948310139165,-0.012555524616877176,medium
full,roe_accel_lag3,-0.0034805108467861005,-0.024319044403718564,0.48473837209302323,0.68389662027833,0.01079493745553679,medium
full,momentum_252d_ma10_lag2,-0.0034833397340285157,-0.021854873799850315,0.49071714597742994,0.6826540755467196,-0.014177621558235839,medium
full,bond_us_30y,-0.003505075695552253,-0.020478359933192376,0.49295774647887325,0.0529324055666004,-0.014989574958978092,medium
full,momentum_252d_ma20_lag5,-0.003524682736952779,-0.022028260572457208,0.48615160349854225,0.6819085487077535,-0.014954826044504365,medium
full,ret_std_accel,-0.003545253976318733,-0.02363096455855798,0.49413020277481323,0.6985586481113321,0.013598028241826682,medium
full,momentum_252d_lag10,-0.003555423973052803,-0.02230633037209172,0.4910551296093465,0.6806660039761432,-0.014871658966832544,medium
full,momentum_252d_ma20_lag3,-0.0035563365875273794,-0.022188480420394365,0.48761835396941006,0.6824055666003976,-0.01470174645191126,medium
full,momentum_252d_ma10,-0.0035658143569959086,-0.02236479948077281,0.48563113859585305,0.6831510934393639,-0.014828095713215968,medium
full,momentum_5d_z20_lag20,-0.003598893653703438,-0.023303165539577363,0.4904915679942591,0.6925944333996024,-0.014230216118707738,medium
full,roe_trend_4q_lag1,-0.0036143752301956334,-0.023747552073422298,0.4916485112563544,0.6843936381709742,0.012850045439900409,medium
full,momentum_20d_ma5_lag10,-0.0036713607843289935,-0.022804966597390522,0.4873078298176618,0.695079522862823,-0.013959289976185394,medium
full,bond_cn_10y_lag10,-0.0036844181985619794,-0.025865452449202263,0.4782939832444783,0.32629224652087474,-0.018041149388611972,medium
full,menv_shibor_1m_z_std20_lag20,-0.003694453782198501,-0.028680642436680965,0.4936558287073751,0.6267395626242545,-0.018009102282402694,medium
full,momentum_252d_ma10_lag10,-0.0037247260760157313,-0.023451483787193115,0.484118291347207,0.6806660039761432,-0.014981310657758526,medium
full,sector_rrg_quadrant_lag3,-0.0037767594987307973,-0.024862878514068744,0.4914389799635701,0.6821570576540755,-0.01495846097989568,medium
full,bond_us_5y_std20,-0.003815957917925854,-0.02842334056058391,0.4749124854142357,0.4259443339960239,-0.010873809275834218,medium
full,momentum_252d_ma10_lag20,-0.003834970319337006,-0.024076662344237623,0.482594356907292,0.6781809145129225,-0.014651814938326546,medium
full,sector_rrg_quadrant_ma10_lag2,-0.003848802224382541,-0.0259119551874683,0.4932653804149982,0.6826540755467196,-0.014596336847216496,medium
full,menv_bond_10y2y_spread_std20_lag20,-0.0038638776172985486,-0.029502509529323373,0.49462867818776274,0.5320576540755467,-0.015579855995055453,medium
full,sector_rank_change_std20,-0.003873898839903484,-0.027151106100939324,0.48291814946619216,0.69831013916501,-0.013298739531109431,medium
full,momentum_252d_ma20_lag10,-0.0038855689515496085,-0.024375583375971135,0.48484848484848486,0.6806660039761432,-0.014498704846901802,medium
full,roe_accel_lag5,-0.0039081778494430945,-0.027235967644083543,0.4890909090909091,0.6833996023856859,0.010458849873262616,medium
full,momentum_252d_ma5_lag20,-0.003916509980385109,-0.024562129989784312,0.4833272260901429,0.6781809145129225,-0.014782556250275214,medium
full,momentum_252d_lag3,-0.003916556376611215,-0.02458375815348551,0.4867030965391621,0.6821570576540755,-0.014859789491712646,medium
full,shibor_1M_lag3,-0.0039669609247323994,-0.025905259918047947,0.4817987152034261,0.11605367793240556,-0.012619921076917864,medium
full,shibor_3M_ma5,-0.003967389467202126,-0.026681180563725256,0.48576512455516013,0.139662027833002,-0.012865136520291231,medium
full,roe_trend_4q_lag10,-0.004006679509272363,-0.02689481570907373,0.4896174863387978,0.6821570576540755,0.011616351606095062,medium
full,momentum_5d_ma20_lag10,-0.004007594374699621,-0.025021959417199324,0.4819449410082231,0.695079522862823,-0.013354441446400378,medium
full,momentum_252d_lag20,-0.004017819718949304,-0.02526999089401212,0.48039574935873947,0.6781809145129225,-0.014905370389840201,medium
full,fx_jpy_cny_lag10,-0.004063488169976731,-0.02895557712123398,0.4856060606060606,0.32803180914512925,-0.012442086605021926,medium
full,sector_rrg_quadrant_ma5_lag2,-0.004070268633387158,-0.027151276270614564,0.4874408445576993,0.6826540755467196,-0.014769534396270954,medium
full,roe_trend_4q_lag5,-0.004076846415270475,-0.02729324161206159,0.48872727272727273,0.6833996023856859,0.01294606233041561,medium
full,fx_eur_cny_lag3,-0.004093376452298213,-0.026801292887324565,0.4943502824858757,0.17594433399602386,-0.01770597773568693,medium
full,shibor_6M_ma5,-0.00409951675977859,-0.027559077942954403,0.4876325088339223,0.14065606361829025,-0.013238187160211884,medium
full,momentum_60d_lag20,-0.004240496752070313,-0.02590644286388709,0.4875765214259993,0.6901093439363817,-0.01401630811260473,medium
full,menv_us_cn_10y_spread_std20_lag3,-0.004250992247947596,-0.03097334350622475,0.4824175824175824,0.452286282306163,-0.015176924407138382,medium
full,bond_us_30y_accel,-0.0042750463134608166,-0.0312325754067181,0.4802784222737819,0.4284294234592445,-0.015241121748303787,medium
full,momentum_5d_ma5,-0.004279521144889594,-0.02632184216552825,0.503384396152476,0.6975646123260437,-0.014095947677349098,medium
full,fx_usd_cny_lag2,-0.0042946260837232715,-0.0276889910741948,0.4903339191564148,0.14140159045725645,-0.010759327088376947,medium
full,bond_cn_5y_lag20,-0.004299765923010018,-0.03210620904504745,0.4828571428571429,0.43489065606361826,-0.01923506169970117,medium
full,sector_rrg_quadrant_ma10_lag1,-0.00430342344565423,-0.02890647188680745,0.4861717612809316,0.6829025844930418,-0.014929435004604598,medium
full,shibor_1W_lag5,-0.004311838208738147,-0.029437048137067715,0.4745762711864407,0.16128230616302186,-0.012803751543653805,medium
full,ind_pct_up_ma10,-0.004331678480248846,-0.030628341024268674,0.48024316109422494,0.32703777335984097,-0.010444135412453565,medium
full,kup2,-0.004333453512199845,-0.02801196479306802,0.4860834990059642,1.0,-0.01356134776720705,medium
full,bond_us_10y_lag3,-0.004339930225900471,-0.028094762192336798,0.47569955817378495,0.1687375745526839,-0.016876310186465494,medium
full,volume_ratio_lag3,-0.004343190470807614,-0.030835121233188996,0.48111332007952284,1.0,-0.011720062426524925,medium
full,market_state_weak_ma10_lag20,-0.004358388272483723,-0.029664718138801865,0.45323741007194246,0.03454274353876739,-0.01094450149505948,medium
full,momentum_20d_ma20_lag5,-0.004389426326362829,-0.02712425175625995,0.4814418272662384,0.6963220675944334,-0.01677663640928168,medium
full,down_count_accel,-0.004406157649106804,-0.027000699174564116,0.479900391319815,0.6985586481113321,0.012375193264894526,medium
full,sent_agree_pos_ma20,-0.004429871836580221,-0.03286518718350619,0.4790764790764791,0.6888667992047713,-0.011546439307018258,medium
full,total_attention_lag20,-0.004435981656115566,-0.032718853575757656,0.47576656775469833,0.5024850894632207,-0.010423146603213886,medium
full,roe_trend_4q_lag2,-0.004440054843639258,-0.029298831529458978,0.4921903378132946,0.6841451292246521,0.012471124627087531,medium
full,shibor_O_N_lag10,-0.00454572069622694,-0.03281853093453991,0.48336798336798337,0.23906560636182903,-0.016175797735987436,medium
full,guba_sentiment_std_lag1,-0.0045551549461796716,-0.03472272571195746,0.48552894211576847,0.49801192842942343,-0.01153517815861101,medium
full,margin_trend_4q_lag5,-0.004600881988931661,-0.033587291903723324,0.4883636363636364,0.6833996023856859,0.019773852852379682,medium
full,shibor_O_N_lag3,-0.0046066928540128785,-0.03014171136261947,0.46624472573839665,0.11779324055666004,-0.019559486992066687,medium
full,guba_post_count_lag20,-0.004636452343141522,-0.03416989849369326,0.47675568743818003,0.5024850894632207,-0.010645178184112784,medium
full,guba_positive_ratio_lag5,-0.004670247287414621,-0.03630823617023203,0.4862944162436548,0.48956262425447317,-0.010874728886734806,medium
full,momentum_20d_ma5_lag2,-0.0047204810780003825,-0.029214472400748454,0.4823529411764706,0.6970675944333996,-0.011365269558165247,medium
full,bond_cn_30y_lag5,-0.004728834871253273,-0.0318655930283972,0.48056155507559395,0.2301192842942346,-0.015826439964260298,medium
full,bond_cn_30y_lag3,-0.004768052670071056,-0.030904354594803046,0.47707736389684813,0.17345924453280318,-0.015983834170053647,medium
full,shibor_3M_lag20,-0.004800651985403899,-0.035499401859944595,0.4871601208459215,0.3290258449304175,-0.01901547169765362,medium
full,shibor_3M_std20,-0.004872918983170012,-0.03660425746160423,0.47505270555165147,0.35362823061630216,-0.011183799928351262,medium
full,momentum_20d_lag10,-0.004897070301006268,-0.030660129785467286,0.48838040757954954,0.695079522862823,-0.01243781993247497,medium
full,sector_rrg_quadrant_ma10,-0.0049950422146504015,-0.03341596457141682,0.4776282284467079,0.6831510934393639,-0.014584509636641983,medium
full,margin_trend_4q_lag1,-0.005026553771953945,-0.03690164689755108,0.4927378358750908,0.6843936381709742,0.018749339395187258,medium
full,guba_sent_reversal_5d_lag3,-0.005035567312074525,-0.03880777296966508,0.479156202913109,0.4947813121272366,-0.011369952394790106,medium
full,margin_trend_4q_lag2,-0.005074455161619175,-0.03711482989068751,0.48783145659280785,0.6841451292246521,0.018680618822603634,medium
full,momentum_5d_ma20_lag2,-0.005094382193783783,-0.03166516062515563,0.4805704099821747,0.6970675944333996,-0.012269066674642498,medium
full,bond_us_10y_std20,-0.005096811655279095,-0.037987563235881795,0.4782356355194428,0.42818091451292245,-0.011136229011622468,medium
full,menv_us_cn_10y_spread_accel_lag2,-0.005108194057822091,-0.038589702297786306,0.48354712771890684,0.4455765407554672,-0.010578286262806116,medium
full,shibor_6M_lag20,-0.005126910302467987,-0.03779203531596764,0.4802731411229135,0.3275347912524851,-0.018503323410198263,medium
full,bond_cn_2y_lag5,-0.005142973538791553,-0.03471150276156448,0.4919957310565635,0.23285288270377733,-0.016379314978904623,medium
full,guba_sentiment_std_lag3,-0.005167060519476756,-0.039883037116039896,0.48776834747878184,0.4977634194831014,-0.010543448584991403,medium
full,gross_margin_lag20,-0.005217667604712887,-0.03779645788084166,0.4788617886178862,0.30566600397614313,0.011827372578867934,medium
full,avg_account_cap_z_std20,-0.005222998018643812,-0.039514545914078936,0.480728051391863,0.23210735586481113,-0.018199186156865655,medium
full,bond_cn_5y_ma10,-0.005234990137813462,-0.03696283483499655,0.47705696202531644,0.31411530815109345,-0.017215291043061177,medium
full,momentum_60d_ma10_lag10,-0.0052366923040821165,-0.03194050402287966,0.4904915679942591,0.6925944333996024,-0.010689142959409877,medium
full,sector_rrg_quadrant_ma5_lag1,-0.005297201532390474,-0.035416466811491513,0.4814410480349345,0.6829025844930418,-0.0153381458786368,medium
full,momentum_20d_ma20_lag1,-0.005316612017919899,-0.0326291972047081,0.48075552387740556,0.6973161033797217,-0.017858835840964152,medium
full,bond_cn_5y_ma20,-0.005353135297748926,-0.03872841680569228,0.4884659746251442,0.4309145129224652,-0.018988010985682757,medium
full,roe_trend_4q_lag3,-0.0053623614005683055,-0.03563674794669914,0.4876453488372093,0.68389662027833,0.012118220692821794,medium
full,momentum_60d_ma20_lag10,-0.005365511951518979,-0.03302225276583221,0.4872622891998565,0.6925944333996024,-0.010102749268721439,medium
full,fx_eur_cny_lag20,-0.00538303818283878,-0.040469197444064756,0.47828571428571426,0.43489065606361826,-0.01750707781465612,medium
full,momentum_20d_ma10_lag5,-0.005398300160134174,-0.033361649746501104,0.48108493932905066,0.6963220675944334,-0.014734304066148719,medium
full,shibor_9M_lag20,-0.005398447920203202,-0.0399269344732119,0.4827850038255547,0.32480119284294234,-0.017436945850186226,medium
full,margin_trend_4q_lag3,-0.005480318676190222,-0.040074281815392986,0.484375,0.68389662027833,0.01921861646611197,medium
full,flow_intensity_lag3,-0.005488819103922735,-0.04293205394027193,0.4983922829581994,0.6955765407554672,-0.011441184735482285,medium
full,bond_us_2y_accel,-0.00549558657588435,-0.040043134942095646,0.47202797202797203,0.426441351888668,-0.01806752186639745,medium
full,sent_consensus_ma5,-0.005495710624746268,-0.043339344518994696,0.4779438570907765,0.6816600397614314,-0.010547885208165594,medium
full,momentum_60d_lag10,-0.005504467392025249,-0.03378451447998295,0.48869752421959095,0.6925944333996024,-0.013341022436475116,medium
full,margin_buy_lag20,-0.005544779354784504,-0.02966756467131805,0.4890531703156099,0.8740059642147118,-0.01459559230715928,medium
full,momentum_20d_ma10,-0.005554560405082997,-0.03420591616366274,0.47167794798717494,0.6975646123260437,-0.011541680268928283,medium
full,momentum_20d_ma20_lag2,-0.005587877213776848,-0.03427125644851293,0.48770053475935826,0.6970675944333996,-0.017735282675156946,medium
full,momentum_20d_ma5_lag3,-0.005612645266054923,-0.03464681205863089,0.4714693295292439,0.6968190854870775,-0.011782334136844425,medium
full,momentum_20d_ma20_lag3,-0.005672365544421517,-0.034823911442876755,0.4843081312410842,0.6968190854870775,-0.017503925689030607,medium
full,guba_sentiment_std_lag5,-0.005703714362810809,-0.0436258759470462,0.48125937031484256,0.49726640159045726,-0.010914385043125276,medium
full,guba_sentiment_std_lag10,-0.005714873057949514,-0.043600357909714185,0.47592778335005015,0.4955268389662028,-0.010556368015206263,medium
full,guba_disagreement_lag1,-0.0057176501271315695,-0.0443170444648844,0.47954091816367267,0.49801192842942343,-0.012175219026984383,medium
full,sf_total_std20,-0.005719420028281563,-0.04165621810982799,0.4770158251695554,0.3297713717693837,-0.01555455910804876,medium
full,shibor_9M_lag10,-0.005735154016191191,-0.040684583754936776,0.4673202614379085,0.22813121272365805,-0.014942517477534178,medium
full,sector_rrg_quadrant_ma5,-0.005765724355166859,-0.03837187088547937,0.4867224445252819,0.6831510934393639,-0.014604272091424723,medium
full,margin_trend_4q,-0.005766812384004161,-0.042125705039210246,0.4838475499092559,0.6846421471172962,0.018848091194856108,medium
full,momentum_20d_ma20,-0.005778779966325065,-0.03551169610623175,0.47915924474527966,0.6975646123260437,-0.01770155219298203,medium
full,shibor_2W_lag3,-0.005801137394516705,-0.03775598187091813,0.48739495798319327,0.11829025844930417,-0.010644333893804425,medium
full,sent_dispersion_ma20,-0.005801501815381681,-0.04428172486830913,0.4782918149466192,0.69831013916501,-0.01210129374799469,medium
full,momentum_5d,-0.005838667330534651,-0.03575073506585708,0.48555119514805567,0.6965705765407555,-0.016687026530193414,medium
full,sector_breadth_raw_ma5,-0.005873025793582189,-0.03597174368324677,0.49484169334756317,0.6985586481113321,-0.011864851563372268,medium
full,momentum_5d_ma20_lag3,-0.005896474206613892,-0.03653718759304263,0.4764621968616263,0.6968190854870775,-0.012680805532062217,medium
full,shibor_O_N_ma10,-0.005903271969068803,-0.04174916842725021,0.48116254036598494,0.2308648111332008,-0.018181513940181464,medium
full,momentum_20d_ma10_lag1,-0.005918832664598119,-0.03643443907070445,0.4689950106913756,0.6973161033797217,-0.012572341046234725,medium
full,ind_return_skew_z20,-0.005924381608704678,-0.043707814989736984,0.4841578654808227,0.4470675944333996,-0.015930914291658042,medium
full,bond_cn_10y_lag3,-0.005954158320449141,-0.03869094294254544,0.48005698005698005,0.17445328031809146,-0.016164052342576084,medium
full,momentum_60d_ma20_lag5,-0.0059752757806155595,-0.03643289714781286,0.48531518624641834,0.6938369781312127,-0.011310556996057177,medium
full,momentum_60d_ma5_lag10,-0.006025908612892999,-0.03683469566237602,0.49228561176892716,0.6925944333996024,-0.010420545743605234,medium
full,mkt_cap_total_z_ma10,-0.006031389409139567,-0.041965091524638516,0.4666666666666667,0.13046719681908547,-0.018672647670606855,medium
full,shibor_1Y_lag20,-0.006045093790925453,-0.045009397387080534,0.48215641609719057,0.327286282306163,-0.01688507706493978,medium
full,sector_rrg_quadrant,-0.006082715901338354,-0.04065907485760998,0.4834244080145719,0.6821570576540755,-0.013960841006667205,medium
full,guba_post_count_lag10,-0.006121195705333223,-0.04507853650282967,0.4687346134908912,0.5047216699801192,-0.011697123865190727,medium
full,bond_cn_30y_lag20,-0.006177086058988481,-0.04565559991997248,0.4694700460829493,0.43141153081510936,-0.0189988776651645,medium
full,sector_breadth_z_ma5,-0.00618062657037509,-0.03799411055010247,0.4914590747330961,0.69831013916501,-0.01363146601415595,medium
full,total_attention_lag10,-0.006249618639165942,-0.04603453476046608,0.46774987690792713,0.5047216699801192,-0.011601709628562381,medium
full,momentum_5d_ma20_lag1,-0.006289321376460558,-0.038763481776175994,0.4729151817533856,0.6973161033797217,-0.010368469445094472,medium
full,sector_rrg_quadrant_lag1,-0.006303265614466329,-0.042249474756893925,0.4786885245901639,0.6821570576540755,-0.01378294325092796,medium
full,ind_pct_up_lag2,-0.0063239833410194644,-0.04086592697824777,0.47796610169491527,0.1466202783300199,-0.011452923027422396,medium
full,shibor_1Y_lag5,-0.006330358460499636,-0.04269881612599905,0.48058252427184467,0.15357852882703776,-0.011566768926288253,medium
full,sector_rrg_quadrant_lag2,-0.006335135942103713,-0.04150335473158092,0.48233151183970857,0.6821570576540755,-0.01412535679536085,medium
full,bond_cn_10y_ma10,-0.006348323781364846,-0.04409443494326345,0.4754746835443038,0.31411530815109345,-0.016839382816443992,medium
full,shibor_6M_std20,-0.00636054041086913,-0.04701813863100725,0.47191780821917806,0.3628230616302187,-0.011547858278880363,medium
full,bond_us_10y_accel,-0.006404558073631446,-0.04735960753288499,0.4724318049912943,0.42818091451292245,-0.015839411452559883,medium
full,shibor_1Y_ma10,-0.006490873837803234,-0.04542382596101914,0.484118291347207,0.2268886679920477,-0.011913747553273155,medium
full,momentum_60d_ma20_lag3,-0.006574543849424446,-0.0400618483419477,0.4860415175375805,0.6943339960238568,-0.012981736462513426,medium
full,mkt_cap_total_z_std20,-0.006583623786575793,-0.049281642191458704,0.4814422057264051,0.23434393638170975,-0.016388427292254433,medium
full,momentum_60d_ma10_lag5,-0.006603869583642417,-0.04059854080975371,0.4813753581661891,0.6938369781312127,-0.012983820296821628,medium
full,change_pct_ma5,-0.006625879757241983,-0.04064093506089682,0.48416933475631446,0.6985586481113321,-0.017993962167706323,medium
full,guba_negative_ratio_lag1,-0.006631524301370286,-0.051759758904766306,0.4768211920529801,0.4878230616302187,-0.010722628411745897,medium
full,momentum_20d_ma10_lag2,-0.006644750139450972,-0.04112366714059162,0.46916221033868094,0.6970675944333996,-0.015548416932025326,medium
full,momentum_20d_ma10_lag3,-0.006671866553482483,-0.04127663032055336,0.46718972895863053,0.6968190854870775,-0.01625112636296525,medium
full,momentum_60d_ma20_lag1,-0.006684552790835438,-0.04088244088348238,0.48390557939914164,0.694831013916501,-0.014351005516834358,medium
full,menv_us_cn_10y_spread_std20_lag2,-0.0066999897312774465,-0.04968572549826678,0.4712771890686001,0.4455765407554672,-0.015094761382845653,medium
full,momentum_20d_ma5_lag5,-0.006755679066056372,-0.041879386626226825,0.4678800856531049,0.6963220675944334,-0.01301864839442027,medium
full,shibor_1Y_ma5,-0.006755722766162904,-0.045009927159501105,0.47302158273381295,0.13817097415506957,-0.011505567980260503,medium
full,gdp_cn_yoy_lag20,-0.006759459417889676,-0.04940715983687419,0.4665071770334928,0.10387673956262425,-0.014071625771159169,medium
full,m2_yoy_lag20,-0.006798583960431968,-0.04978840880663046,0.47202797202797203,0.213220675944334,-0.015529868034321968,medium
full,guba_disagreement_lag10,-0.00680176118369195,-0.05297139354322146,0.47342026078234706,0.4955268389662028,-0.01119638904342608,medium
full,momentum_60d_lag5,-0.006844650212790267,-0.04222349640321801,0.4888968481375358,0.6938369781312127,-0.011466621301388437,medium
full,bond_us_30y_lag1,-0.006859264989809114,-0.04270166537460869,0.4758269720101781,0.09766401590457256,-0.014579010523230709,medium
full,bond_cn_30y_lag2,-0.006888032001182806,-0.04495623699689491,0.4714285714285714,0.13916500994035785,-0.0164062347905715,medium
full,bond_us_10y_lag1,-0.006894504740992505,-0.04250567694470884,0.4832904884318766,0.0966699801192843,-0.01709593971687952,medium
full,guba_sentiment_std,-0.00689561579773917,-0.052115035713580775,0.47904191616766467,0.49801192842942343,-0.010074647113666471,medium
full,momentum_60d_ma20_lag2,-0.006895873310670121,-0.04204085767461011,0.48407871198568875,0.6945825049701789,-0.013386635921590178,medium
full,momentum_60d_ma20,-0.007097388159658907,-0.04345541752472994,0.4840900965319986,0.695079522862823,-0.014886187630241939,medium
full,momentum_5d_ma20_lag5,-0.007113709611363136,-0.0442144114250478,0.4721627408993576,0.6963220675944334,-0.013446565892598152,medium
full,menv_m1_m2_spread_lag10,-0.007115386901348826,-0.04878686995442829,0.4817073170731707,0.16302186878727634,0.011230317787624702,medium
full,guba_sentiment_std_lag2,-0.007170015882527726,-0.054741145932994735,0.47155688622754494,0.49801192842942343,-0.011004591647397222,medium
full,momentum_20d_lag3,-0.007183071105597726,-0.04464126429598609,0.46878344630752766,0.6965705765407555,-0.011039229984636955,medium
full,has_news_ma20,-0.00719548801843534,-0.051398488137932914,0.4762516046213094,0.19358846918489064,-0.011607662497528908,medium
full,shibor_O_N_std20,-0.007225562839847873,-0.05338312562016612,0.4773218142548596,0.3451789264413519,-0.012190545036494391,medium
full,flow_intensity_ma5,-0.007232840493560842,-0.05198724264182849,0.48094050587816173,0.6975646123260437,-0.010174660395906905,medium
full,guba_sent_bull_vol,-0.007269578223272637,-0.05779739147041515,0.48219032429558745,0.46744532803180916,-0.011272020824581886,medium
full,shibor_1W_ma20,-0.0073366780642140274,-0.0537035464887754,0.47563636363636363,0.34169980119284293,-0.015917582817425144,medium
full,bond_cn_2y_lag10,-0.007401913372787859,-0.05288260980572068,0.46929492039423804,0.32778330019880714,-0.017890399910532172,medium
full,market_turnover_z_std20,-0.007452006826291261,-0.05559252581044594,0.4691969196919692,0.4517892644135189,0.012104403069439041,medium
full,market_adv_ratio_lag3,-0.0075315177822930495,-0.04941534826018979,0.4719562243502052,0.1816600397614314,-0.017721798065500453,medium
full,fx_jpy_cny_std20,-0.007618645879032914,-0.056702938974785455,0.46601382488479265,0.43141153081510936,-0.010631419070921097,medium
full,guba_positive_ratio_lag1,-0.007637395006692671,-0.0594433921899129,0.4718702483527623,0.49030815109343934,-0.012833140911688596,medium
full,guba_negative_ratio_lag2,-0.0077263483326218095,-0.05999797072142278,0.46663270504330107,0.4878230616302187,-0.010551427768553275,medium
full,guba_disagreement_lag3,-0.00777015185053409,-0.061136419901452965,0.4702945581627559,0.4977634194831014,-0.011501147990634538,medium
full,margin_balance_std20,-0.007770919222493425,-0.04166665499688342,0.48261238337574214,0.8789761431411531,-0.010935344755234302,medium
full,bond_us_5y_accel,-0.007778420610126309,-0.05708382026292713,0.4705195563339171,0.42569582504970177,-0.019794196006675476,medium
full,sent_agree_pos_ma10,-0.007784450774533071,-0.05823766484183963,0.48025101513473606,0.6732107355864811,-0.011867200549456699,medium
full,shibor_1M_ma10,-0.0078027806382532415,-0.05525804382228134,0.45846817691477887,0.23036779324055667,-0.01291586450464562,medium
full,guba_positive_ratio_lag2,-0.007857529486334029,-0.06175732082961527,0.48073022312373226,0.4900596421471173,-0.011870228434350658,medium
full,guba_post_count_lag5,-0.007878236938051465,-0.05716158703777337,0.4670923379174853,0.5059642147117296,-0.0119094439575911,medium
full,momentum_60d_ma5_lag5,-0.007896952251774803,-0.04867771227229641,0.47242120343839544,0.6938369781312127,-0.014216103792524722,medium
full,total_attention_lag5,-0.007911011641966156,-0.05754544690456321,0.46660117878192536,0.5059642147117296,-0.011638603817194134,medium
full,guba_disagreement_lag5,-0.007950553488188124,-0.06147494350748193,0.46976511744127936,0.49726640159045726,-0.011707917259085307,medium
full,momentum_60d,-0.008000366548362106,-0.049259414035275714,0.47941281775868244,0.6940854870775348,-0.01431176545811227,medium
full,bond_cn_5y_lag2,-0.008014202947271249,-0.052704526563699956,0.4630281690140845,0.1411530815109344,-0.01715121374858898,medium
full,guba_disagreement_lag2,-0.008080302646886474,-0.06194175357150038,0.4805389221556886,0.49801192842942343,-0.011600912532042231,medium
full,momentum_60d_lag2,-0.008089988558392798,-0.05014248232023833,0.48514142499104906,0.6940854870775348,-0.017305438110434515,medium
full,momentum_60d_ma10_lag3,-0.00814313599073044,-0.050089473926716664,0.4767358625626342,0.6943339960238568,-0.014175056638808215,medium
full,mkt_cap_total_z_ma5,-0.008169109504485818,-0.05243263713742138,0.46099290780141844,0.07007952286282307,-0.01971029568726233,medium
full,momentum_60d_ma10_lag1,-0.008175770865904234,-0.050533093527264476,0.4824749642346209,0.694831013916501,-0.01455697589080255,medium
full,momentum_60d_ma5_lag2,-0.008178422375124556,-0.050588733970528856,0.4805008944543828,0.6945825049701789,-0.013992760892345439,medium
full,sent_agree_pos_ma5,-0.008180599347453894,-0.06193684222352036,0.47015503875968995,0.6411530815109344,-0.011887593291846268,medium
full,fx_jpy_cny_ma20,-0.008258766036297898,-0.06159020230087935,0.4734717416378316,0.4309145129224652,-0.011901625225826776,medium
full,momentum_60d_ma5_lag3,-0.008266831169915287,-0.05108923315447584,0.48067287043664997,0.6943339960238568,-0.012970143686452114,medium
full,guba_positive_ratio,-0.00826920986283675,-0.06488910534637019,0.4784591991890522,0.49030815109343934,-0.011237178344096259,medium
full,consecutive_inflow_10d_ma5,-0.0082994904478815,-0.05590088639993632,0.4777659196015653,0.6985586481113321,-0.010826218133113644,medium
full,guba_positive_ratio_lag3,-0.008300613950753618,-0.06569322864268587,0.4726166328600406,0.4900596421471173,-0.012167292232941898,medium
full,momentum_60d_ma10,-0.00832893280060241,-0.051550806630822954,0.48552020021451553,0.695079522862823,-0.014802561877011244,medium
full,ann_count_std20,-0.008335749461761842,-0.06968075909363569,0.479900391319815,0.6985586481113321,-0.014277914175588952,medium
full,menv_us_cn_10y_spread_std20_lag1,-0.008337645681406748,-0.06099188578862393,0.4711211778029445,0.4388667992047714,-0.016539045452366265,medium
full,debt_ratio_lag10,-0.008340292969417585,-0.06373199259905878,0.47368421052631576,0.2738568588469185,0.013157455626623144,medium
full,menv_m1_m2_spread_std20_lag1,-0.008370153124895113,-0.06154549981195498,0.4659400544959128,0.3648111332007952,-0.01024906209202326,medium
full,bond_cn_5y_lag1,-0.008383116398353993,-0.05162518913107751,0.46973365617433416,0.10263419483101392,-0.01746128754052361,medium
full,guba_sent_bull_vol_lag2,-0.008400093416052367,-0.0671588111299912,0.45904255319148934,0.4671968190854871,-0.010663173941144272,medium
full,bond_cn_5y_lag10,-0.008432087134010781,-0.059572907341661235,0.47009841029523086,0.3282803180914513,-0.01847956900360302,medium
full,sentiment_mean_std20,-0.0084927297213325,-0.06627750796349838,0.4699599465954606,0.18613320079522863,-0.01114801803444826,medium
full,investor_new_num_ma20,-0.00853286452371426,-0.0632426465705588,0.47437888198757766,0.32007952286282304,-0.013208531711677218,medium
full,flow_intensity_ma10,-0.008573939861551628,-0.06143117384794226,0.49198432490203065,0.6975646123260437,-0.010248550337167962,medium
full,sent_dispersion_ma5,-0.008612443886091465,-0.06504719263439156,0.46705496905715327,0.6826540755467196,-0.010614273697013501,medium
full,consecutive_inflow_5d_ma5,-0.00865077094020907,-0.05991978515483647,0.4759871931696905,0.6985586481113321,-0.011947532772966295,medium
full,momentum_60d_ma10_lag2,-0.008654942458235093,-0.05341981911117617,0.4790697674418605,0.6945825049701789,-0.014243005708738172,medium
full,momentum_60d_ma5_lag1,-0.008672862062214338,-0.05374990846532573,0.48354792560801146,0.694831013916501,-0.015885522395980067,medium
full,sent_dispersion_ma10,-0.008689034679694585,-0.06560412081368544,0.47094691535150646,0.6928429423459245,-0.011770977182911457,medium
full,m1_yoy_lag20,-0.008796903031581448,-0.0659297923968564,0.4645308924485126,0.21719681908548708,-0.015959719052104797,medium
full,sent_dispersion,-0.008814357257740952,-0.06893775251866319,0.47348951911220716,0.6046222664015904,-0.010697164862014117,medium
full,momentum_60d_lag3,-0.008831643428882062,-0.054646316328609175,0.48514142499104906,0.6940854870775348,-0.017057910238717524,medium
full,bond_cn_30y,-0.00885872725377586,-0.05264981076399062,0.48214285714285715,0.055666003976143144,-0.016397094115376726,medium
full,consecutive_inflow_10d_ma10,-0.008881149512511104,-0.05893935495406177,0.4727854855923159,0.6985586481113321,-0.010903120979549796,medium
full,momentum_60d_ma5,-0.008902549606044542,-0.05496003221524124,0.4772971040400429,0.695079522862823,-0.01641257217256438,medium
full,rsi_12_lag20,-0.008924177446833739,-0.05480409355789178,0.47962226640159045,1.0,-0.01664765943543305,medium
full,ann_count_ma20,-0.008933644460311144,-0.07351800279831884,0.47171824973319104,0.6985586481113321,-0.014229537772933393,medium
full,is_top5_sector_ma10,-0.008965074200643902,-0.06042097923244511,0.4777659196015653,0.6985586481113321,-0.011863517034069057,medium
full,guba_negative_ratio_lag10,-0.008967480348120714,-0.07073429970480995,0.4805327868852459,0.4850894632206759,-0.011079296270902834,medium
full,ind_pct_up_ma5,-0.008971477353962485,-0.05922457271395687,0.47871116225546606,0.21595427435387674,-0.019928367754359168,medium
full,margin_buy_lag10,-0.008983534231763493,-0.04762759329880384,0.48142897646725263,0.8764910536779325,-0.016049153854652328,medium
full,bond_cn_2y_ma10,-0.009023149467298791,-0.06321709088581852,0.47072784810126583,0.31411530815109345,-0.017174536961431043,medium
full,consecutive_inflow_5d_ma10,-0.009047763395240134,-0.06089923262579481,0.4713625044468161,0.6985586481113321,-0.011344243170032842,medium
full,is_top5_sector_ma20,-0.009063277431197999,-0.06173429355867079,0.4759871931696905,0.6985586481113321,-0.010330447207768649,medium
full,guba_post_count_lag3,-0.009219521253078409,-0.06654086265141035,0.46172718351324826,0.5064612326043738,-0.012127853054015337,medium
full,momentum_60d_lag1,-0.009241688575195996,-0.057095321958439506,0.4758324382384533,0.6940854870775348,-0.01799139072618318,medium
full,has_announce_ma10,-0.009245649919285191,-0.07646036112005826,0.4624688722874422,0.6985586481113321,-0.0112920301292781,medium
full,total_attention_lag3,-0.009267265437175593,-0.06695331992383764,0.4656526005888126,0.5064612326043738,-0.01203093791226124,medium
full,sf_total_lag20,-0.0092701241810752,-0.07003846004778562,0.4608399545970488,0.21893638170974156,-0.016372607306938337,medium
full,market_adv_ratio_ma5,-0.009291945478522991,-0.06183101544166366,0.47215777262180975,0.21421471172962225,-0.015402304461196581,medium
full,has_announce_ma20,-0.009345845859015676,-0.07534419159262745,0.4678050515830665,0.6985586481113321,-0.014109469479432837,medium
full,bond_cn_10y_lag1,-0.009364436755637208,-0.05753922057958757,0.47317073170731705,0.10188866799204771,-0.01724229231525636,medium
full,shibor_1W_ma10,-0.009398479315729614,-0.06777828932344494,0.47685683530678147,0.2308648111332008,-0.013414202067151765,medium
full,shibor_1Y_lag10,-0.009465771792288568,-0.06654476127802257,0.4670981661272923,0.23036779324055667,-0.014544872077767196,medium
full,gross_margin_lag10,-0.009495400252836657,-0.06884694017688378,0.47549909255898365,0.2738568588469185,0.012648701811581458,medium
full,positive_ratio_std20,-0.009508056570418304,-0.07415477870580228,0.4672657252888318,0.19358846918489064,-0.011615846647703152,medium
full,guba_negative_ratio_lag5,-0.009567107670722306,-0.07502802092667502,0.46452271567126086,0.48682902584493043,-0.010573914430576554,medium
full,shibor_1M_std20,-0.009598787443402233,-0.07120041976441677,0.4594222833562586,0.36133200795228626,-0.014541710832603819,medium
full,guba_sent_bull_vol_lag1,-0.009637166658583317,-0.0756212468292049,0.4699627857522594,0.46744532803180916,-0.012755802083349194,medium
full,margin_buy_lag5,-0.00964246606941875,-0.05081702202554871,0.4796149490373726,0.8777335984095428,-0.013303685277462698,medium
full,ind_return_min_lag1,-0.009852054678689654,-0.05994870246316292,0.4590909090909091,0.10934393638170974,0.01112948857841975,medium
full,shibor_9M_std20,-0.009918207824109711,-0.07340781646530234,0.46426092990978485,0.3581013916500994,-0.010637390318208739,medium
full,bond_cn_2y_std20,-0.009969345877316325,-0.07219487728441337,0.46455331412103745,0.4311630218687873,-0.011699936835154686,medium
full,m2_yoy_ma20,-0.009980973787733898,-0.07117661240650963,0.48073959938366717,0.3225646123260437,-0.014197952316301218,medium
full,guba_sent_x_roc20_lag5,-0.010001831197371124,-0.08411503239835089,0.4586693548387097,0.49304174950298213,-0.006926801468940305,medium
full,ind_return_max_lag3,-0.010065055939624677,-0.06528067571694438,0.46648793565683644,0.18538767395626243,-0.015030232298831667,medium
full,is_top5_sector_ma5,-0.010105286151575703,-0.06789891730620685,0.472073995019566,0.6985586481113321,-0.01349872035969748,medium
full,bond_cn_10y2y_spread_std20,-0.010147594120023137,-0.0753945263017322,0.46624350836699363,0.43066600397614313,-0.007025807551216466,medium
full,menv_bond_10y2y_spread_std20,-0.010147594120023137,-0.0753945263017322,0.46624350836699363,0.43066600397614313,-0.007025807551216466,medium
full,menv_m1_m2_spread_ma20_lag20,-0.010155800633603398,-0.0772065310203001,0.45725534308211474,0.4418489065606362,0.006752187106036497,medium
full,cpi_yoy_z20,-0.010194928581251319,-0.0740552050118169,0.4653299916457811,0.2974652087475149,0.00627563128217951,medium
full,ind_matched_return_std20,-0.010199780268158352,-0.03605883445039263,0.4827096162955945,0.5246023856858847,-0.0031211485713578185,medium
full,investor_new_z_ma10,-0.010203376924016112,-0.07344172389508276,0.4685714285714286,0.13046719681908547,-0.005862954324148661,medium
full,ann_positive_ratio,-0.010218176347593854,-0.08744142943687255,0.45701849836779107,0.2283797216699801,-0.00015889615974155145,medium
full,guba_sent_bull_vol_lag3,-0.010255523491170614,-0.08233579358416297,0.4773815859499734,0.466948310139165,-0.012823608715754036,medium
full,bond_cn_10y_lag20,-0.010257801420363751,-0.07585221803581924,0.4652498564043653,0.4326540755467197,-0.019425316356176926,medium
full,ann_sent_bull_vol,-0.010300913274136781,-0.08841425270862853,0.45787139689578715,0.22415506958250497,8.05719733000961e-05,medium
full,debt_ratio_lag20,-0.010301790082272944,-0.07717512112987987,0.46991869918699186,0.30566600397614313,0.011583502283981485,medium
full,investor_new_z_lag5,-0.010306035884711998,-0.06777189479687919,0.4693140794223827,0.06883697813121273,-0.00644813947038662,medium
full,quality_composite_lag20,-0.010309775050909386,-0.07339924843279719,0.473491773308958,0.6796719681908548,0.01757480621295788,medium
full,menv_m1_m2_spread_ma20_lag1,-0.010344990805314052,-0.0745209501719626,0.45687134502923976,0.3399602385685885,0.009219043863631194,medium
full,margin_buy_accel,-0.010353289840898347,-0.061332629001331664,0.47610969748374327,0.8789761431411531,-0.005941561144630901,medium
full,lhb_is_sustained_lag10,-0.010383046223152038,-0.07360301630314806,0.4762773722627737,0.13618290258449303,-0.001604319572355857,medium
full,total_attention_lag2,-0.010424140876481943,-0.0745953432280836,0.46199117214320745,0.5067097415506958,-0.011379397832258206,medium
full,bond_cn_30y_lag1,-0.010464028222980624,-0.06533491126729613,0.4668304668304668,0.10114314115308151,-0.016756801834580393,medium
full,bond_cn_10y_std20,-0.010474260558242656,-0.07691442856851266,0.46317606444188725,0.43190854870775347,-0.006121055280081477,medium
full,positive_ratio_ma20,-0.01047768378230421,-0.08140367942064597,0.46469833119383824,0.19358846918489064,-0.011618576253599716,medium
full,cpi_yoy_std20,-0.010541061583255011,-0.07984970512392137,0.4681372549019608,0.40556660039761433,-0.01487765681435504,medium
full,m1_yoy_std20,-0.010542912076914357,-0.07990032452211941,0.45952677459526775,0.3991053677932406,-0.00935324266415061,medium
full,market_state_volatile_std20_lag1,-0.010545690381682717,-0.09211254886247387,0.5384615384615384,0.0032306163021868788,0.003174894422342825,medium
full,market_state_volatile_ma20_lag1,-0.010545690381682717,-0.09211254886247387,0.5384615384615384,0.0032306163021868788,0.0031759260579777614,medium
full,wvma_30d,-0.010669559406820787,-0.08257092945780692,0.4716699801192843,1.0,-0.008312710564041995,medium
full,guba_post_count_lag2,-0.010677313339330264,-0.07629113605617877,0.4615007356547327,0.5067097415506958,-0.011577133909649961,medium
full,adx,-0.010736090302972555,-0.07036928921371169,0.4721669980119284,1.0,0.004928944470160718,medium
full,ind_return_max_ma5,-0.010739720642432725,-0.07156737153198552,0.4674285714285714,0.21744532803180913,-0.010346870590668267,medium
full,ind_return_min,-0.010762963605530739,-0.06516759857707635,0.47520661157024796,0.060139165009940355,0.005504858038944339,medium
full,ind_dispersion_20d,-0.010812959043540972,-0.06367136392713094,0.4686192468619247,0.05939363817097416,-0.002111207153441246,medium
full,shibor_1Y,-0.010835441890356106,-0.0651506425288923,0.49264705882352944,0.033797216699801194,-0.011323699140280674,medium
full,lhb_is_drop_lag20,-0.010837205558147583,-0.0836151579091679,0.4564102564102564,0.14537773359840955,-0.002573643734015695,medium
full,guba_sent_streak_lag2,-0.0108405054785362,-0.08894522040877095,0.46446011937059145,0.45800198807157055,-0.011974259488368175,medium
full,news_sent_reversal_5d_lag3,-0.010846776096321111,-0.0887724530268158,0.4535809018567639,0.09368787276341949,-0.008854791645535712,medium
full,menv_m1_m2_spread_ma20_lag3,-0.010852222125163244,-0.07867011260228746,0.4596100278551532,0.35685884691848907,0.008818508796016958,medium
full,ind_return_max_lag2,-0.010867571202622151,-0.07073280528450165,0.46755407653910147,0.14935387673956263,-0.0031598415246429047,medium
full,bond_us_5y_lag1,-0.0108885570386885,-0.06666236598771177,0.4719387755102041,0.09741550695825049,-0.018063775918499236,medium
full,menv_m1_m2_spread_ma5,-0.010993676418798348,-0.07195467455533673,0.4489795918367347,0.1095924453280318,0.00862685694008592,medium
full,guba_negative_ratio,-0.011002883921813979,-0.08731905996240355,0.46839959225280325,0.4875745526838966,-0.009415835154797115,medium
full,holder_num_z20,-0.011020657645083228,-0.07509411449162495,0.4632929436920884,0.34865805168986086,-0.004015706988165792,medium
full,bond_cn_10y,-0.011087368018381885,-0.06485314313413477,0.48214285714285715,0.055666003976143144,-0.017109031926708308,medium
full,menv_m1_m2_spread_lag20,-0.011088389687309035,-0.082089202325315,0.45681818181818185,0.21868787276341947,0.008492851833745063,medium
full,bond_us_10y2y_spread_ma5,-0.011116547113496907,-0.07398232111752222,0.453416149068323,0.2000497017892644,-0.00015407348336895273,medium
full,investor_new_z_lag10,-0.011118282917821085,-0.07899167985008847,0.46987951807228917,0.10313121272365805,-0.002283026277111184,medium
full,sent_agree_pos,-0.011125976707194505,-0.08990755654576185,0.4690721649484536,0.5303180914512923,-0.012090950848386878,medium
full,gdp_cn_yoy_ma20,-0.011134285392453017,-0.0802680254387612,0.4607645875251509,0.12350894632206759,-0.012572405425730598,medium
full,guba_post_count_lag1,-0.011147424344320749,-0.07952283640891289,0.46199117214320745,0.5067097415506958,-0.012792249111826168,medium
full,margin_balance_z20,-0.011237222264524638,-0.06893824991381235,0.47639242295730844,0.8789761431411531,-0.009557434452628494,medium
full,sf_total_lag1,-0.011241523821435489,-0.06818762104330299,0.47093023255813954,0.042743538767395624,-0.010119819075343959,medium
full,total_attention_lag1,-0.011245090455674284,-0.08030798000919305,0.4602941176470588,0.5069582504970179,-0.012561366018459977,medium
full,earnings_surprise_lag20,-0.011262542400200089,-0.06931409592324018,0.4789762340036563,0.6796719681908548,0.015791008158667283,medium
full,negative_ratio_lag1,-0.01132583448845967,-0.09551154106603549,0.44534412955465585,0.061381709741550695,-0.0037659556321531337,medium
full,margin_buy_ma20,-0.011395584147108506,-0.05914466232905489,0.4778060503251343,0.8789761431411531,-0.01599675478919126,medium
full,menv_m1_m2_spread_lag5,-0.011443117523181763,-0.07465520669246634,0.45598194130925507,0.11008946322067595,0.008198720805359763,medium
full,margin_buy_lag2,-0.01145351558348754,-0.06026569083195144,0.4786421499292786,0.8784791252485089,-0.016026365786690783,medium
full,guba_sent_streak_lag1,-0.011464074783336182,-0.09300832217433096,0.46446011937059145,0.45800198807157055,-0.01075507741670405,medium
full,pe_percentile_252d_lag3,-0.011484094636914178,-0.09068678899339042,0.46474358974358976,0.6978131212723658,-0.009685148994610043,medium
full,guba_sent_streak,-0.011496479181961415,-0.09156542259635567,0.47097124253933803,0.45800198807157055,-0.01203709697734293,medium
full,bond_cn_2y_lag1,-0.011572033486610489,-0.07227989598070855,0.46246973365617433,0.10263419483101392,-0.01742887475146837,medium
full,menv_m1_m2_spread_ma20_lag2,-0.011586302061307554,-0.08370367284930622,0.4540270848182466,0.34865805168986086,0.009357717100038557,medium
full,net_zt_proportion_accel,-0.011620317166500742,-0.06621661760134352,0.5384615384615384,0.0032306163021868788,-0.01084979734927643,medium
full,market_state_weak_ma20_lag20,-0.011623588649250413,-0.08376696009176032,0.44025157232704404,0.039512922465208745,-0.011986587471926088,medium
full,news_sent_reversal_5d,-0.011652852229351657,-0.096483191223317,0.4763157894736842,0.09443339960238568,-0.006998103304128015,medium
full,consecutive_inflow_5d,-0.011691695565342313,-0.08061596178446229,0.4727078130574385,0.6965705765407555,-0.01256490172470722,medium
full,consecutive_inflow_10d,-0.011753920675926184,-0.08024416796135969,0.4641455583303603,0.6965705765407555,-0.011864979082150931,medium
full,high_low_ratio_lag1,-0.011875680095170815,-0.060960737062627994,0.4090909090909091,0.0054671968190854875,-0.0006127900933194702,medium
full,cord_30d,-0.011884227065272007,-0.08778834357919287,0.45974155069582506,1.0,-0.009271829972566004,medium
full,main_net_ma10,-0.0118914202257252,-0.07556672829833821,0.47634293845606546,0.6985586481113321,-0.005298901145048192,medium
full,main_ratio_ma10,-0.0118914202257252,-0.07556672829833821,0.47634293845606546,0.6985586481113321,-0.005298901697825322,medium
full,menv_m1_m2_spread_std20,-0.011892270120929483,-0.08748501658720313,0.4627696590118302,0.3571073558648111,-0.010766574994957567,medium
full,margin_buy_lag3,-0.011903599198281286,-0.06260721873844577,0.4702886247877759,0.8782306163021869,-0.016932741010301625,medium
full,sector_vol_volatility_accel,-0.011917491791252469,-0.09229442677544797,0.46216987865810133,0.6963220675944334,-0.006250371231280718,medium
full,market_state_normal_ma10_lag3,-0.0119289834940796,-0.09984876013631541,0.5,0.002982107355864811,-0.00022557726638609753,medium
full,volume_ratio_lag1,-0.011951545877908405,-0.08265729395865323,0.4647117296222664,1.0,-0.0063184766167395795,medium
full,flow_market_cap_adj,-0.011962796838879276,-0.07662235245596867,0.4657387580299786,0.6963220675944334,-0.0030294261677976863,medium
full,board_momentum_mean_ma5_lag1,-0.011988604646012915,-0.11967143183919268,0.6666666666666666,0.0014910536779324055,-0.003079118285134566,medium
full,board_momentum_max_ma5_lag1,-0.011988604646012915,-0.11967143183919268,0.6666666666666666,0.0014910536779324055,-0.003079118285134566,medium
full,wvma_20d,-0.011990500603126883,-0.08830485892422747,0.47042743538767395,1.0,-0.008987422221905413,medium
full,permanent_impact_z20,-0.012003236029464875,-0.06902007800511221,0.4696819085487077,1.0,-0.010234075241474442,medium
full,flow_z_std20,-0.012005423366793043,-0.08582343175242799,0.46205913786961167,0.6975646123260437,-0.009904203922475234,medium
full,menv_m1_m2_spread_lag2,-0.012032642857302616,-0.07636362076674011,0.4715447154471545,0.06113320079522863,0.008717675882027784,medium
full,guba_disagreement,-0.012032645163051097,-0.0926085318771516,0.4590818363273453,0.49801192842942343,-0.011172128036528454,medium
full,margin_buy_lag1,-0.012053778111418651,-0.06315168686099419,0.47737556561085975,0.878727634194831,-0.017665778229546684,medium
full,short_balance_z20,-0.012059709476443766,-0.07803047261229468,0.46564885496183206,0.8789761431411531,-0.00994977872061046,medium
full,menv_m1_m2_spread_ma5_lag1,-0.012076993488069497,-0.08052763102098753,0.443359375,0.1272365805168986,0.008739645891243101,medium
full,flow_momentum_std20,-0.012080554895018388,-0.08644632426866662,0.46205913786961167,0.6975646123260437,-0.009726727024353638,medium
full,quality_composite_lag10,-0.012084838608921207,-0.08620507638030485,0.4666666666666667,0.6821570576540755,0.015878830014703377,medium
full,corr_30d,-0.012085354742554105,-0.08263072989890588,0.47340954274353875,1.0,-0.007369437932457287,medium
full,pe_percentile_252d_lag2,-0.012106017514754706,-0.09552628697313705,0.46101815592737627,0.6980616302186878,-0.010647439364637802,medium
full,mkt_cap_total_z_lag5,-0.012127856062655186,-0.07962792552544545,0.44765342960288806,0.06883697813121273,-0.017115735145078338,medium
full,shibor_1W_lag3,-0.012136135756564663,-0.07921775573498581,0.453781512605042,0.11829025844930417,-0.013627134746886047,medium
full,consecutive_inflow_20d_ma5,-0.012197513857880303,-0.08049281461301198,0.4699395233013163,0.6985586481113321,-0.011562209245092804,medium
full,news_sent_momentum_5d_lag1,-0.01220441030852152,-0.10687184656950136,0.4515463917525773,0.12052683896620278,-0.005126711479151326,medium
full,ps_ttm_lag20,-0.012237067290730014,-0.0884231773513011,0.460408455750627,0.6935884691848907,-0.013099311027456045,medium
full,m2_yoy_std20,-0.012269579983051455,-0.08923651821541032,0.46013167520117043,0.3397117296222664,-0.01782606905893376,medium
full,news_sent_x_roc20_lag3,-0.012333862897851641,-0.1030844111797071,0.47101449275362317,0.06858846918489066,-0.001988981340372627,medium
full,consecutive_inflow_20d_ma10,-0.012458229623332342,-0.08206717248449256,0.47065101387406616,0.6985586481113321,-0.01302552686799468,medium
full,wvma_5d,-0.012494616487995913,-0.09292784848252678,0.4555168986083499,1.0,-0.010654371359620602,medium
full,consecutive_inflow_20d_ma20,-0.012547484995234441,-0.08191717187538222,0.4724297403059409,0.6985586481113321,-0.013891970225387748,medium
full,margin_buy_ma10,-0.012566530838556234,-0.06522313028791327,0.47299971727452644,0.8789761431411531,-0.016247855166754747,medium
full,lhb_buy_ratio_lag5,-0.012567407470611367,-0.08456088805890424,0.4631578947368421,0.4249502982107356,-0.0049456513220514555,medium
full,lhb_present_lag5,-0.012623147510994335,-0.08490983099558962,0.4619883040935672,0.4249502982107356,-0.004977456629543592,medium
full,concept_zt_count_ma10,-0.012669381012609093,-0.08202967113028742,0.4782608695652174,0.005715705765407555,-0.003362472855763295,medium
full,news_disagreement_lag3,-0.012720401710091528,-0.10040193465618137,0.4411764705882353,0.06759443339960239,-0.005211283728956798,medium
full,volume_lag10,-0.012796561770604125,-0.07433090746839344,0.4662027833001988,1.0,-0.003353347582215559,medium
full,investor_new_num_lag5,-0.012817702205083216,-0.08548296593823905,0.45454545454545453,0.11207753479125249,-0.011891340870801955,medium
full,market_state_normal_accel_lag3,-0.012835145370587045,-0.08804565785246392,0.38461538461538464,0.0032306163021868788,-0.0158490906350819,medium
full,ind_pct_up_lag3,-0.01284084865928883,-0.08368019534463025,0.46467391304347827,0.18290258449304175,-0.019473824319571446,medium
full,is_sector_leader_ma5,-0.012897472117642474,-0.0911626787093062,0.4521540221120854,0.6518389662027833,-0.009305103142005134,medium
full,concept_zt_count_std20,-0.012922417900338377,-0.08258096237441022,0.4782608695652174,0.005715705765407555,-0.0004249558621541154,medium
full,lhb_is_sustained_lag3,-0.012980042602249876,-0.08459366989909532,0.47549909255898365,0.13692842942345926,-0.004538251972717398,medium
full,concept_zt_count_ma20,-0.012983183695911638,-0.08276017048191711,0.4782608695652174,0.005715705765407555,-0.00041382950809703406,medium
full,ps_ttm_lag10,-0.012999041968329616,-0.09356939099925987,0.458764726883256,0.6960735586481114,-0.01316709947186091,medium
full,sentiment_std_std20,-0.013075609602793898,-0.10175351873427843,0.45699614890885754,0.19358846918489064,-0.010451936318603654,medium
full,mkt_cap_total_z_lag3,-0.013099603796441903,-0.08189715335992835,0.4504950495049505,0.05019880715705766,-0.01977195188374551,medium
full,pct_change,-0.013120301239783241,-0.07323508248181476,0.47666547915924473,0.6975646123260437,-0.005828748270434577,medium
full,consecutive_inflow_10d_ma20,-0.013122695644787134,-0.08634118831206378,0.4695837780149413,0.6985586481113321,-0.013082235144496367,medium
full,news_sent_bear_vol_lag5,-0.013141978165189711,-0.10363775942704863,0.45,0.039761431411530816,-0.004625890821370838,medium
full,investor_new_z_ma5,-0.013239551790631297,-0.08683750441702857,0.45390070921985815,0.07007952286282307,-0.006468254391638467,medium
full,bond_cn_10y_lag2,-0.013250001823171159,-0.08592591819836626,0.4501779359430605,0.139662027833002,-0.016514473372666504,medium
full,wvma_10d,-0.013253290833770541,-0.09781331275261293,0.4584990059642147,1.0,-0.009917805802507654,medium
full,pb_percentile_252d_lag20,-0.013295097924362178,-0.07816795229247107,0.46936581870297384,0.6935884691848907,-0.0112819933491046,medium
full,sentiment_std_ma20,-0.013326309666502398,-0.10342219302432618,0.4557124518613607,0.19358846918489064,-0.010455635573504162,medium
full,menv_us_cn_10y_spread_std20,-0.01332961662712098,-0.09782729057476647,0.4575879976918638,0.43066600397614313,-0.017220108859423704,medium
full,has_news_ma10,-0.01334175177344149,-0.1001338352131697,0.4478330658105939,0.1548210735586481,-0.012517918451882035,medium
full,consecutive_inflow_20d,-0.013373579449234261,-0.08772985452839674,0.46236175526221907,0.6965705765407555,-0.012391541931976169,medium
full,news_sent_skew_lag20,-0.01343788913032815,-0.11428946916044293,0.4513031550068587,0.18116302186878727,-0.006969846117944688,medium
full,menv_m1_m2_spread_lag1,-0.013440414165507526,-0.08089591104307485,0.47093023255813954,0.042743538767395624,0.00891014087562755,medium
full,ind_return_std_lag3,-0.013456891410925433,-0.08800597539546709,0.46112600536193027,0.18538767395626243,-0.00014708708182282793,medium
full,news_guba_ratio_lag3,-0.013468714809038792,-0.10718558530633598,0.4564459930313589,0.0713220675944334,-0.008502092107234922,medium
full,consecutive_inflow_5d_ma20,-0.0134782202792143,-0.08898734402624787,0.4678050515830665,0.6985586481113321,-0.01224371515162791,medium
full,ps_ttm_lag5,-0.013517218435196834,-0.09732175159125594,0.45438346400570206,0.6973161033797217,-0.01351900336705807,medium
full,earnings_surprise_lag10,-0.013531347136321209,-0.08248772946323672,0.47030965391621127,0.6821570576540755,0.0130023283811247,medium
full,pe_percentile_252d_lag1,-0.013588950767118711,-0.10666095209978099,0.4608540925266904,0.69831013916501,-0.010267942436057952,medium
full,m1_yoy_ma20,-0.013619479163277923,-0.09748461830985361,0.4419134396355353,0.327286282306163,-0.011979169744302364,medium
full,sentiment_std_lag3,-0.013670083924526611,-0.10796065775836651,0.4375,0.06759443339960239,-0.005228549838027206,medium
full,margin_buy_std20,-0.013712301695284838,-0.07222005667845538,0.4735651682216568,0.8789761431411531,-0.01625995185455025,medium
full,lhb_count_5d_lag10,-0.013759387398280018,-0.09533165874015001,0.4609552691432904,0.6555666003976143,-0.0045240903014550455,medium
full,total_attention,-0.013765837382084384,-0.09844079835948062,0.45271925526702594,0.5072067594433399,-0.01198034746010091,medium
full,is_sector_leader_ma10,-0.013831320554371512,-0.10120452209087571,0.4506991753316601,0.6930914512922465,-0.009828476345024803,medium
full,guba_post_count,-0.013852156638644529,-0.09892644340779908,0.4526728788621873,0.5067097415506958,-0.01220345008986757,medium
full,margin_buy_ma5,-0.013905373331329225,-0.07238209840910768,0.47469607011591747,0.8789761431411531,-0.017148703619658513,medium
full,main_net_ma20,-0.013937358067958788,-0.08850209649765813,0.4699395233013163,0.6985586481113321,-0.00537466575712338,medium
full,main_ratio_ma20,-0.013937358067958788,-0.08850209649765813,0.4699395233013163,0.6985586481113321,-0.005374676233414977,medium
full,news_sent_accel,-0.013962479292544074,-0.11463584031845904,0.46328437917222964,0.18613320079522863,-0.0028466115674379865,medium
full,sentiment_mean_accel,-0.013962479292544074,-0.11463584031845904,0.46328437917222964,0.18613320079522863,-0.0028466115674379865,medium
full,net_zt_proportion_ma20,-0.013970032983958883,-0.1279741931802292,0.38461538461538464,0.0032306163021868788,0.0030702925339813536,medium
full,news_sent_reversal_5d_lag1,-0.014048913869275464,-0.11881679576691534,0.46965699208443273,0.09418489065606361,-0.008406554532179599,medium
full,cntd_60d,-0.014061279474228212,-0.09074663157610005,0.45651093439363816,1.0,-0.009006267878624389,medium
full,shibor_6M,-0.014123387410343883,-0.08685987270285944,0.48905109489051096,0.03404572564612326,-0.012750863359368684,medium
full,ps_ttm_lag3,-0.01413208866419998,-0.10191511479811567,0.45014245014245013,0.6978131212723658,-0.015093562739481304,medium
full,flow_market_cap_adj_std20,-0.014145624176418417,-0.08833145433696607,0.456065457132693,0.6985586481113321,-0.013245127567411497,medium
full,news_guba_ratio_lag5,-0.014159595764439873,-0.11980407670002413,0.45263157894736844,0.07082504970178927,-0.01105533937217873,medium
full,bond_us_10y2y_spread_lag3,-0.014254664363332658,-0.09270803519659274,0.45220030349013657,0.16376739562624254,-0.0009335926372240176,medium
full,positive_ratio_ma10,-0.014283231233005114,-0.11752737238603943,0.434991974317817,0.1548210735586481,-0.009280909755869659,medium
full,m1_yoy_lag10,-0.014303694630463083,-0.0979222715233585,0.468944099378882,0.16003976143141152,-0.010680305665664117,medium
full,margin_buy,-0.014335834311639843,-0.07535962352928176,0.46762793327678825,0.8789761431411531,-0.016434313781307622,medium
full,ps_ttm_lag2,-0.01438691764538975,-0.10373412872961704,0.4485582057671769,0.6980616302186878,-0.01595863814750487,medium
full,investor_new_num_ma10,-0.014509024786585268,-0.10248437153916659,0.4542079207920792,0.20079522862823063,-0.013978056688207929,medium
full,cntp_60d,-0.014524006718923418,-0.0903382008803351,0.46371769383697814,1.0,-0.012180853591546347,medium
full,is_extreme_flow,-0.014527929649462219,-0.11051313695721568,0.4584693507435618,0.6851391650099403,-0.008832535876891959,medium
full,ps_ttm_lag1,-0.014585998066034531,-0.10517772548201931,0.4501779359430605,0.69831013916501,-0.016637395065699993,medium
full,main_ratio_ma5,-0.014611243819562643,-0.09256656824044435,0.4646033440056919,0.6985586481113321,-0.00994674249537481,medium
full,main_net_ma5,-0.014611243819562643,-0.09256656824044435,0.4646033440056919,0.6985586481113321,-0.009946746804265393,medium
full,avg_account_cap_z_ma10,-0.014655849472588288,-0.10308702000416324,0.44571428571428573,0.13046719681908547,0.0010573752326617863,medium
full,sector_vol_volatility_z20,-0.014676676683876715,-0.11362840973426651,0.4582441113490364,0.6963220675944334,-0.006010175738247237,medium
full,guba_sent_x_roc20_lag1,-0.014721298664635604,-0.12455154056578988,0.45770392749244715,0.49353876739562624,-0.007369325653339175,medium
full,board_momentum_mean_ma5,-0.014742828692644193,-0.08209718528668496,0.6666666666666666,0.0014910536779324055,-0.006529474331379728,medium
full,board_change_pct_ma5,-0.014742828692644193,-0.08209718528668496,0.6666666666666666,0.0014910536779324055,-0.006529474331379728,medium
full,board_momentum_max_ma5,-0.014742828692644193,-0.08209718528668496,0.6666666666666666,0.0014910536779324055,-0.006529474331379728,medium
full,shibor_3M,-0.014743052453816519,-0.08916962110387502,0.47101449275362317,0.03429423459244533,-0.012662967475572814,medium
full,menv_m1_m2_spread_ma5_lag2,-0.014770812074607852,-0.09972460579722173,0.43771626297577854,0.14363817097415507,0.00874191704729974,medium
full,guba_attention_z,-0.014779956163503392,-0.12093841209027265,0.44793621013133206,0.5298210735586482,-0.005598999476632008,medium
full,news_count_lag3,-0.014810258357309654,-0.1170473138214409,0.445993031358885,0.0713220675944334,-0.008527877197693092,medium
full,corr_20d,-0.01491464943880632,-0.10286218383828875,0.46222664015904574,1.0,-0.00861799602725665,medium
full,ps_ttm,-0.015006338105862573,-0.10814904923652899,0.4507292778370687,0.6985586481113321,-0.01722377639739555,medium
full,avg_account_cap_z_lag10,-0.015012689652212235,-0.10627228965498989,0.46987951807228917,0.10313121272365805,0.0025838979918847466,medium
full,news_sent_x_macd_lag1,-0.01501320327902443,-0.12402490457777524,0.45357142857142857,0.06958250497017893,-0.0010813713883636624,medium
full,market_state_volatile_ma20_lag2,-0.01507891125226332,-0.1232390193661201,0.46153846153846156,0.0032306163021868788,0.0009730542619383177,medium
full,market_state_volatile_std20_lag2,-0.01507891125226332,-0.1232390193661201,0.46153846153846156,0.0032306163021868788,0.0009740824336707209,medium
full,volume_lag5,-0.015091285193293896,-0.08678172934501588,0.4577534791252485,1.0,-0.0014291664112212287,medium
full,mkt_cap_total_z_lag1,-0.015095669855600664,-0.09259600076100392,0.4528301886792453,0.026341948310139165,-0.018837791045684574,medium
full,has_news_ma5,-0.015185160977874111,-0.11294795257227941,0.4589178356713427,0.12400596421471173,-0.012107362835408133,medium
full,flow_intensity_std20,-0.015187372694774628,-0.11120235547599512,0.44994656216601353,0.6975646123260437,-0.010779369185421914,medium
full,lhb_is_drop_lag5,-0.015195439522592474,-0.10842446134140767,0.4514480408858603,0.14587475149105367,-0.0022749805143051174,medium
full,is_sector_leader_ma20,-0.015205848132698792,-0.1131829475340475,0.4510850231234436,0.6985586481113321,-0.00958921431792966,medium
full,market_state_normal_lag5,-0.015269736675650116,-0.10162403980388426,0.3333333333333333,0.0014910536779324055,-0.008968445178409886,medium
full,cord_20d,-0.015303301639359217,-0.1124370396532258,0.4542743538767396,1.0,-0.011611006679176172,medium
full,investor_new_num_lag10,-0.01536704782509711,-0.1096764792326151,0.4514200298953662,0.16625248508946322,-0.013102692455429768,medium
full,rsi_12_lag10,-0.015435984963589364,-0.08993064919642378,0.4629721669980119,1.0,-0.010442542727063523,medium
full,flow_market_cap_adj_ma10,-0.015468629948289021,-0.09952253946415157,0.46140163642831733,0.6985586481113321,-0.008139544201318471,medium
full,investor_new_z_lag1,-0.015690120046366007,-0.0952627972288203,0.41509433962264153,0.026341948310139165,-0.006123469475798715,medium
full,news_sent_streak,-0.015696430815866757,-0.11787477150357646,0.5098039215686274,0.025347912524850896,-0.009419449407768503,medium
full,market_state_volatile_std20_lag5,-0.01577142188656028,-0.10946848871084092,0.6153846153846154,0.0032306163021868788,-0.0001986835664239504,medium
full,market_state_volatile_ma20_lag5,-0.01577142188656028,-0.10946848871084092,0.6153846153846154,0.0032306163021868788,-0.0001995270132347131,medium
full,pe_percentile_252d,-0.01588009041979794,-0.1242896194804456,0.4567769477054429,0.6985586481113321,-0.010390497844282079,medium
full,rsi_12_lag5,-0.015999103170668903,-0.09052556956773293,0.4614811133200795,1.0,-0.010626069986732083,medium
full,margin_buy_z20,-0.0160548384565454,-0.09272451916902921,0.46480067854113655,0.8789761431411531,-0.0024583611699926615,medium
full,pb_percentile_252d_lag10,-0.01605733963746504,-0.09089718033185976,0.4785714285714286,0.6958250497017893,-0.010605942580467879,medium
full,market_state_volatile_accel_lag3,-0.01619306150768543,-0.10892093657991068,0.4166666666666667,0.002982107355864811,-0.009834772011764666,medium
full,m1_yoy_lag3,-0.016204099137793117,-0.10455108846091318,0.45016077170418006,0.07728628230616302,-0.011779277473059476,medium
full,news_sent_extreme,-0.01623288400634826,-0.13002832579685752,0.4555160142348754,0.069831013916501,-0.004550722825012397,medium
full,lhb_is_sustained_ma5,-0.01640933315122482,-0.10486151753042337,0.4421383647798742,0.3951292246520875,-0.005603817547621192,medium
full,investor_new_num_ma5,-0.016747050286198936,-0.10868244051872226,0.4404494382022472,0.11058648111332008,-0.014574117723672852,medium
full,stock_vs_industry_std20,-0.01677018914687776,-0.05665194973630255,0.46849834201800095,0.5246023856858847,-0.003332559982751992,medium
full,m2_yoy_lag3,-0.016773275986458083,-0.10653063963177752,0.44932432432432434,0.073558648111332,-0.011640977259391574,medium
full,m2_yoy_lag1,-0.016974261715600663,-0.10161925569064233,0.4567901234567901,0.04025844930417495,-0.012029797761557375,medium
full,ind_return_max,-0.01699565845509414,-0.1011690393320363,0.4628099173553719,0.060139165009940355,-0.012867573906068455,medium
full,lhb_is_sustained_lag2,-0.017052620123199146,-0.1101233427855405,0.4601449275362319,0.13717693836978131,-0.0041723034186777275,medium
full,sector_vol_volatility_std20,-0.017063890087024386,-0.1279729522932759,0.45895788722341185,0.6963220675944334,-0.010698452123483278,medium
full,mkt_cap_total_z,-0.017083953391620794,-0.10180777409133827,0.48148148148148145,0.01341948310139165,-0.01743580212785159,medium
full,cord_10d,-0.01711598311167765,-0.12495024155596812,0.4463220675944334,1.0,-0.012330310776996523,medium
full,concept_zt_ratio_ma10,-0.017140947838040536,-0.10943553287440679,0.43478260869565216,0.005715705765407555,-0.003362472855763295,medium
full,investor_new_num_lag3,-0.017427497696002523,-0.11124448924657107,0.44135802469135804,0.0805168986083499,-0.013876960269215121,medium
full,lhb_is_sustained_std20,-0.01749464577916531,-0.11509182871742306,0.453416149068323,0.6401590457256461,-0.006956211079282124,medium
full,lhb_is_sustained_ma20,-0.017495173015163245,-0.11509517213114773,0.453416149068323,0.6401590457256461,-0.0069559070683382586,medium
full,bond_us_10y2y_spread,-0.01756243429395324,-0.10221233300591438,0.4669811320754717,0.05268389662027833,0.0012201137789829395,medium
full,news_count_lag5,-0.017652998719198107,-0.14812278636903808,0.43859649122807015,0.07082504970178927,-0.011077428076671173,medium
full,flow_market_cap_adj_ma5,-0.017764464335177328,-0.11486231125786364,0.44468160796869444,0.6985586481113321,-0.011987289875533762,medium
full,market_state_volatile_ma5_lag10,-0.01782652309193426,-0.1439628387230098,0.3076923076923077,0.0032306163021868788,0.008426065502817132,medium
full,imxd_60d,-0.01786727459760645,-0.10400531717418356,0.45899602385685884,1.0,-0.019108079939755135,medium
full,is_extreme_flow_ma10,-0.017886813940284855,-0.13459081279713822,0.4426229508196721,0.6973161033797217,-0.011107912354058096,medium
full,m2_yoy_lag2,-0.01793702140771071,-0.11242288427246988,0.4396551724137931,0.05765407554671968,-0.01224909082766196,medium
full,flow_market_cap_adj_ma20,-0.018004973825587203,-0.11663045580017586,0.4606901458555674,0.6985586481113321,-0.008926653713120306,medium
full,positive_ratio_ma5,-0.018019327195109406,-0.14750428634624704,0.43661971830985913,0.12350894632206759,-0.00822390744072286,medium
full,lhb_is_wave_lag10,-0.018146309394081444,-0.13184417280856517,0.43253968253968256,0.12524850894632206,-0.005406087509857918,medium
full,sf_total,-0.01817084493133057,-0.10767710209051358,0.46808510638297873,0.023359840954274354,-0.011163785506935014,medium
full,is_extreme_flow_ma20,-0.01823053470391693,-0.13545368541373817,0.4426229508196721,0.6973161033797217,-0.011138073082976822,medium
full,lhb_is_drop_std20,-0.018299661790463998,-0.12706292610006573,0.4447004608294931,0.647117296222664,-0.008303273438851956,medium
full,lhb_is_drop_ma20,-0.018299788708577864,-0.12706368766466716,0.4447004608294931,0.647117296222664,-0.00830369424096291,medium
full,lhb_is_wave_lag5,-0.01842358473997912,-0.12594441565739417,0.44532803180914515,0.125,-0.007087276304216356,medium
full,corr_10d,-0.018462173007131596,-0.12674371927115977,0.45825049701789267,1.0,-0.009762198832748922,medium
full,avg_account_cap_z_ma5,-0.0186344307915274,-0.11963402780543901,0.43617021276595747,0.07007952286282307,0.0006326941783287342,medium
full,is_extreme_flow_ma5,-0.018742632863538555,-0.1414337221896479,0.451176051318603,0.6973161033797217,-0.011937646608970235,medium
full,market_state_volatile_ma10_lag3,-0.018812352758310433,-0.12298922820345033,0.3333333333333333,0.002982107355864811,0.0019777958715065276,medium
full,lhb_count_5d_lag5,-0.01888032880180853,-0.12395215665255452,0.46139288417865254,0.6565606361829026,-0.009646724283382705,medium
full,m2_yoy_ma5,-0.018889584429417093,-0.12146759051034953,0.43914081145584727,0.10412524850894632,-0.011556064876348197,medium
full,atr_14_lag20,-0.018961098904051055,-0.10680754212888023,0.44980119284294234,1.0,-0.014705617968196963,medium
full,cb_0_ma5_lag1,-0.018961793564360157,-0.08734517338483923,0.5,0.0014910536779324055,0.0032907452438746946,medium
full,news_sent_x_roc20,-0.018992478360877533,-0.15910446799144004,0.4229390681003584,0.06933399602385686,-0.0038978817052187018,medium
full,sentiment_std_ma10,-0.019063301678390487,-0.15566404510567503,0.42215088282504015,0.1548210735586481,-0.0088808507866946,medium
full,m2_yoy_ma10,-0.019132822812438194,-0.13360029849168628,0.4568854568854569,0.19309145129224653,-0.012710755382773447,medium
full,bond_cn_2y,-0.019167911299791646,-0.11518019426572165,0.4557522123893805,0.05616302186878728,-0.017465166149540752,medium
full,sentiment_mean_lag1,-0.01923919174371424,-0.16548400413615505,0.4607142857142857,0.06958250497017893,-0.005945341928422526,medium
full,high0,-0.019320910673464326,-0.1032971339306337,0.46048707753479123,1.0,-0.011483901779745077,medium
full,news_guba_ratio,-0.01934503291994968,-0.1548177229242516,0.41724137931034483,0.0720675944333996,-0.010627094664200087,medium
full,market_state_normal_std20_lag3,-0.019512619131809614,-0.13839806363243445,0.6153846153846154,0.0032306163021868788,-0.00021310013128317878,medium
full,market_state_normal_ma20_lag3,-0.019512619131809614,-0.13839806363243445,0.6153846153846154,0.0032306163021868788,-0.00021207045900857574,medium
full,sector_vol_volatility_ma20,-0.019537416693685358,-0.1389089800443863,0.4464668094218415,0.6963220675944334,-0.011406136072187713,medium
full,news_sent_volume_lag1,-0.019538699801995376,-0.1682280154727839,0.4642857142857143,0.06958250497017893,-0.005951036145978269,medium
full,m2_yoy_lag10,-0.01960367028894259,-0.13624022994633625,0.4706814580031696,0.15680914512922464,-0.013541182475090336,medium
full,imax_60d,-0.019607883675056337,-0.11893793592020274,0.448558648111332,1.0,-0.014911178276892367,medium
full,lhb_is_sustained_ma10,-0.019674114626049254,-0.12734762677030023,0.4415954415954416,0.5233598409542743,-0.008289127158088931,medium
full,news_sent_extreme_lag1,-0.019687942064714626,-0.1649978438460082,0.425,0.06958250497017893,-0.008435560204325638,medium
full,m1_yoy_ma10,-0.019688998469571863,-0.138332203011317,0.4463840399002494,0.1993041749502982,-0.012021015586265473,medium
full,pb_percentile_252d_lag5,-0.019787935154388356,-0.11118738174237974,0.4591800356506239,0.6970675944333996,-0.010507175706883962,medium
full,mkt_cap_total_z_lag2,-0.01979180271291421,-0.1250575461152045,0.45569620253164556,0.03926441351888668,-0.019921045047190177,medium
full,bond_us_10y2y_spread_lag1,-0.019861282896633116,-0.1244224089825314,0.4297082228116711,0.09368787276341949,0.0003283322903295157,medium
full,sentiment_mean,-0.01987520731206578,-0.15797574048347807,0.41637010676156583,0.069831013916501,-0.005169592110454355,medium
full,m1_yoy_ma5,-0.01989847135601754,-0.13103566821363588,0.41496598639455784,0.1095924453280318,-0.011723222068894975,medium
full,news_sent_bull_vol_lag3,-0.019929205189883694,-0.1616804593148305,0.4188034188034188,0.05815109343936382,-0.007572448478783535,medium
full,sentiment_mean_ma5,-0.019930128669349314,-0.1749743715690874,0.42386831275720166,0.12077534791252485,-0.007176266347608265,medium
full,news_sent_momentum_5d,-0.019930128669349314,-0.1749743715690874,0.42386831275720166,0.12077534791252485,-0.007176266347608265,medium
full,bt_days_since_ma5,,,,0.0,0.016448384382909836,medium
full,bt_intensity_20d_std20,,,,0.0,0.01090226526399315,medium
full,cb_1_lag5,,,,0.0,0.010633958463556775,medium
full,bt_last_direction,,,,0.0,0.010070754717026087,medium
full,cb_1_lag1,,,,0.0,0.011340741264038745,medium
full,bt_days_since_ma20,,,,0.0,0.016869761226281865,medium
full,cb_1_ma5_lag1,,,,0.0,0.010836706249413963,medium
full,bt_last_direction_ma10,,,,0.0,0.011299622552818883,medium
full,market_state_normal,,,,0.0,-0.012741924158963474,medium
full,bt_count_20d_accel,,,,0.0,-0.010058486299127645,medium
full,bt_days_since,,,,0.0,0.016295865208420274,medium
full,bt_days_since_ma10,,,,0.0,0.017531730888155107,medium
full,bt_days_since_std20,,,,0.0,0.015745731573971765,medium
full,news_neg_momentum_lag3,0.009908212743401494,0.0814860498342075,0.5390946502057613,0.12077534791252485,0.005955436063157284,low
full,effective_yield_ma5,0.0099055168247444,0.06566086658895191,0.5218687872763419,1.0,-0.007460160515364961,low
full,effective_yield,0.009890154898165651,0.0655974469377252,0.5232413621675367,0.9997514910536779,-0.007299091092575058,low
full,effective_yield_ma10,0.009873606470231685,0.06544475762219497,0.5238568588469185,1.0,-0.007524223897790869,low
full,effective_yield_ma20,0.009790333940312309,0.06491010329630721,0.525844930417495,1.0,-0.007741451682605114,low
full,menv_us_cn_10y_spread_ma10_lag2,0.009735726550899512,0.06842474520068596,0.5379061371841155,0.3441848906560636,0.0027990838295666987,low
full,news_count_momentum_lag2,0.009675995315419617,0.08032999590356009,0.5613682092555332,0.12350894632206759,0.007926487107523467,low
full,news_sent_reversal_5d_lag20,0.009445763853007171,0.08667084872466925,0.5416666666666666,0.08946322067594434,-0.004082180863987916,low
full,growth_quality_lag3,0.009306975529882881,0.06942707030098505,0.5343589743589744,0.2422962226640159,-0.006397020762774061,low
full,news_sent_bear_vol_lag10,0.009302844005467862,0.0790695857680846,0.5448717948717948,0.03876739562624255,-0.0010118267520274754,low
full,is_dt_lag3,0.009294893988671483,0.04775479418795213,0.5,0.0009940357852882703,-0.0009341891932575288,low
full,menv_bond_10y2y_spread_z20_lag10,0.009156891176640362,0.06831970859885615,0.5306019221041983,0.4913021868787276,-0.0061968249264547255,low
full,positive_ratio_lag20,0.00908166210558597,0.08046373639656372,0.5173745173745173,0.06436381709741551,-0.003346851540577116,low
full,high_low_ratio_lag2,0.008871689306959592,0.050222834903185604,0.59375,0.007952286282306162,0.00017578745523862024,low
full,ind_pct_up,0.008793487250785078,0.051808298715231765,0.5344827586206896,0.05765407554671968,-0.008848009657996432,low
full,news_pos_momentum_lag5,0.008754920526289657,0.07365875146744129,0.5467479674796748,0.12226640159045726,0.005053226704424604,low
full,market_state_weak_std20_lag5,0.008741377944092863,0.060987261678333834,0.47619047619047616,0.03653081510934394,0.002510898382685523,low
full,PCRC_ma10,0.008725935609934161,0.062302009816409085,0.521540221120854,0.6518389662027833,0.00687751662034884,low
full,deep_value_lag5,0.008666794833371828,0.06952831101479105,0.5220973782771535,0.6635188866799204,0.00817262989920903,low
full,market_adv_ratio_z20,0.008553137915384227,0.0635900798727516,0.5212053571428571,0.44532803180914515,-0.0075006660225898775,low
full,fx_jpy_cny_lag2,0.00851742599876013,0.055322115486432046,0.522887323943662,0.1411530815109344,-0.00967960768740522,low
full,effective_yield_std20,0.008487535692667924,0.05954411347234397,0.5186381709741551,1.0,-0.00936457149320001,low
full,avg_shares_z20,0.008434350097820443,0.05761942023699969,0.5347172512526843,0.3471669980119284,0.0012996437958841332,low
full,PCRC,0.008430324807318377,0.05988634543555847,0.5236406619385343,0.6307157057654076,0.006994244029020424,low
full,net_margin_lag5,0.008397186073609298,0.05635336664942109,0.5166994106090373,0.2529821073558648,-0.0006072474066174658,low
full,menv_us_cn_10y_spread_ma10_lag3,0.008382002602193378,0.05992994686965143,0.5256944444444445,0.35785288270377735,0.0032925585852903575,low
full,guba_sent_skew_lag1,0.008301626735329555,0.06947164542652999,0.5344995140913509,0.5114314115308151,0.0021709043811607293,low
full,ind_matched_return_lag10,0.008299414195485114,0.03085647747558919,0.5200190657769304,0.5213717693836978,0.001202121495954551,low
full,PCRC_ma5,0.00829817843078859,0.058940990788507334,0.5234405269275475,0.6414015904572564,0.006489681000913374,low
full,news_sent_bear_vol_lag20,0.008214019199748837,0.07075828852461502,0.5263157894736842,0.03777335984095427,-0.0015837445454163197,low
full,sentiment_std_lag20,0.008146327454263337,0.0721557225917924,0.5348837209302325,0.06411530815109344,-0.002715884604394815,low
full,ind_return_max_lag1,0.008113407752233051,0.049876394820560624,0.5181818181818182,0.10934393638170974,-0.0025629701292071037,low
full,deep_value_lag10,0.008094272190194847,0.06476063461605025,0.5222763010108573,0.6637673956262425,0.008660982692469774,low
full,PCRC_ma20,0.00802039354212827,0.05761521338625885,0.5196733481811433,0.6694831013916501,0.006937190676638876,low
full,menv_fx_usd_cny_z_z20_lag10,0.007984344631122025,0.06258146307419131,0.5280941533788914,0.654572564612326,-0.00018700226441679054,low
full,news_disagreement_lag20,0.007952661937225387,0.0704547914043122,0.5310077519379846,0.06411530815109344,-0.002717297314128082,low
full,consecutive_quarter_decline_accel,0.007937071858393657,0.060455420620817296,0.5276153346328785,0.38245526838966204,0.001638467987434061,low
full,consecutive_quarter_decline_z20,0.007925114308847125,0.053342437147924554,0.5263157894736842,0.3399602385685885,0.0006426012027468443,low
full,ind_return_std,0.00788110944913098,0.0457839813241202,0.5247933884297521,0.060139165009940355,-0.0036274439755380463,low
full,shibor_9M_z20,0.007801131366162182,0.058333367981917565,0.5154852030282174,0.3610834990059642,0.0007410555188259779,low
full,dual_concentration_signal_accel,0.0077315882548974054,0.05907482529450056,0.5232558139534884,0.68389662027833,0.0037209876721119965,low
full,cpi_yoy_ma20,0.0077260414754466164,0.056166254350492065,0.5125208681135225,0.297713717693837,-0.00804360650503945,low
full,retail_panic_lag20,0.007711612696738212,0.07170077469578968,0.5394736842105263,0.03777335984095427,0.0030812402077826577,low
full,negative_ratio_lag20,0.007702331324646282,0.06830194698097054,0.5387931034482759,0.05765407554671968,-0.0019359802017254752,low
full,ind_pct_up_z20,0.007627633818760168,0.055355342206910976,0.5178173719376392,0.4463220675944334,-0.002112421893879218,low
full,guba_sent_skew_lag3,0.0075524486138650974,0.06344162539644123,0.5233463035019456,0.510934393638171,0.00162669873292045,low
full,menv_us_cn_10y_spread_ma10_lag5,0.0075204193295428726,0.05400506706144415,0.5139882888744307,0.38195825049701787,0.0037804686015875154,low
full,fx_jpy_cny_lag3,0.007455869401366899,0.049212361125113804,0.5346534653465347,0.1756958250497018,-0.00980741983313599,low
full,guba_sent_skew_lag2,0.00745343860577403,0.06272684818606773,0.5245503159941662,0.5111829025844931,0.0010039211471990254,low
full,menv_shibor_1m_z_z20_lag5,0.007442937693137215,0.05686627364471691,0.5256980979360583,0.614065606361829,0.003554764620568197,low
full,menv_us_cn_10y_spread_ma20_lag2,0.007382991810657065,0.05488225564674232,0.5237032905744562,0.4455765407554672,0.0033638778274955607,low
full,pledge_risk_accel,0.007374480763408102,0.056921169810765206,0.5218340611353712,0.11381709741550695,0.006711417547759243,low
full,guba_sent_skew_lag5,0.00734516398275418,0.06190389578921641,0.5267770204479065,0.5104373757455268,0.0018503363639015605,low
full,menv_us_cn_10y_spread_ma20_lag1,0.0073175930273456724,0.05444590014982953,0.5192525481313703,0.4388667992047714,0.003245447856480162,low
full,north_net_buy_lag1,0.007251395944652989,0.054064973017095,0.5182608695652174,0.4286779324055666,0.00276158757372735,low
full,menv_us_cn_10y_spread_ma5_lag3,0.007107046551193927,0.0496406291043673,0.5280498664292075,0.27907554671968193,0.0013489935428501248,low
full,menv_bond_10y2y_spread_ma5_lag5,0.007103853315171356,0.04964345274037696,0.5083267248215702,0.3133697813121272,-0.006720609918019896,low
full,market_state_weak_ma5_lag20,0.00707760187443235,0.04649401367079283,0.4883720930232558,0.03205765407554672,-0.009731183631832296,low
full,m2_yoy_z20,0.007033766990399963,0.050488250353680306,0.5069230769230769,0.3230616302186879,0.0023671398141354772,low
full,news_sent_accel_lag10,0.006990663201481608,0.05806006157878002,0.5250338294993234,0.18364811133200795,0.00036013629095328045,low
full,ind_return_skew_lag5,0.006978420067166743,0.04674335432669891,0.5273833671399595,0.24502982107355864,0.0023802521171469564,low
full,news_sent_bear_vol,0.006958556060747445,0.05714769083987803,0.503030303030303,0.041003976143141156,-0.00046787905604382077,low
full,cross_source_agreement,0.006941863657530015,0.053406959656894896,0.5251256281407035,0.4945328031809145,0.009218814228935498,low
full,menv_us_cn_10y_spread_ma10_lag10,0.006937806265689222,0.05157031855041875,0.521713954834974,0.42917495029821073,0.004441288893653318,low
full,news_attention_z_lag2,0.006806337011821534,0.05340324337303035,0.5263835263835264,0.19309145129224653,0.008430069440203775,low
full,news_sent_x_macd_lag5,0.006767226531119912,0.05913417645534461,0.5144927536231884,0.06858846918489066,0.0015115957915723022,low
full,lhb_net_amount_lag10,0.006758344261561786,0.04881829853453733,0.5265306122448979,0.42619284294234594,0.004249693828585139,low
full,news_guba_divergence_lag3,0.006730456633242074,0.056714637913964486,0.5246727089627392,0.49353876739562624,0.007481423094688147,low
full,shibor_1W_accel,0.006681287034267263,0.049559687221771516,0.5233236151603499,0.34095427435387676,0.005819006821948763,low
full,market_state_weak_z20_lag3,0.006674469259705936,0.04717576964891439,0.4896551724137931,0.0360337972166998,0.006709612983973571,low
full,f_score_lag3,0.006673847072669803,0.05215759571590327,0.518452380952381,0.41749502982107356,-0.007055526860685241,low
full,pe_pb_divergence_lag1,0.006586112630586751,0.048479509516143854,0.5181494661921708,0.69831013916501,0.008241377076783333,low
full,news_sent_accel_lag20,0.006576841971921073,0.055338625695137526,0.5404663923182441,0.18116302186878727,0.002304229283928213,low
full,news_neg_momentum_lag2,0.006563772284065925,0.05362056866366447,0.5482546201232033,0.12102385685884692,0.00695675328398689,low
full,lhb_net_amount_lag2,0.006546619215590663,0.043942255907694454,0.5151869158878505,0.4254473161033797,0.0017954843816409102,low
full,HN_z_accel,0.006532561977487072,0.048852272469360546,0.5103591160220995,0.35984095427435386,0.0017582584262933,low
full,menv_us_cn_10y_spread_ma20,0.006528045590516299,0.04843439479684585,0.51933064050779,0.43066600397614313,0.0031850261039050682,low
full,news_sent_extreme_lag20,0.006519026256026394,0.05847089453128581,0.5285171102661597,0.06535785288270378,-0.003967721475378233,low
full,bond_cn_10y2y_spread_lag1,0.006514017701935418,0.04003840054638241,0.5278450363196125,0.10263419483101392,-0.005365304490213017,low
full,menv_bond_10y2y_spread_lag1,0.006514017701935418,0.04003840054638241,0.5278450363196125,0.10263419483101392,-0.005365304490213017,low
full,pe_pb_divergence,0.0064300257110835035,0.04734631032778807,0.5176093916755603,0.6985586481113321,0.008054373304315804,low
full,market_state_volatile_accel_lag10,0.00641346549890681,0.03881879353469288,0.38461538461538464,0.0032306163021868788,0.003984319571531494,low
full,flow_momentum_lag10,0.0064001765726253304,0.045156228390447944,0.5123523093447906,0.6940854870775348,0.00601025083228086,low
full,north_net_buy_lag10,0.006394246406574485,0.04649069502553846,0.5279538904899136,0.4311630218687873,0.004479584600431547,low
full,consecutive_quarter_decline,0.006331726127161024,0.04824431324032119,0.5287356321839081,0.6702286282306164,0.006720782391680399,low
full,menv_us_cn_10y_spread_ma5_lag2,0.0063313947952053995,0.042539926137285855,0.5173745173745173,0.25745526838966204,0.0006508967220386132,low
full,bond_us_10y2y_spread_z20,0.006284560751354729,0.04618846670786862,0.5034924330616997,0.4269383697813121,-0.0010071014808325962,low
full,flow_z_lag10,0.006276279665494984,0.04428043017766662,0.5076978159684926,0.6940854870775348,0.005930883758999397,low
full,ind_matched_return_lag5,0.006266031306324865,0.023676316263476556,0.5154688243693479,0.522117296222664,0.000993403016664973,low
full,sector_breadth_z_std20,0.006262781457856439,0.040376707631638864,0.5149466192170818,0.69831013916501,0.007858726021199773,low
full,earnings_quality_lag5,0.006230708979298718,0.04741640971936149,0.5137524557956779,0.2529821073558648,0.004389891447118689,low
full,menv_bond_10y2y_spread_ma5_lag1,0.006214244096778924,0.04145998747055562,0.509594882729211,0.2331013916500994,-0.0039061736445387602,low
full,menv_us_cn_10y_spread_ma5_lag10,0.006159809185987301,0.044623660174013126,0.5156657963446475,0.38071570576540753,0.004016613747704,low
full,sector_breadth_raw_std20,0.006118240298106856,0.039416583509144,0.511917467093561,0.6985586481113321,0.008215423371285767,low
full,north_hold_pct_z20,0.006107901143989109,0.03297913271150003,0.5142543859649122,0.4532803180914513,0.00236138577917438,low
full,pe_pb_divergence_lag3,0.006087940461360742,0.04494252841148095,0.5149572649572649,0.6978131212723658,0.006935085383923681,low
full,menv_bond_10y2y_spread_ma5_lag2,0.00606957147853012,0.040794119616886775,0.5111111111111111,0.25720675944334,-0.0037239976981447097,low
full,news_sent_bear_vol_lag2,0.006065594694788159,0.050113189228067394,0.5644171779141104,0.040506958250497015,0.001042848106798781,low
full,ind_return_max_std20,0.006042248721349384,0.044999624077456106,0.5297387437465259,0.4470675944333996,0.009623642249046454,low
full,f_score_lag2,0.006040430562067171,0.0474186621517089,0.5188284518828452,0.4157554671968191,-0.00735784709690213,low
full,menv_us_cn_10y_spread_lag3,0.005968164893737748,0.03859347323019343,0.502127659574468,0.17519880715705766,0.0006907113613167084,low
full,rank_ma20,0.005967307345911367,0.03646841578702059,0.5161864105300604,0.6985586481113321,-0.0067589137773782235,low
full,ind_return_std_lag1,0.005963100406205989,0.03666735010196189,0.5113636363636364,0.10934393638170974,-0.0008433769729285938,low
full,is_zb_lag5,0.0059585751500350476,0.039606521918005594,0.5,0.0019880715705765406,0.0009164394691716706,low
full,board_change_pct_ma10,0.005929871980354677,0.03972271066869974,0.6,0.002485089463220676,-0.004639468039208147,low
full,board_momentum_max_ma10,0.005929871980354677,0.03972271066869974,0.6,0.002485089463220676,-0.004639468039208147,low
full,board_momentum_max_ma20,0.005929871980354677,0.03972271066869974,0.6,0.002485089463220676,-0.004639468039208147,low
full,board_momentum_mean_ma10,0.005929871980354677,0.03972271066869974,0.6,0.002485089463220676,-0.004639468039208147,low
full,board_momentum_mean_ma20,0.005929871980354677,0.03972271066869974,0.6,0.002485089463220676,-0.004639468039208147,low
full,board_change_pct_ma20,0.005929871980354677,0.03972271066869974,0.6,0.002485089463220676,-0.004639468039208147,low
full,consecutive_quarter_decline_ma10,0.005912610940171414,0.045011640889816885,0.5310344827586206,0.6846421471172962,0.006008520162121088,low
full,f_score_lag5,0.005876104820658288,0.04563156375578064,0.5260355029585799,0.41998011928429424,0.0026418154192303163,low
full,menv_bond_10y2y_spread_ma10,0.0058709934646702195,0.041134403093225524,0.5083135391923991,0.3138667992047714,-0.0043673496202889074,low
full,bond_cn_10y2y_spread_ma10,0.0058709934646702195,0.041134403093225524,0.5083135391923991,0.3138667992047714,-0.0043673496202889074,low
full,menv_us_cn_10y_spread_ma10_lag1,0.005822563806743023,0.04081921513193643,0.5233785822021116,0.32952286282306165,0.0020876701384007837,low
full,news_count_momentum_lag10,0.005813207741657472,0.05109698142224796,0.5194274028629857,0.12152087475149105,0.006288139558129546,low
full,news_pos_momentum_lag3,0.005796470312103378,0.04908812748612193,0.520242914979757,0.12276341948310139,0.005231957336948294,low
full,board_change_pct,0.0057924829049413595,0.02166196978478051,0.5,0.0004970178926441351,-0.002182648862905736,low
full,board_momentum_mean,0.0057924829049413595,0.02166196978478051,0.5,0.0004970178926441351,-0.002182648862905736,low
full,board_momentum_max,0.0057924829049413595,0.02166196978478051,0.5,0.0004970178926441351,-0.002182648862905736,low
full,ind_return_skew_lag1,0.005786556102017679,0.03546538603633699,0.49772727272727274,0.10934393638170974,-0.003968939516416315,low
full,retail_panic_lag1,0.005773508169302142,0.05118112122313289,0.5359477124183006,0.03802186878727634,0.004771106357975344,low
full,pe_pb_divergence_lag5,0.0057609189585890366,0.04224091523154931,0.5103349964362082,0.6973161033797217,0.005455553022538083,low
full,comment_score_lag2,0.0057441821522236135,0.02959108890510654,0.5625,0.011928429423459244,-0.004987337160994132,low
full,ind_return_mean_lag5,0.005742781045345964,0.038708667677716066,0.5091277890466531,0.24502982107355864,-0.0014258733634379271,low
full,consecutive_quarter_decline_ma5,0.005720719510552686,0.04350815155961924,0.5241935483870968,0.6779324055666004,0.006526749488149256,low
full,fx_jpy_cny,0.005673079181513917,0.03382709792654215,0.49557522123893805,0.05616302186878728,-0.009580693995120976,low
full,guba_sent_skew_lag10,0.005624418984744616,0.04846367378648892,0.5173255246461689,0.5091948310139165,-0.0008897320796589914,low
full,deep_value_lag20,0.00561108790361493,0.044135603436103,0.5152757078986587,0.6669980119284294,0.008969262359753474,low
full,market_adv_ratio_lag5,0.005597950327785891,0.03810510325140526,0.5216494845360825,0.24105367793240556,-0.008463454621340818,low
full,pe_pb_divergence_lag2,0.0055979098695254316,0.04130767345710453,0.5083659665361339,0.6980616302186878,0.007130208455372503,low
full,rank_ma5,0.0055806147973081225,0.035068327221643915,0.5094272500889363,0.6985586481113321,-0.005014977480395131,low
full,is_yzt_lag5,0.005558682279412162,0.04321079665415585,0.5,0.0019880715705765406,-0.007118291827766729,low
full,HN_z_z20,0.005540542717079215,0.03899561407669779,0.5074204946996467,0.35164015904572565,0.0015688144589400992,low
full,has_gap_unlock_return_30d_ma5,0.005528305604578702,0.04333175978364597,0.512987012987013,0.6888667992047713,0.006011288332882995,low
full,has_gap_free_shares_ma5,0.005528305604578702,0.04333175978364597,0.512987012987013,0.6888667992047713,0.006011288332882995,low
full,has_gap_able_shares_ma5,0.005528305604578702,0.04333175978364597,0.512987012987013,0.6888667992047713,0.006011288332882995,low
full,has_gap_is_vc_backed_ma5,0.005528305604578702,0.04333175978364597,0.512987012987013,0.6888667992047713,0.006011288332882995,low
full,has_gap_free_ratio_ma5,0.005528305604578702,0.04333175978364597,0.512987012987013,0.6888667992047713,0.006011288332882995,low
full,news_neg_momentum,0.005507910519564391,0.04556662906919754,0.5296523517382413,0.12152087475149105,0.004376409297781246,low
full,news_pos_momentum_lag10,0.005439436908236303,0.049347505491854494,0.5256673511293635,0.12102385685884692,0.00369672566279734,low
full,ind_return_std_lag5,0.0054025176156329135,0.03653622635435018,0.5172413793103449,0.24502982107355864,0.0013322892192512636,low
full,shibor_1Y_z20,0.00532328731847265,0.04003917292860592,0.5103056147832267,0.3496520874751491,0.004609832452737042,low
full,menv_regime_z_ma5_lag10,0.005320665595941897,0.041411890310174254,0.505868544600939,0.6351888667992047,0.008922936158259297,low
full,news_count_momentum_lag3,0.005301670427479093,0.043711568185826395,0.5181451612903226,0.12326043737574553,0.005834726091588788,low
full,has_gap_amount_ratio_ma20,0.005278273013654941,0.04055648193316239,0.5268783401446087,0.790506958250497,0.007632758853995986,low
full,has_gap_premium_pct_wavg_ma20,0.0052718197895909365,0.04050928046496481,0.5268783401446087,0.790506958250497,0.007631443239221899,low
full,has_gap_temporary_impact_ma20,0.0052718197895909365,0.04050928046496481,0.5268783401446087,0.790506958250497,0.007631443239221899,low
full,has_gap_total_volume_ma20,0.0052718197895909365,0.04050928046496481,0.5268783401446087,0.790506958250497,0.007631443239221899,low
full,has_gap_premium_pct_mean_ma20,0.0052718197895909365,0.04050928046496481,0.5268783401446087,0.790506958250497,0.007631443239221899,low
full,has_gap_trade_count_ma20,0.0052718197895909365,0.04050928046496481,0.5268783401446087,0.790506958250497,0.007631443239221899,low
full,has_gap_total_amount_ma20,0.0052718197895909365,0.04050928046496481,0.5268783401446087,0.790506958250497,0.007631443239221899,low
full,menv_bond_10y2y_spread_accel_lag3,0.005235820611481594,0.03901974532656844,0.5156679494227597,0.45203777335984097,-0.007046887619160029,low
full,is_zb_lag10,0.005226943149221508,0.04113082835184542,0.5,0.0019880715705765406,0.006982372537218094,low
full,f_score_lag1,0.00522691844737653,0.04106966097249906,0.513189448441247,0.41451292246520877,-0.008403162886690713,low
full,sf_total_accel,0.005221856390703316,0.037557258809758784,0.5116279069767442,0.3312624254473161,0.00937477845008262,low
full,has_gap_close_ma20,0.005206090392364814,0.04554444682823238,0.5243538767395626,1.0,0.00744206592780316,low
full,bond_cn_10y2y_spread_lag5,0.0051922020642410594,0.03482342704912899,0.503735325506937,0.23285288270377733,-0.0037007350253418377,low
full,menv_bond_10y2y_spread_lag5,0.0051922020642410594,0.03482342704912899,0.503735325506937,0.23285288270377733,-0.0037007350253418377,low
full,revenue_yoy_lag5,0.0051822835203584805,0.038990036274798745,0.5117878192534381,0.2529821073558648,-0.004663971348152313,low
full,pe_pb_divergence_lag10,0.005171855555562509,0.0377553365742129,0.5098179221706534,0.6960735586481114,0.0046162430267456,low
full,menv_bond_10y2y_spread_ma10_lag2,0.005143250897028992,0.03651829583730358,0.5072254335260116,0.34393638170974156,-0.0063034064762778775,low
full,consecutive_quarter_decline_ma20,0.005131247123292769,0.03912530932121054,0.5262032085561498,0.6970675944333996,0.005181454667710032,low
full,has_gap_unlock_return_30d,0.00513082366033225,0.03957968767580931,0.5151781786185657,0.5648608349900597,0.002267172972008088,low
full,has_gap_is_vc_backed,0.00513082366033225,0.03957968767580931,0.5151781786185657,0.5648608349900597,0.002267172972008088,low
full,has_gap_free_ratio,0.00513082366033225,0.03957968767580931,0.5151781786185657,0.5648608349900597,0.002267172972008088,low
full,has_gap_able_shares,0.00513082366033225,0.03957968767580931,0.5151781786185657,0.5648608349900597,0.002267172972008088,low
full,has_gap_free_shares,0.00513082366033225,0.03957968767580931,0.5151781786185657,0.5648608349900597,0.002267172972008088,low
full,flow_z_lag2,0.00508725086173997,0.035376711555540834,0.5187566988210075,0.6955765407554672,0.0029613110682981244,low
full,news_sent_bull_vol_lag5,0.005086481492350237,0.04256727293940195,0.47413793103448276,0.05765407554671968,-0.0018452146518161243,low
full,has_gap_close,0.005081267666584237,0.04455790277699375,0.5225068390947526,0.9992544731610338,0.008061041584778762,low
full,menv_us_cn_10y_spread_ma5,0.005080324402562123,0.033662277862916326,0.4987951807228916,0.2062624254473161,0.0014811400138205675,low
full,north_net_buy_lag3,0.005079660164562925,0.03670348178551039,0.5254924681344149,0.4289264413518887,-0.00134993436591518,low
full,menv_us_cn_10y_spread_lag10,0.005053472167547087,0.0356931323671145,0.5238817285822593,0.32778330019880714,0.004030169302527115,low
full,menv_us_cn_10y_spread_ma20_lag3,0.005040082466328036,0.03769941145298091,0.5230769230769231,0.452286282306163,0.003376597772264559,low
full,menv_shibor_1m_z_z20_lag10,0.0049862260661335395,0.039055733208770906,0.5102368526696106,0.6190357852882704,-0.002430680272423926,low
full,has_gap_close_ma5,0.004977108089013239,0.043560605268018714,0.5241053677932406,1.0,0.009220186677526651,low
full,menv_shibor_1m_z_z20_lag1,0.004973136782044786,0.038044837943289944,0.5210633946830265,0.6076043737574552,0.0010884271317142705,low
full,retail_panic_lag10,0.004966380749805704,0.0440454146433617,0.5197368421052632,0.03777335984095427,-0.0002328696456928646,low
full,has_gap_close_ma10,0.004945067469269292,0.04325529493215709,0.522117296222664,1.0,0.007572486404949915,low
full,has_gap_amount_ratio_ma10,0.00490136534353169,0.03716647304984289,0.5182552504038772,0.7691351888667992,0.005748361071239555,low
full,menv_fx_usd_cny_z_std20_lag10,0.0048990677978302186,0.038914042454313215,0.5170842824601367,0.654572564612326,-0.008764780731038277,low
full,has_gap_total_amount_ma10,0.004893130686430491,0.037111508885746367,0.5182552504038772,0.7691351888667992,0.0057375515795957035,low
full,has_gap_trade_count_ma10,0.004893130686430491,0.037111508885746367,0.5182552504038772,0.7691351888667992,0.0057375515795957035,low
full,has_gap_temporary_impact_ma10,0.004893130686430491,0.037111508885746367,0.5182552504038772,0.7691351888667992,0.0057375515795957035,low
full,has_gap_premium_pct_wavg_ma10,0.004893130686430491,0.037111508885746367,0.5182552504038772,0.7691351888667992,0.0057375515795957035,low
full,has_gap_premium_pct_mean_ma10,0.004893130686430491,0.037111508885746367,0.5182552504038772,0.7691351888667992,0.0057375515795957035,low
full,has_gap_total_volume_ma10,0.004893130686430491,0.037111508885746367,0.5182552504038772,0.7691351888667992,0.0057375515795957035,low
full,rank,0.004883787318815823,0.030975366546773804,0.5090844317776986,0.6975646123260437,-0.006975892899913007,low
full,ind_return_max_z20,0.004869158173885535,0.03579943291373585,0.5047248471372985,0.4470675944333996,-0.007686292415937932,low
full,ind_dispersion_20d_accel,0.0048568293050866174,0.035614873167889506,0.5106145251396648,0.444831013916501,0.0024162163027393268,low
full,flow_momentum_lag5,0.004846203725247597,0.03398073734727298,0.5135811293781273,0.6953280318091452,0.003673286285648658,low
full,menv_bond_10y2y_spread_ma10_lag3,0.0048450256827613026,0.034800916397014055,0.5121612230715775,0.3576043737574553,-0.0067631267702192716,low
full,comment_score_lag5,0.004810057797877178,0.022851659457654723,0.5106382978723404,0.011679920477137177,-0.006480439750600431,low
full,north_hold_pct_accel,0.004804974997963801,0.032551430877904027,0.5112328767123288,0.45352882703777336,0.0023021777816925114,low
full,has_gap_amount_vol_6d_ma10,0.004762350343978158,0.03645222557947935,0.5164410058027079,0.7708747514910537,0.005633957949994645,low
full,has_gap_able_shares_ma10,0.004725748375453048,0.03805008681640814,0.5159055118110236,0.7890159045725647,0.004085295344689122,low
full,has_gap_unlock_return_30d_ma10,0.004725748375453048,0.03805008681640814,0.5159055118110236,0.7890159045725647,0.004085295344689122,low
full,has_gap_free_ratio_ma10,0.004725748375453048,0.03805008681640814,0.5159055118110236,0.7890159045725647,0.004085295344689122,low
full,has_gap_is_vc_backed_ma10,0.004725748375453048,0.03805008681640814,0.5159055118110236,0.7890159045725647,0.004085295344689122,low
full,has_gap_free_shares_ma10,0.004725748375453048,0.03805008681640814,0.5159055118110236,0.7890159045725647,0.004085295344689122,low
full,north_net_buy_ma5,0.004722171676848692,0.03484713400369414,0.5190713101160862,0.4495526838966203,0.00040723039645325013,low
full,pledge_risk_std20,0.004668394133473711,0.035982874774185644,0.5333333333333333,0.11555666003976144,0.004878975179031728,low
full,sector_rank_change_ma20,0.00461787636261052,0.030201426912731345,0.5113879003558719,0.69831013916501,0.00555008904959826,low
full,menv_regime_z_accel_lag2,0.004615728052081503,0.03616878346216884,0.5303379416282642,0.647117296222664,0.005265162137867867,low
full,menv_bond_10y2y_spread_ma5_lag3,0.004612454193325591,0.031828790234701095,0.4982174688057041,0.2788270377733598,-0.0040890720808807145,low
full,ind_return_max_lag5,0.004611091087393472,0.030794739586936203,0.5162271805273834,0.24502982107355864,-0.0026202084575434603,low
full,dual_concentration_signal_std20,0.0045963373393666665,0.035239062861049476,0.5174418604651163,0.68389662027833,0.0035153135577898936,low
full,lhb_net_amount,0.004578188385303961,0.028716984340200626,0.5114369501466276,0.42370775347912526,0.00420311914279571,low
full,north_net_buy_lag2,0.004576374578602235,0.0335385528572814,0.503476245654693,0.4289264413518887,0.0005925937104960985,low
full,menv_bond_10y2y_spread_z20_lag5,0.004572658610227843,0.034020639357897335,0.5243445692883895,0.4644632206759443,0.003153634884446909,low
full,sector_breadth_z_lag5,0.004549631737158549,0.028748588806224995,0.4998217468805704,0.6970675944333996,-0.0013526413192238107,low
full,has_gap_amount_vol_6d_ma20,0.004547483549349139,0.03509786199449056,0.5221350078492936,0.7915009940357853,0.00654083994180663,low
full,north_net_buy_ma10,0.004496736236706647,0.03232808766186854,0.5099228224917309,0.4507952286282306,0.00430687457698344,low
full,menv_shibor_1m_z_ma20_lag1,0.004494937818174582,0.03385810942880369,0.5100204498977505,0.6076043737574552,0.0024601091534059445,low
full,flow_z_lag5,0.004493429278920011,0.03150360075822752,0.5107219442458899,0.6953280318091452,0.0038342192857103983,low
full,is_vc_backed_ma10,0.0044765391394705895,0.04379429513829786,0.4909090909090909,0.05467196819085487,0.002406572471675051,low
full,bond_cn_2y_z20,0.004472509017097857,0.033181743502110346,0.5069124423963134,0.43141153081510936,7.800492853998623e-05,low
full,idx_change_30d_accel,0.004411354469894798,0.028475705054370252,0.5056328694499669,0.375,-0.001651395558266664,low
full,news_sent_x_macd_lag20,0.004408020959310173,0.03941393947073977,0.5303030303030303,0.06560636182902585,-0.0007107917177434361,low
full,pe_pb_divergence_lag20,0.004394481867960371,0.032194975604642136,0.5173772841275528,0.6935884691848907,0.004753641783813765,low
full,news_sent_vol_ratio_lag20,0.004391691662276134,0.03583066147995269,0.5185185185185185,0.18116302186878727,0.002222906364209862,low
full,ind_matched_return_lag20,0.004382053110265857,0.017143653370161164,0.5,0.5188866799204771,0.004150985072739385,low
full,ind_return_skew_ma10,0.0043781530258771885,0.03086090593076789,0.49924242424242427,0.32803180914512925,-0.008645015653677621,low
full,sector_rank_change_ma5,0.004356622193144422,0.028350928401551585,0.505693950177936,0.69831013916501,0.002289503128592012,low
full,sector_rank_change_accel,0.004337044426187503,0.02781925298595172,0.5081850533807829,0.69831013916501,0.0029321131924715848,low
full,menv_bond_10y2y_spread_lag20,0.004330610182242708,0.032384435946638354,0.5143020594965675,0.43439363817097415,-0.00927378041174893,low
full,bond_cn_10y2y_spread_lag20,0.004330610182242708,0.032384435946638354,0.5143020594965675,0.43439363817097415,-0.00927378041174893,low
full,guba_sent_skew,0.004311280509981563,0.03679733939300019,0.5143273433705683,0.5116799204771372,-0.0001312858723687699,low
full,avg_account_cap_z_accel,0.004244795969791421,0.03161717153509738,0.5021881838074398,0.2271371769383698,-0.007844031380852769,low
full,menv_us_cn_10y_spread_ma10,0.00423526368919754,0.02954735192231932,0.5201900237529691,0.3138667992047714,0.001559293438831616,low
full,news_guba_divergence_lag1,0.004224236314846419,0.03430894436057537,0.5045271629778671,0.49403578528827036,0.007043493078819853,low
full,dv_last_direction_accel,0.004135231648434872,0.035385474878851964,0.5069306930693069,0.12549701789264414,0.005231772211161851,low
full,market_state_weak_z20_lag5,0.004123358445141986,0.02853788660575303,0.47619047619047616,0.03653081510934394,0.008559713534433279,low
full,consecutive_inflow_10d_std20,0.004097093784133865,0.033141072277682,0.504446816079687,0.6985586481113321,-0.005796432802064567,low
full,dv_last_direction_std20,0.00408417878922286,0.0349171120626096,0.5069306930693069,0.12549701789264414,-0.006796744203223012,low
full,bond_us_10y2y_spread_accel,0.004073905118600476,0.029933624628156852,0.5002908667830134,0.42718687872763417,-0.004132939545650001,low
full,revenue_yoy_lag20,0.004051818815560375,0.03146774414617696,0.5016260162601626,0.30566600397614313,0.003445240702969881,low
full,has_gap_amount_vol_6d_ma5,0.004042188728418166,0.030634664002144606,0.52,0.7579522862823062,0.005081030065311289,low
full,menv_cpi_z_ma5_lag10,0.004040101533236871,0.0312990991136077,0.5036590615583297,0.577286282306163,-0.004682696599372557,low
full,menv_regime_z_ma10_lag10,0.004023719893646553,0.03069918350051777,0.5092807424593968,0.6426441351888668,0.00810041261214996,low
full,ind_return_mean_lag10,0.004012730423086015,0.028497590502669097,0.5112075198843095,0.3436878727634195,0.005321850469692018,low
full,menv_fx_usd_cny_z_accel_lag5,0.0040125697455624006,0.03129460756970152,0.5227185948835433,0.650844930417495,-0.002263505617306775,low
full,flow_momentum_lag2,0.0039306822413905295,0.02738285249764259,0.5144694533762058,0.6955765407554672,0.001687332688666417,low
full,has_gap_amount_ratio_ma5,0.003911959817953464,0.02955895639370585,0.5161078238001315,0.7559642147117296,0.00517286596021466,low
full,has_gap_total_volume_ma5,0.0038942763971316517,0.029423089150660258,0.5164365548980934,0.7559642147117296,0.005165185732027099,low
full,has_gap_premium_pct_wavg_ma5,0.0038942763971316517,0.029423089150660258,0.5164365548980934,0.7559642147117296,0.005165185732027099,low
full,has_gap_total_amount_ma5,0.0038942763971316517,0.029423089150660258,0.5164365548980934,0.7559642147117296,0.005165185732027099,low
full,has_gap_premium_pct_mean_ma5,0.0038942763971316517,0.029423089150660258,0.5164365548980934,0.7559642147117296,0.005165185732027099,low
full,has_gap_trade_count_ma5,0.0038942763971316517,0.029423089150660258,0.5164365548980934,0.7559642147117296,0.005165185732027099,low
full,has_gap_temporary_impact_ma5,0.0038942763971316517,0.029423089150660258,0.5164365548980934,0.7559642147117296,0.005165185732027099,low
full,shibor_2W_z20,0.0038616384734966665,0.028600123423384187,0.5137880986937591,0.34244532803180916,0.004507360404044097,low
full,news_sent_bear_vol_lag1,0.003848190500715769,0.03296708229903815,0.5182926829268293,0.040755467196819085,-0.003623973125139025,low
full,has_gap_amount_vol_6d,0.0038404263217411043,0.029123149132867895,0.5184815184815185,0.746272365805169,0.0035915077417941767,low
full,rank_ma10,0.003840226717391082,0.024106815475260404,0.5001778726431875,0.6985586481113321,-0.00583164310205862,low
full,news_sent_accel_lag5,0.003839882834926093,0.03172288382204026,0.5147849462365591,0.1848906560636183,0.002188419187679243,low
full,news_guba_ratio_lag20,0.003829834945578525,0.0341468092444068,0.5276752767527675,0.06734592445328032,-0.008776711527339906,low
full,news_sent_x_macd_lag10,0.003810212992276963,0.03155692228837676,0.5367647058823529,0.06759443339960239,0.0017412742144443049,low
full,leader_change_std20,0.0037905739019540303,0.02338259206580157,0.5055140519388118,0.6985586481113321,-0.0031525999347882835,low
full,avg_account_cap_z_z20,0.0037852762186278838,0.02826278732166178,0.5066964285714286,0.22266401590457258,-0.006953789324306538,low
full,menv_us_cn_10y_spread_ma20_lag10,0.0037835822922400036,0.02821410728777963,0.5088517956499747,0.4913021868787276,0.0034759614258872335,low
full,is_vc_backed_ma20,0.0037754269451952148,0.03520000294974567,0.4967741935483871,0.07703777335984095,0.004109020409332964,low
full,news_guba_divergence_lag2,0.0037699613095551776,0.031126698670386744,0.5299446401610468,0.4937872763419483,0.0059974593908724465,low
full,ann_sentiment_std_accel,0.003753946888004264,0.03206362460397263,0.5038402457757296,0.647117296222664,0.0046717607065354765,low
full,news_sent_bull_vol_lag20,0.0037391530878646455,0.034081979714706896,0.4977168949771689,0.054423459244532804,-0.004248716721482698,low
full,menv_bond_10y2y_spread_ma10_lag5,0.0037212095196464193,0.026742222512235323,0.5104166666666666,0.3817097415506958,-0.008325024249858138,low
full,menv_bond_10y2y_spread_ma5,0.003687631036744514,0.02438775724536526,0.50661853188929,0.20651093439363818,-0.004533608840183217,low
full,bond_cn_10y2y_spread_ma5,0.003687631036744514,0.02438775724536526,0.50661853188929,0.20651093439363818,-0.004533608840183217,low
full,revenue_yoy_lag10,0.003683149494629299,0.02851857251218592,0.5036297640653358,0.2738568588469185,-0.0013381197848278358,low
full,menv_bond_10y2y_spread_ma10_lag1,0.003654515802528779,0.02563356462674953,0.5079245283018868,0.3292743538767396,-0.005272810413375108,low
full,margin_trend_4q_lag20,0.003648959748746817,0.026678882160465395,0.5034734917733089,0.6796719681908548,-0.007212591364727912,low
full,menv_shibor_1m_z_z20_lag20,0.0036129368197042665,0.028180572919043752,0.5126883425852498,0.6267395626242545,9.229922641001125e-05,low
full,menv_us_cn_10y_spread_ma20_lag5,0.003604582609823849,0.027171046683738397,0.5131086142322098,0.4644632206759443,0.003209207101543929,low
full,sf_total_lag3,0.0035574180380088098,0.022806877412597376,0.5207667731629393,0.07778330019880715,-0.004896003188481649,low
full,consecutive_quarter_decline_std20,0.0035468086678921143,0.02727698920585177,0.5064629847238543,0.42296222664015903,-0.006067655122599094,low
full,menv_regime_z,0.003539139957336041,0.02765581506890702,0.5061124694376528,0.6098409542743539,0.004944223873413018,low
full,menv_shibor_1m_z_ma20_lag3,0.003518901668133083,0.02690231754130354,0.5065040650406504,0.6113320079522863,-0.0005411251958424811,low
full,has_gap_is_vc_backed_ma20,0.0035163994172950843,0.028366239878294626,0.5123030135471385,0.8988568588469185,0.004614118086685122,low
full,has_gap_able_shares_ma20,0.0035163994172950843,0.028366239878294626,0.5123030135471385,0.8988568588469185,0.004614118086685122,low
full,has_gap_free_ratio_ma20,0.0035163994172950843,0.028366239878294626,0.5123030135471385,0.8988568588469185,0.004614118086685122,low
full,has_gap_free_shares_ma20,0.0035163994172950843,0.028366239878294626,0.5123030135471385,0.8988568588469185,0.004614118086685122,low
full,has_gap_unlock_return_30d_ma20,0.0035163994172950843,0.028366239878294626,0.5123030135471385,0.8988568588469185,0.004614118086685122,low
full,momentum_5d_accel_lag2,0.0035076981962754235,0.02210552351410861,0.514795008912656,0.6970675944333996,-0.0029782141061262743,low
full,roe_lag10,0.00350471082998786,0.021576575311518385,0.5068119891008175,0.2736083499005964,0.008408129410275503,low
full,menv_shibor_1m_z_ma10_lag5,0.0034981063403084884,0.02674794119358526,0.5006268282490598,0.5946819085487077,0.004148851932903891,low
full,roe_trend_4q_lag20,0.0034933068652540085,0.02342371566703353,0.5089579524680073,0.6796719681908548,0.0025182992961167243,low
full,ind_return_mean,0.0034628306559074443,0.02051195944903847,0.5206611570247934,0.060139165009940355,-0.0051785794119662155,low
full,fx_hkd_cny_accel,0.003460950139347151,0.025652326381367933,0.5144175317185697,0.4309145129224652,0.009240016841146833,low
full,menv_cpi_z_lag10,0.003428245972069458,0.026146373329091723,0.5083187390542907,0.5675944333996024,-0.000996321167823493,low
full,ind_return_mean_z20,0.0034228535473555437,0.025106281962289527,0.5047248471372985,0.4470675944333996,3.657735793859739e-05,low
full,ind_dispersion_20d_lag2,0.0034091114513001438,0.022069969142054797,0.4983221476510067,0.1481113320079523,-0.004252428205739212,low
full,eps_lag10,0.003405331716250016,0.019787115680409598,0.5045372050816697,0.2738568588469185,0.008396095499284209,low
full,dividend_yield,0.0033795333717539584,0.027071420237011142,0.5064638783269962,0.6535785288270378,1.6980719823805095e-05,low
full,has_gap_temporary_impact,0.003373231039357085,0.02553575177744532,0.5168614357262103,0.7442842942345924,0.002543882269294371,low
full,has_gap_total_volume,0.003373231039357085,0.02553575177744532,0.5168614357262103,0.7442842942345924,0.002543882269294371,low
full,has_gap_premium_pct_mean,0.003373231039357085,0.02553575177744532,0.5168614357262103,0.7442842942345924,0.002543882269294371,low
full,has_gap_trade_count,0.003373231039357085,0.02553575177744532,0.5168614357262103,0.7442842942345924,0.002543882269294371,low
full,has_gap_premium_pct_wavg,0.003373231039357085,0.02553575177744532,0.5168614357262103,0.7442842942345924,0.002543882269294371,low
full,has_gap_total_amount,0.003373231039357085,0.02553575177744532,0.5168614357262103,0.7442842942345924,0.002543882269294371,low
full,has_gap_amount_ratio,0.003367621023531944,0.025483294505096662,0.5165385900434347,0.7437872763419483,0.0025571523898453613,low
full,stock_vs_industry_lag1,0.003335860024384102,0.012677145327974936,0.5007132667617689,0.5226143141153081,-0.003952432094700085,low
full,revenue_trend_4q_lag1,0.0033217488035554503,0.02602955492650235,0.5003631082062454,0.6843936381709742,0.007204942974966722,low
full,news_guba_divergence,0.0033206995252060964,0.027429668106306183,0.514070351758794,0.4945328031809145,0.006081141159101405,low
full,dv_intensity_20d_ma20,0.0033078341700630066,0.02632022432237758,0.5001783803068142,0.6965705765407555,-0.0008334562848217729,low
full,menv_us_cn_10y_spread_ma5_lag5,0.0033077115143076196,0.023167146097164068,0.5213946117274167,0.3136182902584493,0.002257026977287882,low
full,ind_return_skew_lag2,0.0033010335682364064,0.02130351201528243,0.5091514143094842,0.14935387673956263,0.0002051521520649557,low
full,momentum_5d_accel_lag3,0.003264075587592066,0.020666441799635327,0.49964336661911557,0.6968190854870775,0.004930458404669317,low
full,lhb_net_amount_lag1,0.003263387206831452,0.021541669204335295,0.5105263157894737,0.4249502982107356,0.0014091456840091936,low
full,momentum_5d_z20_lag5,0.003254354559742132,0.02075672272047963,0.5124910778015703,0.6963220675944334,0.008125427559022284,low
full,menv_cpi_z_ma10_lag5,0.003237677014890791,0.02496358983377678,0.503862660944206,0.5790258449304175,0.0025048501209515655,low
full,menv_us_cn_10y_spread_ma20_lag20,0.0032249660697890007,0.024416001074470235,0.5135387488328664,0.5323061630218688,0.0024197357726801908,low
full,dividend_yield_ma10,0.0032168500086834553,0.02543905620739802,0.5001787629603146,0.695079522862823,-0.0009218060967487571,low
full,news_attention_z_lag20,0.0032090907264214316,0.02555743570971058,0.5191040843214756,0.1886182902584493,0.0020223471478668263,low
full,news_attention_z_lag3,0.003190935767278591,0.024852942653996676,0.5141752577319587,0.19284294234592445,0.006182290803188498,low
full,dv_intensity_20d_std20,0.0031747899406653767,0.02521631076248426,0.49624060150375937,0.6940854870775348,-0.0013318027234311945,low
full,sf_total_lag5,0.0031704473508408076,0.020642555407007764,0.504524886877828,0.10984095427435388,-0.006512065169098335,low
full,n_indexes_accel,0.0031680892071517057,0.019510539319770856,0.5072992700729927,0.20427435387673956,0.005859364793686186,low
full,guba_sent_skew_lag20,0.0031569273329453158,0.026965981964700358,0.5139774399215301,0.5067097415506958,0.00028325407291014107,low
full,profit_yoy_lag10,0.003142913586482346,0.02306464434263448,0.5127041742286751,0.2738568588469185,0.0008756999006781313,low
full,shibor_1W_std20,0.003127108140720804,0.02314421733599185,0.5065597667638484,0.34095427435387676,-0.008716211889540196,low
full,cross_source_agreement_lag5,0.0031137619772828003,0.024666674449806213,0.5052896725440806,0.4932902584493042,0.008462784067729203,low
full,menv_cpi_z_lag1,0.003096503788673523,0.023600002540421633,0.5082342177493138,0.5432405566600398,0.00553243276813264,low
full,positive_ratio_lag2,0.00308603708715992,0.02532685899081143,0.5109489051094891,0.06809145129224652,0.0010028011285386925,low
full,revenue_trend_4q_lag2,0.0030667996759659384,0.023984043754673032,0.5001816200508536,0.6841451292246521,0.007833771088713483,low
full,holder_num,0.003064152262419604,0.01904465374554669,0.5009255831173639,0.6712226640159046,-0.00014265779205967276,low
full,menv_regime_z_lag10,0.0030453790216425354,0.023917049496512712,0.5015810276679842,0.628727634194831,0.009999103558733787,low
full,momentum_252d_z20_lag10,0.003028559593343807,0.019381637368861244,0.5045637093829864,0.6806660039761432,-0.0035715764399008453,low
full,dv_intensity_20d,0.003028035707979841,0.0247593256043207,0.49667405764966743,0.5603876739562624,3.968616643528915e-05,low
full,menv_bond_10y2y_spread_lag10,0.0030279052064206527,0.02093466458624022,0.5072024260803639,0.32778330019880714,-0.0099289717691932,low
full,bond_cn_10y2y_spread_lag10,0.0030279052064206527,0.02093466458624022,0.5072024260803639,0.32778330019880714,-0.0099289717691932,low
full,ind_return_std_lag2,0.003012010652179145,0.019775213682772182,0.5041597337770383,0.14935387673956263,-0.003520771144597105,low
full,news_count_momentum,0.003007171982525026,0.024606926689109677,0.5150300601202404,0.12400596421471173,0.0025255573621992045,low
full,avg_shares,0.0029999118217542376,0.018959475829315252,0.5062100112909296,0.6602882703777336,0.003017847255258004,low
full,news_sent_extreme_lag2,0.0029880501311083663,0.024208019810813147,0.5268817204301075,0.06933399602385686,0.00022688474744217657,low
full,growth_quality_lag20,0.002980941577997129,0.02303892519822559,0.5121951219512195,0.30566600397614313,0.0030307244306501894,low
full,news_neg_momentum_lag10,0.0029718370908804028,0.026541166117405715,0.524008350730689,0.11903578528827037,0.0033811888874494835,low
full,growth_quality_lag5,0.0029630795117544266,0.022138999904045317,0.5216110019646365,0.2529821073558648,-0.005542784154849398,low
full,revenue_trend_4q,0.0029486547744562628,0.023207548520688938,0.5019963702359347,0.6846421471172962,0.006031539917294753,low
full,ann_sent_x_macd_accel,0.0029481951976709185,0.025195364032791056,0.5167259786476869,0.69831013916501,0.0015575502978470183,low
full,market_state_volatile_std20_lag3,0.002913939571733163,0.02926816321477366,0.46153846153846156,0.0032306163021868788,0.0020158554541660602,low
full,market_state_volatile_ma20_lag3,0.002913939571733163,0.02926816321477366,0.46153846153846156,0.0032306163021868788,0.002016845050462198,low
full,comment_score_ma10,0.002912922088283936,0.01349300061927743,0.49056603773584906,0.013170974155069582,-0.005350482724882777,low
full,investor_new_z_lag20,0.0028605254694652727,0.02183411657853759,0.5042881646655232,0.1448807157057654,0.00786185825594612,low
full,revenue_trend_4q_lag3,0.002835753959392227,0.02221673766907617,0.4967296511627907,0.68389662027833,0.008447417854016398,low
full,sector_rank_change_ma10,0.0028308926015933574,0.018279980879569217,0.497864768683274,0.69831013916501,-0.000659387556444137,low
full,menv_bond_10y2y_spread_accel_lag2,0.0028223861285357117,0.02094405053171767,0.5066964285714286,0.44532803180914515,-0.008624427617300437,low
full,cross_source_agreement_lag20,0.002821641761456893,0.021839622592990608,0.5065989847715736,0.48956262425447317,0.008216898021107321,low
full,ind_return_skew_lag3,0.0028036594643127536,0.018397453243118284,0.514745308310992,0.18538767395626243,-0.009660833893219084,low
full,pledge_margin_dist_lag5,0.002784195709060757,0.018422308097052184,0.5064612326043738,1.0,-0.004270199272707951,low
full,news_pos_momentum,0.002774173703114286,0.02233741936740118,0.5110663983903421,0.12350894632206759,0.0015583717737822713,low
full,pledge_margin_dist_lag20,0.002767972061480686,0.01828327826696092,0.5084493041749503,1.0,-0.004208497624687349,low
full,holder_num_ma5,0.0027621624861208544,0.017151545054152877,0.4989067055393586,0.6819085487077535,0.0008562597736868544,low
full,menv_shibor_1m_z_ma20_lag2,0.0027603823340705672,0.020938739839447523,0.5034651447207501,0.6095924453280318,0.0001627696872855697,low
full,avg_concept_heat_ma20,0.0027490475033460165,0.014122353157560295,0.5,0.002485089463220676,0.0069530123492198255,low
full,has_hot_board_ma20,0.0027490475033460165,0.014122353157560295,0.5,0.002485089463220676,0.0069530123492198255,low
full,board_count_std20,0.0027490475033460165,0.014122353157560295,0.5,0.002485089463220676,0.006953952869522757,low
full,board_count_ma20,0.0027490475033460165,0.014122353157560295,0.5,0.002485089463220676,0.0069530123492198255,low
full,board_count_ma10,0.0027490475033460165,0.014122353157560295,0.5,0.002485089463220676,0.0069530123492198255,low
full,board_overlap_score_ma20,0.0027490475033460165,0.014122353157560295,0.5,0.002485089463220676,0.0069530123492198255,low
full,board_overlap_score_std20,0.0027490475033460165,0.014122353157560295,0.5,0.002485089463220676,0.006953952869522757,low
full,board_overlap_score_ma10,0.0027490475033460165,0.014122353157560295,0.5,0.002485089463220676,0.0069530123492198255,low
full,has_hot_board_ma10,0.0027490475033460165,0.014122353157560295,0.5,0.002485089463220676,0.0069530123492198255,low
full,avg_concept_heat_ma10,0.0027490475033460165,0.014122353157560295,0.5,0.002485089463220676,0.0069530123492198255,low
full,avg_concept_heat_std20,0.0027490475033460165,0.014122353157560295,0.5,0.002485089463220676,0.006953952869522757,low
full,pledge_margin_dist_lag10,0.0027369321185428657,0.018105271584108008,0.5082007952286283,1.0,-0.005164190750595601,low
full,sector_breadth_z_lag2,0.0027342145891940226,0.01726308922165946,0.5124732715609408,0.6973161033797217,-0.0066085290151798835,low
full,dv_intensity_20d_ma10,0.002731788543874229,0.022140123519223606,0.4980438184663537,0.6351888667992047,-0.0004972808425627813,low
full,net_margin_lag20,0.0027294388112677342,0.018956260091596528,0.5130081300813009,0.30566600397614313,0.008826102354467017,low
full,momentum_5d_z20_lag3,0.0027260660345335267,0.01740203015318415,0.5003566333808844,0.6968190854870775,-0.006977782377258126,low
full,dividend_yield_ma20,0.0027105531625363204,0.021038245554686343,0.5045500505561172,0.7373260437375746,-0.002009109848094625,low
full,sector_breadth_z_lag10,0.0026937018490408304,0.016760362355195707,0.515,0.6958250497017893,-0.0004134751173450011,low
full,pledge_margin_dist_lag3,0.002689240721851895,0.01780163225606875,0.5059642147117296,1.0,-0.004352779471385634,low
full,pledge_margin_dist_ma20,0.002679736101752364,0.017736201923499943,0.5062127236580517,1.0,-0.005780692024025697,low
full,menv_shibor_1m_z_z20_lag2,0.0026675613566902187,0.020661332245580477,0.5140644109253975,0.6095924453280318,0.0010235907280113851,low
full,menv_regime_z_ma20_lag3,0.0026671383105608946,0.020500079941674614,0.5061302681992337,0.6486083499005965,0.009499554299391288,low
full,ann_negative_ratio_lag10,0.0026575976298784227,0.02180239413839382,0.5136986301369864,0.3265407554671968,0.001238365706174577,low
full,market_turnover_z_ma5,0.002643989050191948,0.017902058193530936,0.5284090909090909,0.21868787276341947,0.006660870919874019,low
full,pledge_margin_dist_ma5,0.0026397994030283203,0.017481560985941894,0.5052186878727635,1.0,-0.00499668631201514,low
full,menv_fx_usd_cny_z_z20_lag5,0.0026387329729672957,0.02066284542894636,0.5036273386788851,0.650844930417495,0.004512423919219248,low
full,pcf_ttm_lag2,0.002637694692464932,0.022169734439729718,0.5128205128205128,0.6978131212723658,-0.0016423911843765667,low
full,pledge_margin_dist_lag1,0.0026346306509641773,0.017425659734761168,0.5062127236580517,1.0,-0.004468909397953325,low
full,pledge_margin_dist_ma10,0.002627803126177765,0.017373232933593264,0.5064612326043738,1.0,-0.005516917089612287,low
full,ind_pct_up_lag10,0.002613050868002534,0.01872552830716144,0.5051020408163265,0.34095427435387676,-0.006536099234157103,low
full,guba_sent_reversal_5d_lag5,0.00260181942327043,0.019977678054818454,0.5050251256281407,0.4945328031809145,-0.00762447907430687,low
full,menv_bond_10y2y_spread_accel_lag5,0.002598007433698483,0.019372002944484965,0.5085653104925053,0.46421471172962225,-0.0036855701748442354,low
full,negative_ratio_lag2,0.002579944467582335,0.021474546615888514,0.540650406504065,0.06113320079522863,0.0032859233581770475,low
full,pledge_margin_dist,0.002579879359953778,0.017057145016867198,0.5064612326043738,1.0,-0.005536329607210796,low
full,pledge_margin_dist_lag2,0.0025794819659067506,0.01707788374740262,0.5052186878727635,1.0,-0.004638503536716002,low
full,rsqr_60d,0.0025791592240961996,0.01709257261188276,0.49577534791252487,1.0,0.0032828137869091918,low
full,menv_shibor_1m_z_ma20,0.002562910377800271,0.01934373506282704,0.5034878949528109,0.6056163021868787,0.0034730983962206474,low
full,menv_fx_usd_cny_z_ma5_lag5,0.0025461098473014087,0.019606476559431044,0.5083069620253164,0.6282306163021869,0.0001154323768625864,low
full,pcf_ttm_lag3,0.0025284873232419504,0.02127383868924752,0.5122907018168864,0.6975646123260437,-0.0018669719828217249,low
full,menv_cpi_z_ma10_lag2,0.00250938257387269,0.019322678107722847,0.5052128583840139,0.5720675944333996,0.003864622427058261,low
full,holder_num_ma20,0.0025084147646811214,0.015624928408805777,0.5005261311820414,0.7084990059642147,0.0005915727354452281,low
full,menv_shibor_1m_z_ma20_lag5,0.00249969875347218,0.019251999790754933,0.5078915418858762,0.614065606361829,-0.00037495424649676353,low
full,bonus_rmb,0.002490000654847206,0.019994174134236622,0.503041825095057,0.6535785288270378,-0.0006067287446031946,low
full,dv_intensity_20d_ma5,0.002489318527429837,0.02018805752994627,0.49582985821517933,0.5959244532803181,-0.00022014317207916408,low
full,dividend_yield_ma5,0.0024788083713522895,0.01963756769645856,0.49833764314739565,0.672713717693837,-0.0009890078781952451,low
full,menv_cpi_z_lag2,0.002471017252486243,0.01889158521912189,0.5102319236016372,0.5464711729622267,0.005929438431974477,low
full,menv_cpi_z_ma5,0.0024703922292540342,0.018946309597988945,0.5089928057553957,0.5526838966202783,0.004283164164155464,low
full,consecutive_inflow_20d_std20,0.002462235621061885,0.019959536961688354,0.5030238349341871,0.6985586481113321,-0.008707935907952363,low
full,ann_sentiment_std_lag1,0.00245858798072633,0.020046504086520905,0.5034674063800277,0.17917495029821073,0.003745303039018642,low
full,menv_cpi_z_ma10_lag3,0.002457598912377946,0.019087030374078415,0.5025951557093425,0.5745526838966203,0.0029790960183786095,low
full,premium_pct_wavg_ma20,0.00244145989413701,0.019483499759595187,0.5052527905449771,0.7569582504970179,0.00024425048110049825,low
full,premium_pct_mean_ma20,0.00244145989413701,0.019483499759595187,0.5052527905449771,0.7569582504970179,0.00024428424485205594,low
full,ind_return_min_z20,0.002441414302185295,0.018140390520258867,0.5130628126737076,0.4470675944333996,-0.001979417969607155,low
full,revenue_trend_4q_lag5,0.0024205415110043274,0.01888267211201423,0.49127272727272725,0.6833996023856859,0.008767319579487357,low
full,bonus_rmb_ma10,0.002416477234859782,0.019187360129506868,0.4980336074365391,0.695079522862823,-0.0014172609852461792,low
full,menv_cpi_z_ma5_lag2,0.002407542931038511,0.01865604692882381,0.5084519572953736,0.558648111332008,0.003916007398218617,low
full,holder_num_ma10,0.002392218884311024,0.014853219347716317,0.4996410624551328,0.6923459244532804,0.0009366122971604119,low
full,shibor_6M_z20,0.002388668322424166,0.017833885299327588,0.5076601671309192,0.35685884691848907,0.007086736205515487,low
full,trade_count_accel,0.0023812178306018856,0.019633717440324154,0.506750082318077,0.7547216699801192,0.0020773132063725023,low
full,shibor_1W_z20,0.0023651324495350674,0.017498654042537087,0.5094752186588921,0.34095427435387676,0.005920636596225823,low
full,menv_fx_usd_cny_z_accel_lag10,0.002358073585789135,0.018283788467800946,0.5034168564920274,0.654572564612326,-0.008046257055987159,low
full,stock_vs_industry_lag2,0.0022781074159825758,0.008610165152105172,0.48787446504992865,0.5226143141153081,-0.008935514016016076,low
full,ind_return_max_accel,0.002277083187079972,0.016586897034455858,0.5038888888888889,0.44731610337972166,-0.008816582996033651,low
full,momentum_60d_std20_lag2,0.002267105626124795,0.015315305859095144,0.5055456171735242,0.6945825049701789,0.007591717906968384,low
full,menv_cpi_z_ma20_lag2,0.00223464401906378,0.0171765116552723,0.5018867924528302,0.5926938369781312,-0.00166846152762429,low
full,menv_fx_usd_cny_z_ma5_lag20,0.002231703918835683,0.017112421979050108,0.5046082949308756,0.647117296222664,0.003074664267745524,low
full,rank_z20,0.0022260089867664414,0.014396584173967763,0.5049822064056939,0.69831013916501,0.0010494815156170303,low
full,menv_us_cn_10y_spread_ma5_lag1,0.002215301573529483,0.014927994695533745,0.503727369542066,0.23334990059642147,0.0013499468232975541,low
full,ind_matched_return_z20,0.002208266162166969,0.008585312301242294,0.4988157271435339,0.5246023856858847,0.0005938153461626136,low
full,menv_cpi_z_ma20,0.0021967198347303675,0.016913272206122973,0.5,0.5889662027833003,3.942160273850545e-05,low
full,menv_regime_z_accel_lag10,0.00218112019783658,0.01748706312785792,0.503037205770691,0.654572564612326,0.00949913030503774,low
full,menv_shibor_1m_z_z20,0.0021749771114751982,0.016598719063000568,0.5100533442757489,0.6056163021868787,-0.00255489787059822,low
full,news_attention_z,0.0021721473492718447,0.016698458375492543,0.5070603337612324,0.19358846918489064,0.004842001957061944,low
full,menv_cpi_z_ma10_lag10,0.00216765651455339,0.01658001279402879,0.5078224101479916,0.5877236580516899,-0.008720235102833462,low
full,sent_dispersion_std20,0.0021656264645931764,0.015509310130401145,0.5,0.69831013916501,-0.008941808289407962,low
full,menv_cpi_z,0.002162325801448832,0.016551962165488064,0.5039116428900138,0.5400099403578529,0.0030547041742421768,low
full,menv_shibor_1m_z_accel_lag20,0.002139882602585681,0.01660431598742262,0.5051546391752577,0.6267395626242545,0.0005029770694089661,low
full,news_neg_momentum_lag5,0.002112567355775641,0.017633892900923608,0.5206611570247934,0.12027833001988071,0.0010008309995659511,low
full,guba_sent_vol_ratio_lag20,0.002110965376526236,0.01804304345987496,0.5056400196174595,0.5067097415506958,0.00520141229288274,low
full,guba_sent_momentum_5d_lag20,0.0020983747919548082,0.016868631110096975,0.5111441307578009,0.5017395626242545,-0.005782878996891604,low
full,menv_fx_usd_cny_z_lag10,0.00209188958934706,0.01635565485644734,0.5106803797468354,0.6282306163021869,-0.0007922059487024752,low
full,n_indexes_z20,0.0020788316183512332,0.010779102336338433,0.5075301204819277,0.16500994035785288,0.0069928812133935245,low
full,premium_pct_mean_ma10,0.002064906627092648,0.01655415967140578,0.49292929292929294,0.7380715705765407,0.00014704494793876796,low
full,premium_pct_wavg_ma10,0.002064906627092648,0.01655415967140578,0.49292929292929294,0.7380715705765407,0.00014699896243111637,low
full,ind_return_skew_std20,0.002059676515351866,0.01518266672102663,0.5169538632573653,0.4470675944333996,-0.0010921714102429638,low
full,menv_shibor_1m_z_z20_lag3,0.002055448602074507,0.015824917630107044,0.5113821138211382,0.6113320079522863,0.0011174655155337207,low
full,menv_m1_m2_spread_z20_lag20,0.0020434600658151233,0.015578507241381302,0.5133779264214047,0.44582504970178927,0.003493976810423259,low
full,news_sent_momentum_5d_lag5,0.002031147085254506,0.01784089758967782,0.5155925155925156,0.11953280318091451,-0.0015515178432870917,low
full,pcf_ttm,0.0020188502341721266,0.01698768062090708,0.5128113879003559,0.69831013916501,-0.0020403019456863556,low
full,avg_shares_ma10,0.002010090858915264,0.012724768464482757,0.5058351568198395,0.6814115308151093,0.0040010282584511895,low
full,ind_dispersion_20d_lag10,0.0019928521278568417,0.014202374385589356,0.5021897810218978,0.3404572564612326,-0.00878092374091785,low
full,guba_sent_accel_lag20,0.0019915540197628094,0.017031159997956534,0.5080922020598333,0.5067097415506958,0.0016968811481912812,low
full,menv_bond_10y2y_spread_z20,0.0019830603542320456,0.014517900928167014,0.4997114829774957,0.43066600397614313,-0.009270065760768761,low
full,bond_cn_10y2y_spread_z20,0.0019830603542320456,0.014517900928167014,0.4997114829774957,0.43066600397614313,-0.009270065760768761,low
full,ind_matched_return,0.001959559526599083,0.007448379939193784,0.48787446504992865,0.5226143141153081,-0.002938208898129056,low
full,news_guba_divergence_lag20,0.0019574476004052903,0.016374221302159788,0.5035532994923858,0.48956262425447317,0.004508809850092144,low
full,eps_lag20,0.0019325399119625572,0.012228990077079649,0.516260162601626,0.30566600397614313,0.009957905707589618,low
full,menv_cpi_z_ma20_lag3,0.0019305262114523772,0.014901944636565077,0.5062709030100334,0.5944333996023857,-0.0011353235494382728,low
full,avg_shares_ma5,0.0019077404938747451,0.01206545020736462,0.5040740740740741,0.6709741550695825,0.0037719700436463794,low
full,pcf_ttm_lag1,0.0019015393827448957,0.0160366956717316,0.5119259522961909,0.6980616302186878,-0.0021235560682785195,low
full,menv_shibor_1m_z_lag20,0.001891162909986049,0.014668165863410876,0.5058091286307054,0.5989065606361829,-0.005718272844864827,low
full,n_stocks_std20,0.0018746343295118395,0.011378445522758246,0.5023123443614372,0.6985586481113321,0.0001437916470036203,low
full,news_sent_streak_lag1,0.001863071472285666,0.015247717668090835,0.49504950495049505,0.02509940357852883,-0.006268651399080354,low
full,market_turnover_z_lag3,0.001861841622392452,0.012333481567783978,0.5180722891566265,0.1856361829025845,-0.001988587184231055,low
full,dv_count_20d,0.001846370266542383,0.015305762161499271,0.4881993006993007,0.5685884691848907,0.00043913514570664543,low
full,momentum_252d_z20_lag1,0.001842018824201392,0.011661399156320435,0.5023662176920277,0.6826540755467196,0.003956919078319241,low
full,menv_shibor_1m_z_ma5_lag10,0.0018377493534806244,0.014146347849261859,0.49643306756189676,0.592196819085487,0.0003992046910593938,low
full,menv_cpi_z_ma5_lag1,0.0017992086360323564,0.013895949485070268,0.5076028622540251,0.5556660039761432,0.0051978676365704276,low
full,bonus_rmb_ma20,0.0017848555457915874,0.01392240475652057,0.5008426019548365,0.7373260437375746,-0.002439447398492915,low
full,momentum_20d_accel_lag20,0.0017784929657646711,0.011474524281354405,0.5044851094366702,0.6925944333996024,-0.0068399892982664145,low
full,news_count_lag20,0.0017742231563294378,0.01547505248966397,0.5129151291512916,0.06734592445328032,-0.008772152964511722,low
full,guba_sent_vol_ratio_lag5,0.0017668933296779157,0.014967281968691076,0.5038948393378773,0.5104373757455268,0.0038871335080882244,low
full,dv_count_20d_ma20,0.0017506037906490828,0.014223900337353466,0.4984002843938855,0.6990556660039762,-0.0007383091432174996,low
full,dv_last_direction_z20,0.0017310362828517646,0.014609620120415938,0.5100671140939598,0.11108349900596422,-0.0033292380404635617,low
full,ind_pct_up_lag5,0.0017221381874322377,0.01159994871473421,0.507172131147541,0.24254473161033796,-0.007021318203857689,low
full,pledge_ratio_std20,0.0016946434620225934,0.012423158542133543,0.5005607476635514,0.6647614314115308,-0.007889492775073755,low
full,guba_net_bullish_lag5,0.0016831281791099542,0.01370536448504002,0.507808564231738,0.4932902584493042,-0.004408120171833634,low
full,menv_cpi_z_lag5,0.001671424824606201,0.013015608025994807,0.5064876957494407,0.5554174950298211,0.003090258630090993,low
full,ann_sentiment_mean_lag2,0.0016615726873971685,0.013941548445482043,0.5038438793613247,0.4202286282306163,0.0008349662368115074,low
full,ann_sent_x_roc20_accel,0.0016348855303085846,0.013817815430176393,0.50355871886121,0.69831013916501,-0.0013935833049776585,low
full,volume_ratio_lag10,0.0016240481126711414,0.011827701669830885,0.5002485089463221,1.0,-0.0025536621129005456,low
full,guba_sentiment_mean_lag5,0.001619564308151312,0.013209570681748583,0.5057934508816121,0.4932902584493042,-0.004334871436284668,low
full,dividend_yield_std20,0.0016108377031169231,0.012743682649724768,0.4996513249651325,0.7127236580516899,-0.0027215883609410813,low
full,menv_fx_usd_cny_z_accel_lag20,0.0016083722342221183,0.012651534631113608,0.4937853107344633,0.6597912524850894,-0.007378840123610697,low
full,fx_gbp_cny_z20,0.0015958190785305675,0.011798744811366876,0.5074798619102416,0.43190854870775347,-0.002144145678930035,low
full,fx_jpy_cny_ma5,0.0015742200187014081,0.010485754017915586,0.5252403846153846,0.20675944333996024,-0.009484307536247044,low
full,fx_jpy_cny_lag5,0.0015700416109471669,0.010729539940244698,0.5159914712153518,0.2331013916500994,-0.00966807108962128,low
full,ann_sentiment_mean_ma20,0.0015665194861833212,0.013038771597209297,0.499644128113879,0.69831013916501,0.00194333710771435,low
full,news_attention_z_lag10,0.0015645047873120979,0.012288814764384544,0.5123537061118335,0.19110337972167,0.004771174749438211,low
full,volume_ratio_lag20,0.0015627156817854594,0.01156920316611052,0.5039761431411531,1.0,0.005101437644241686,low
full,guba_sent_bear_vol,0.00156248877482702,0.012555179770704259,0.5140449438202247,0.4423459244532803,-0.0005439883533910839,low
full,bonus_rmb_ma5,0.0015392999971671046,0.012239236616587464,0.49612116734392314,0.672713717693837,-0.0015669085864276559,low
full,menv_cpi_z_ma20_lag5,0.0015230601091927411,0.011707939382472233,0.503950103950104,0.5976640159045725,-0.005853881326696755,low
full,dividend_yield_accel,0.0015093898610375979,0.012429095523059748,0.4918842625264644,0.7042743538767395,0.0012933510551922816,low
full,momentum_252d_accel_lag10,0.0015051244660639759,0.009661847713158098,0.5005476451259584,0.6806660039761432,-0.003382069758241958,low
full,menv_bond_10y2y_spread_ma10_lag10,0.00149804859127984,0.010829028632105591,0.5028968713789108,0.4289264413518887,-0.009053372335614105,low
full,avg_shares_ma20,0.0014945768190553124,0.009518242991932168,0.5047991468183434,0.6990556660039762,0.0032313423276276163,low
full,avg_account_cap_z_lag20,0.0014880751048354653,0.011570001520614728,0.5111492281303602,0.1448807157057654,0.0011626814208113405,low
full,menv_shibor_1m_z_ma5_lag5,0.0014738716264199592,0.01118033549555565,0.4980810234541578,0.5827534791252486,0.008929034255283168,low
full,menv_us_cn_10y_spread_lag20,0.001461836412516707,0.010814062671316921,0.4948571428571429,0.43489065606361826,0.00474031860336665,low
full,down_count_z20,0.0014444452832120354,0.009121314181091505,0.5087157595161864,0.6985586481113321,-0.0038351264863644868,low
full,menv_us_cn_10y_spread_ma10_lag20,0.0014329356757511935,0.010628261871690928,0.505338078291815,0.48881709741550694,0.003726632017019141,low
full,bond_cn_10y2y_spread_lag3,0.00142599989310773,0.009244161995117413,0.5113314447592068,0.1754473161033797,-0.003995501996688916,low
full,menv_bond_10y2y_spread_lag3,0.00142599989310773,0.009244161995117413,0.5113314447592068,0.1754473161033797,-0.003995501996688916,low
full,concept_zt_count_ma5,0.0014114179448343536,0.009647109211409023,0.5263157894736842,0.004721669980119284,-0.007561909646549194,low
full,momentum_60d_std20_lag1,0.001387019578323014,0.0092675609227367,0.4989270386266094,0.694831013916501,0.008188050518199024,low
full,guba_sent_extreme,0.0013821684931562177,0.011483706640575221,0.4978401727861771,0.4602385685884692,-0.0026992503287181654,low
full,ann_sent_x_roc20_ma5,0.0013799222706670537,0.011798322524024503,0.5100492984452029,0.6553180914512923,-0.0004928602293152448,low
full,menv_fx_usd_cny_z_ma5_lag10,0.0013757697745632228,0.010591789324152839,0.5023474178403756,0.6351888667992047,-0.0032616094037024833,low
full,ann_sent_x_macd_ma5,0.0013754942963131284,0.011600533826365349,0.5121396054628224,0.6550695825049702,-0.0009005636715258487,low
full,ind_return_min_lag20,0.0013570383290774134,0.01023079917174292,0.5049288061336255,0.4537773359840954,0.00879370230418269,low
full,sector_rrg_x_accel_lag10,0.0013487197527764045,0.008694544322246147,0.5034811286185416,0.6781809145129225,0.0010362454619038048,low
full,momentum_60d_std20,0.001343117135332438,0.009011278827169025,0.4923131927064712,0.695079522862823,0.008851839437227726,low
full,guba_attention_z_lag20,0.0013410782593522238,0.011351705498074604,0.5066857688634193,0.5203777335984096,0.0033268787954652016,low
full,menv_cpi_z_ma20_lag1,0.0013410443305568675,0.010324588166768876,0.4966358284272498,0.5909542743538767,-0.0009304494080885052,low
full,guba_sent_bear_vol_lag3,0.0013378780912391647,0.010936176373115926,0.5106861642294713,0.4418489065606362,-0.0002173813821071782,low
full,menv_m1_m2_spread_accel_lag20,0.0013261501715733804,0.010206807581299795,0.5083612040133779,0.44582504970178927,0.007165032698748278,low
full,is_index_member_ma5,0.0013173972178360679,0.007218123635531004,0.4984002843938855,0.6990556660039762,-0.0021028267188443754,low
full,n_indexes_ma5,0.0013173972178360679,0.007218123635531004,0.4984002843938855,0.6990556660039762,-0.0021028267188443754,low
full,is_index_member,0.0013035576179077023,0.007137910459546396,0.4980447920369712,0.6990556660039762,-0.0017411715553370818,low
full,n_indexes,0.0013035576179077023,0.007137910459546396,0.4980447920369712,0.6990556660039762,-0.0017411715553370818,low
full,news_count_momentum_lag5,0.0012961687912503158,0.010706342876595915,0.5344129554655871,0.12276341948310139,1.4898799646765811e-05,low
full,menv_fx_usd_cny_z_ma10_lag1,0.0012791724209376242,0.009931326466485521,0.5067034700315457,0.6302186878727635,-0.0010529568530748407,low
full,cb_0_std20,0.001264677653781282,0.006832164554365152,0.5,0.002485089463220676,0.007605096936660288,low
full,cb_0_ma10,0.001264677653781282,0.006832164554365152,0.5,0.002485089463220676,0.007604369623011564,low
full,cb_0_ma20,0.001264677653781282,0.006832164554365152,0.5,0.002485089463220676,0.007604369623011564,low
full,menv_fx_usd_cny_z_z20,0.001264535001202348,0.010082487456525678,0.501929012345679,0.6441351888667992,-0.004392122868517924,low
full,earnings_quality_lag20,0.0012551205826693062,0.010037207241865648,0.5056910569105691,0.30566600397614313,-0.0035273186272958257,low
full,lhb_is_sustained_accel,0.001241463106168184,0.008375783467517214,0.4943601711396344,0.6389165009940357,0.0010844176584666157,low
full,lhb_is_drop_accel,0.0012382262230389782,0.008872234005708711,0.5011520737327189,0.647117296222664,0.00028357318095466127,low
full,market_adv_ratio_lag10,0.0012333267342632126,0.008778914149519042,0.5018368846436444,0.33822067594433397,-0.0037892407883835465,low
full,dv_count_20d_ma10,0.0012211145555298245,0.010090458023984497,0.4926299456943367,0.6406560636182903,-0.00012742046073677008,low
full,negative_ratio_accel,0.001216925989463697,0.010080115834055922,0.5,0.1933399602385686,0.005357317846023369,low
full,is_index_member_ma10,0.001215261742150263,0.00666337510660178,0.4976892996800569,0.6990556660039762,-0.0021336326377375363,low
full,n_indexes_ma10,0.001215261742150263,0.00666337510660178,0.4976892996800569,0.6990556660039762,-0.0021336326377375363,low
full,menv_fx_usd_cny_z_z20_lag3,0.0012105481334589833,0.009439703874492287,0.5019157088122606,0.6486083499005965,0.004829936376139351,low
full,investor_new_z,0.0011943129443824033,0.007081193038311316,0.4444444444444444,0.01341948310139165,-0.005586156069414247,low
full,ann_sentiment_mean_lag3,0.0011936953144392791,0.009877235898038069,0.49467455621301776,0.41998011928429424,0.0003875808040520082,low
full,guba_sent_vol_ratio_lag2,0.0011887025407905946,0.01039143558441396,0.4997569275644142,0.5111829025844931,0.004187354615533525,low
full,menv_shibor_1m_z_ma10_lag10,0.0011854405345643252,0.008930271085738595,0.49979364424267436,0.6021371769383698,-0.0007873940781677998,low
full,ind_return_skew_lag10,0.001170206997807985,0.008527406280627472,0.49313087490961677,0.3436878727634195,0.0012727913025007466,low
full,momentum_60d_std20_lag3,0.0011688823333936519,0.007883741742216125,0.49570508231925553,0.6943339960238568,0.0069828068593783,low
full,n_indexes_lag1,0.0011498604238913282,0.006305686138641378,0.49822190611664297,0.6988071570576541,-0.0015711327307713463,low
full,is_index_member_lag1,0.0011498604238913282,0.006305686138641378,0.49822190611664297,0.6988071570576541,-0.0015711327307713463,low
full,is_index_member_lag5,0.001141626789371862,0.0062686549094453595,0.49786324786324787,0.6978131212723658,-0.003130530950392687,low
full,n_indexes_lag5,0.001141626789371862,0.0062686549094453595,0.49786324786324787,0.6978131212723658,-0.003130530950392687,low
full,menv_shibor_1m_z_ma5_lag20,0.0011365227567287075,0.008814942972007765,0.5022531749283081,0.606610337972167,-0.004209785717337774,low
full,shibor_6M_accel,0.0011322492770666909,0.008235488271211662,0.5062179956108266,0.3397117296222664,0.008428077097916955,low
full,days_since_last_ex_div_accel,0.0011306214051115544,0.00886378240008076,0.5116799204771372,1.0,-0.0020759272001323677,low
full,pledge_count_20d_lag20,0.0011189257470323375,0.007745566364700367,0.49495515695067266,0.8866799204771372,-0.0006647591762805953,low
full,idx_change_30d,0.0011171065345364495,0.0069815719290663965,0.4957825679475164,0.26515904572564614,0.004686342075458326,low
full,lhb_is_wave_accel,0.001108261446663337,0.007671593823922621,0.49957446808510636,0.5839960238568589,-0.004697866450537666,low
full,is_index_member_ma20,0.0011033472113035,0.006045748865496106,0.4991112691077142,0.6990556660039762,-0.0025504505547009827,low
full,n_indexes_ma20,0.0011033472113035,0.006045748865496106,0.4991112691077142,0.6990556660039762,-0.0025504505547009827,low
full,pledge_ratio_lag20,0.0010901546183480848,0.007158075836499167,0.5047216699801192,1.0,-0.0029077216410695866,low
full,lhb_net_amount_accel,0.001090065179132906,0.007772122855539764,0.5085409252669039,0.69831013916501,0.0009143712583650976,low
full,days_since_last_ex_div_std20,0.0010710517672102029,0.008435814340287385,0.5049701789264414,1.0,-0.004835457723776437,low
full,dv_count_20d_std20,0.0010645584589764844,0.008649917376230718,0.4909090909090909,0.6970675944333996,-0.001502084426528602,low
full,menv_cpi_z_ma5_lag3,0.0010641190825641056,0.008299469583725547,0.5081894643647632,0.5613817097415507,0.004050037156804696,low
full,dv_count_20d_ma5,0.001057310248886489,0.008744862880946856,0.49114132674083233,0.6031312127236581,0.00011085798714835722,low
full,bonus_rmb_accel,0.001051364918856767,0.00862590698340699,0.4895870102364984,0.7040258449304175,0.0008715319267241541,low
full,sector_rank_change,0.0010430599813371355,0.006674210169087159,0.4989308624376336,0.6973161033797217,0.002544573024966618,low
full,pledge_ratio_lag3,0.001038339727364832,0.006819736537505708,0.5017395626242545,1.0,-0.002074054865685929,low
full,menv_cpi_z_lag3,0.001013635676540959,0.007814555119685634,0.5040687160940326,0.5497017892644135,0.004921923518065278,low
full,n_indexes_lag10,0.0010093261470747609,0.005551075029860343,0.4955404923296468,0.6965705765407555,-0.002339391580155801,low
full,is_index_member_lag10,0.0010093261470747609,0.005551075029860343,0.4955404923296468,0.6965705765407555,-0.002339391580155801,low
full,ann_sentiment_mean_ma10,0.0010084467069862845,0.008342173156179895,0.49728555917481,0.6866302186878728,0.0004948297141276973,low
full,pledge_ratio_lag2,0.001007565130562265,0.006615058267192685,0.5017395626242545,1.0,-0.002336317428119304,low
full,is_index_member_lag20,0.0010005366625218718,0.005503948453528561,0.49552452559971355,0.6940854870775348,-0.0042754986728568995,low
full,n_indexes_lag20,0.0010005366625218718,0.005503948453528561,0.49552452559971355,0.6940854870775348,-0.0042754986728568995,low
full,ann_sent_x_macd_ma10,0.0010001433038896183,0.008502521142485245,0.5045273451647954,0.6861332007952287,-0.0009990104232461153,low
full,pledge_ratio_ma5,0.0009976692071565275,0.006548807461295735,0.5014910536779325,1.0,-0.0024335703746904197,low
full,pledge_ratio_lag1,0.0009959777392449952,0.006534134501414652,0.5017395626242545,1.0,-0.001995621116883745,low
full,pledge_margin_dist_std20,0.000994616196415002,0.006514121760482743,0.5017395626242545,1.0,-0.0038321199437954066,low
full,menv_fx_usd_cny_z_ma10_lag3,0.0009940330135340576,0.007725963808943097,0.5047058823529412,0.6336978131212724,-0.0007910540336566998,low
full,menv_shibor_1m_z_ma10_lag3,0.0009875645817887968,0.007462077219357411,0.4953742640874685,0.5909542743538767,0.00819363143768188,low
full,rank_accel,0.0009751469111450353,0.006305277373701095,0.49306296691568835,0.6985586481113321,0.005150590051848766,low
full,menv_cpi_z_ma10_lag1,0.0009713001037936265,0.007518283615886171,0.4986910994764398,0.5695825049701789,0.004157925229270665,low
full,n_indexes_lag3,0.0009673569066387341,0.005303759748142289,0.496797153024911,0.69831013916501,-0.0018168581498754876,low
full,is_index_member_lag3,0.0009673569066387341,0.005303759748142289,0.496797153024911,0.69831013916501,-0.0018168581498754876,low
full,pcf_ttm_lag5,0.0009595161946016117,0.008026162891730491,0.5083778966131908,0.6970675944333996,-0.0029470824500271234,low
full,momentum_252d_accel_lag2,0.0009449809418119235,0.00594282297216512,0.49144521295959226,0.6826540755467196,-0.0005880711034191472,low
full,guba_sent_vol_ratio,0.0009414466466802291,0.008100487476661039,0.5041282175813502,0.5116799204771372,0.006225299046828743,low
full,is_index_member_lag2,0.0009365760539644417,0.005136960431443758,0.4969761650658129,0.6985586481113321,-0.0031506571084944676,low
full,n_indexes_lag2,0.0009365760539644417,0.005136960431443758,0.4969761650658129,0.6985586481113321,-0.0031506571084944676,low
full,pledge_ratio_lag5,0.0009364583875288162,0.006147428314775145,0.5017395626242545,1.0,-0.0028699134618775574,low
full,pledge_ratio,0.0009308901744433821,0.00610660492091313,0.5017395626242545,1.0,-0.002217902420334914,low
full,growth_quality_lag10,0.0009135212088384046,0.007076764144069318,0.5127041742286751,0.2738568588469185,-0.0017874155017051803,low
full,ind_pct_up_lag20,0.0009108965920288704,0.006769355887591389,0.5071585903083701,0.45129224652087474,-0.005940352593149928,low
full,flow_z_lag20,0.0009080947862920699,0.006564024955237903,0.5021536252692032,0.6923459244532804,0.0032139635984852546,low
full,down_count_ma5,0.0008996988218495478,0.005380713240705233,0.5005336179295624,0.6985586481113321,-0.008203956726735538,low
full,market_state_volatile_lag10,0.0008897289662731962,0.006293679860206842,0.5,0.0019880715705765406,0.005661081587904193,low
full,consecutive_inflow_5d_std20,0.0008833351505384737,0.00718056782900922,0.4969761650658129,0.6985586481113321,-0.006676613628917791,low
full,leader_change_ma20,0.0008700867827921147,0.005322918545106252,0.4983991462113127,0.6985586481113321,-0.004744128726614801,low
full,pledge_ratio_ma10,0.0008633106700406429,0.005666352486642699,0.5014910536779325,1.0,-0.003493747623554817,low
full,pledge_ratio_lag10,0.0008616038982723448,0.005662611134052485,0.5032306163021869,1.0,-0.0033298762252175966,low
full,guba_sent_extreme_lag5,0.0008613508704708593,0.007424856880906502,0.5035230352303524,0.4584990059642147,-0.006516363001208811,low
full,sector_rrg_y_z20_lag10,0.0008529476102350499,0.005708692949542518,0.5020080321285141,0.6806660039761432,-0.0005689435304998933,low
full,menv_fx_usd_cny_z_ma5_lag1,0.0008508443382094508,0.006572714559578811,0.505797680927629,0.6215208747514911,0.002228156605037455,low
full,menv_fx_usd_cny_z_lag20,0.0008441081611478609,0.006408189540561966,0.49612403100775193,0.6411530815109344,-0.003134931785397396,low
full,avg_shares_std20,0.0008440361081874455,0.0067156833513489205,0.5070883315158125,0.683648111332008,-0.007752660639107002,low
full,high_low_ratio_lag10,0.0008430098738611174,0.005363671010584144,0.4642857142857143,0.020874751491053677,0.0011390298500843833,low
full,momentum_252d_accel_lag3,0.0008426523382661021,0.005385355727798849,0.49162418062636565,0.6824055666003976,0.0010731924710770824,low
full,dv_intensity_20d_accel,0.0008264324569043054,0.006767436890778014,0.49570200573065903,0.6938369781312127,0.0001582238944532329,low
full,pledge_ratio_ma20,0.0008146373181081038,0.005349734210421612,0.5017395626242545,1.0,-0.004178167462536472,low
full,pledge_count_20d_lag10,0.0008071783618658197,0.005615193256104878,0.4920056100981767,0.885934393638171,-0.0002681679725336175,low
full,up_count_std20,0.0008049413248969688,0.004862790951125019,0.5008893632159374,0.6985586481113321,-0.005557448609232479,low
full,market_adv_ratio_lag20,0.0008013728134410847,0.005976732788951208,0.49944690265486724,0.44930417495029823,-0.005048407868132864,low
full,bonus_rmb_std20,0.0007935784709208385,0.006287497983619004,0.4980856247824574,0.7139662027833003,-0.0030913293450226457,low
full,sector_rrg_quadrant_std20_lag1,0.0007899615864248855,0.005435398214230462,0.49308588064046577,0.6829025844930418,-0.0096437578584442,low
full,menv_fx_usd_cny_z_ma10,0.0007817497819516185,0.006080391684249301,0.5021747726374061,0.6284791252485089,-0.00019923178504876608,low
full,sector_breadth_z_lag1,0.0007724555123178739,0.00487252285490366,0.48930862437633643,0.6973161033797217,0.004699538650285595,low
full,momentum_252d_accel_lag20,0.0007526319131362018,0.004914338810984433,0.5023818248442653,0.6781809145129225,-0.00863762929505329,low
full,sector_rrg_y_accel_lag10,0.0007337771498609781,0.004753600089684964,0.49069003285870755,0.6806660039761432,0.0019881014986437152,low
full,news_guba_ratio_lag2,0.0007214908302143569,0.005737951392143388,0.5173611111111112,0.07157057654075547,-0.00434157656303392,low
full,menv_regime_z_accel_lag1,0.0007165075840746425,0.005620716036561788,0.506158583525789,0.6456262425447317,0.0046407937299435915,low
full,menv_bond_10y2y_spread_ma20_lag5,0.0006854013697095002,0.00503004369419066,0.4989293361884368,0.46421471172962225,-0.007934539009142552,low
full,menv_regime_z_ma20_lag5,0.000681518027685325,0.005202722915089649,0.4952271859488354,0.650844930417495,0.0059471711834377826,low
full,earnings_surprise,0.0006791813748411397,0.0040766474398868015,0.5052631578947369,0.6846421471172962,-0.006475777177538386,low
full,consecutive_inflow_10d_accel,0.0006693810038541299,0.004752500736833494,0.5069370330843116,0.6985586481113321,0.0009384604024965323,low
full,earnings_quality_lag10,0.0006590258069833987,0.005026268463801401,0.48548094373865697,0.2738568588469185,-0.0006340067018072179,low
full,down_count_std20,0.0006515206504298338,0.003935357019922258,0.4983991462113127,0.6985586481113321,-0.005247152429951628,low
full,ann_sentiment_mean_lag1,0.0006458462250941112,0.005400778414830924,0.49467455621301776,0.41998011928429424,0.0016369530106010205,low
full,menv_cpi_z_ma10,0.0006214326608401415,0.0048368982463306035,0.49693251533742333,0.5670974155069582,0.004606774711179561,low
full,guba_sent_vol_ratio_lag1,0.0006136495280879054,0.00540481654860122,0.4912536443148688,0.5114314115308151,0.005210354335322462,low
full,menv_bond_10y2y_spread_ma20_lag20,0.0006057599808312532,0.004555637638780926,0.492760392340028,0.5320576540755467,-0.009698490423172177,low
full,menv_m1_m2_spread,0.0006000291487736478,0.0035796626579831068,0.5106382978723404,0.023359840954274354,0.008413302629009295,low
full,market_turnover_z_accel,0.0005984505945245426,0.004482374065664471,0.5010989010989011,0.452286282306163,-0.0031592367570787106,low
full,menv_regime_z_z20_lag5,0.0005889796107664088,0.004635078738901667,0.5009545628102329,0.650844930417495,0.009744808623075769,low
full,guba_sent_extreme_lag20,0.0005833488917712335,0.004911211452552787,0.509011469142545,0.45501988071570576,-0.005438341766624914,low
full,temporary_impact_accel,0.0005468981400208641,0.0045112636756569425,0.5090161341347674,0.7855367793240556,-0.0006677141009389533,low
full,ann_negative_ratio_accel,0.0005334441047175214,0.004640817653467396,0.5099857346647646,0.6968190854870775,0.0025360802048273938,low
full,menv_bond_10y2y_spread_z20_lag3,0.0005290756939820706,0.003914424218351503,0.493956043956044,0.452286282306163,-0.00789520801641439,low
full,sector_rank_change_z20,0.0005250021521936533,0.0034321229719202675,0.505693950177936,0.69831013916501,0.0021796529104565745,low
full,menv_fx_usd_cny_z_z20_lag2,0.0005040218541278912,0.0039083514335921075,0.4969278033794163,0.647117296222664,0.00866910868946055,low
full,premium_pct_wavg_ma5,0.0004850706785392959,0.003880648950793667,0.48632010943912446,0.7266401590457257,-0.00090964120073391,low
full,premium_pct_mean_ma5,0.0004850706785392959,0.003880648950793667,0.48632010943912446,0.7266401590457257,-0.0009096223966458978,low
full,effective_yield_z20,0.0004793101013842373,0.0038424743585027763,0.4937872763419483,1.0,0.008416431617233605,low
full,momentum_60d_z20,0.0004773623474416607,0.0029419176432056017,0.5033964962459778,0.695079522862823,0.00416146461673579,low
full,days_since_last_ex_div_z20,0.0004692506236693851,0.003618095168656851,0.5041666666666667,0.9542743538767395,-0.007105776204034615,low
full,menv_fx_usd_cny_z_ma5_lag2,0.0004505724301506519,0.0034828257425594377,0.49760765550239233,0.6232604373757455,0.0017884490067971118,low
full,sector_rrg_x_ma5_lag20,0.0004474611450356676,0.0028854710773632995,0.4928282456785583,0.6756958250497018,-0.0026550585316915086,low
full,dv_count_20d_accel,0.0004445118206380954,0.0036964457053086683,0.49607703281027105,0.6968190854870775,0.0005527288779145754,low
full,guba_sent_momentum_5d_lag3,0.0004372994741245396,0.00349236311305361,0.5046637211585665,0.5062127236580517,-0.006138054982911504,low
full,retail_panic_lag5,0.0004367338017315961,0.00383029107237537,0.5197368421052632,0.03777335984095427,0.0008303693271033955,low
full,comment_score_lag10,0.00043144817646685065,0.001910996651069233,0.47619047619047616,0.010437375745526839,0.002415868257649656,low
full,ind_dispersion_20d_z20,0.00042181221724088764,0.003148835816041581,0.4988826815642458,0.444831013916501,0.0017860784140908005,low
full,pledge_count_20d,0.0004212860539340449,0.0029606114335349737,0.4885089686098655,0.8866799204771372,-0.0002230064444640779,low
full,sector_rrg_x_z20_lag5,0.0004178656272021765,0.0027747052396838927,0.5040234089246525,0.6794234592445328,-0.0030918113748578196,low
full,temporary_impact_ma20,0.00041543005244547895,0.0033223639746995685,0.5036380892122746,0.7855367793240556,-0.0021540480380273968,low
full,menv_bond_10y2y_spread_ma5_lag10,0.00041382518317678113,0.002954548354668746,0.5003265839320705,0.3804671968190855,-0.00917311849825239,low
full,menv_shibor_1m_z_lag10,0.00040537679882073486,0.0030932367143029957,0.49360068259385664,0.5825049701789264,0.0028669961241734117,low
full,menv_fx_usd_cny_z_ma10_lag2,0.00040440652483367544,0.003137129373631557,0.5037357451828549,0.6319582504970179,-0.0006604620994965524,low
full,pledge_count_20d_lag1,0.000400981873020613,0.0028052831499591124,0.48724418278665543,0.8864314115308151,-0.00011334945449279907,low
full,flow_momentum_lag20,0.00037881149941075684,0.0027573190302720074,0.5021536252692032,0.6923459244532804,0.002717948799758624,low
full,menv_shibor_1m_z_ma10_lag20,0.00037357577026147305,0.0028955513617557197,0.500202347227843,0.614065606361829,-0.003236651553341981,low
full,momentum_252d_z20_lag5,0.0003602648535869928,0.0023199346644105783,0.5029154518950437,0.6819085487077535,-0.0006594020851932069,low
full,news_guba_divergence_lag10,0.00035863161525078,0.00303282561216568,0.5075757575757576,0.49204771371769385,0.0022274059352284424,low
full,menv_cpi_z_ma5_lag5,0.00035424386833624277,0.002731108268158809,0.4980254497586661,0.566351888667992,0.005652160657048049,low
full,menv_bond_10y2y_spread_accel_lag1,0.00034290823310159895,0.002509019146735687,0.4980169971671388,0.4386182902584493,-0.008457998323259927,low
full,guba_sent_bear_vol_lag1,0.0003396667594793594,0.002826724438591474,0.5112359550561798,0.4423459244532803,-0.002309460471574818,low
full,is_deep_discount,0.0003355849276736324,0.002682261870480076,0.49360795454545453,0.3499005964214712,-0.0005556633206906277,low
full,dv_days_since_z20,0.0003305994825542776,0.002643502396002018,0.5076182838813151,0.9296719681908548,-0.007430800269650343,low
full,market_turnover_z_z20,0.0003293241581248672,0.002440380224089807,0.4961496149614962,0.4517892644135189,0.0010839416015382985,low
full,market_state_normal_std20_lag2,0.00032381070168567187,0.0027288980185826484,0.6153846153846154,0.0032306163021868788,0.00014285558980086768,low
full,market_state_normal_ma20_lag2,0.00032381070168567187,0.0027288980185826484,0.6153846153846154,0.0032306163021868788,0.00014184232123577132,low
full,market_turnover_z_lag10,0.0003211598609589113,0.002280566736828724,0.505057803468208,0.34393638170974156,0.007968024538112942,low
full,sector_rrg_x_ma20_lag10,0.0003197861676450608,0.0020823697738355366,0.5023818248442653,0.6781809145129225,-0.00033206512244939853,low
full,momentum_252d_accel_lag1,0.00029655900953225623,0.00185446394961285,0.4945414847161572,0.6829025844930418,-0.0015506781433461036,low
full,menv_fx_usd_cny_z_accel_lag2,0.000276378690863949,0.002134570495902046,0.5011520737327189,0.647117296222664,0.004121472821641775,low
full,temporary_impact_ma10,0.0002718637645338557,0.002189592398978966,0.49367909238249597,0.7666500994035785,-0.0016754984274888244,low
full,sector_rrg_quadrant_std20_lag2,0.0002595412286885894,0.0017693219261484885,0.4947215143793229,0.6826540755467196,-0.009384850408356859,low
full,bond_cn_10y2y_spread_ma20,0.0002534333683399091,0.0018226282447792988,0.4976905311778291,0.4304174950298211,-0.006817767664102062,low
full,menv_bond_10y2y_spread_ma20,0.0002534333683399091,0.0018226282447792988,0.4976905311778291,0.4304174950298211,-0.006817767664102062,low
full,news_sent_bull_vol_lag2,0.00024518569163625915,0.0019790085957153815,0.4723404255319149,0.05839960238568589,-2.01357759289935e-06,low
full,profit_yoy_lag20,0.00024267812393208407,0.0018795622296446546,0.5065040650406504,0.30566600397614313,-0.0008049414264983519,low
full,ann_sentiment_mean_ma5,0.0002172252534708024,0.0018051941970672893,0.5020857034508912,0.6553180914512923,0.0010405873219946574,low
full,menv_regime_z_z20_lag3,0.0002158398818625654,0.0017099816466015058,0.5022988505747127,0.6486083499005965,0.0039653606011295014,low
full,pcf_ttm_lag10,0.00020298832399975812,0.001695689217058566,0.5096428571428572,0.6958250497017893,-0.0029234632756856144,low
full,sf_total_z20,0.0001882132432263147,0.0013559135342167332,0.4955022488755622,0.33151093439363816,0.0077442972104660775,low
full,momentum_60d_std20_lag5,0.00017110554604091873,0.0011591045376049334,0.501432664756447,0.6938369781312127,0.0063697508348093184,low
full,sector_rrg_x_z20_lag1,0.0001683028552272185,0.0011072299841371966,0.4981738495252009,0.6804174950298211,-0.0011744083220214404,low
full,menv_fx_usd_cny_z_accel_lag3,0.00015428563981722597,0.0012050964688883922,0.4950191570881226,0.6486083499005965,0.0016461064567826152,low
full,guba_sent_volume_lag5,0.00014045267481203002,0.001133225115251994,0.49924433249370276,0.4932902584493042,-0.004656274245497258,low
full,ann_negative_ratio_lag20,0.00014033630418607386,0.0011344824582335173,0.5065034429992349,0.32480119284294234,0.00269520329938312,low
full,pledge_count_20d_accel,0.0001397305962480011,0.0009786831746741926,0.4948533196088523,0.9657057654075547,0.000403952280866716,low
full,menv_bond_10y2y_spread_lag2,0.00013961223973052146,0.0008951729918919779,0.5017605633802817,0.1411530815109344,-0.005260839890513172,low
full,bond_cn_10y2y_spread_lag2,0.00013961223973052146,0.0008951729918919779,0.5017605633802817,0.1411530815109344,-0.005260839890513172,low
full,momentum_60d_std20_lag20,0.00013723324731037325,0.0009330557596384215,0.49225783219301406,0.6901093439363817,0.0004855316739181141,low
full,menv_cpi_z_z20_lag20,0.0001281640522606688,0.0010194024158287059,0.49432739059967584,0.6133200795228628,0.006170260363684297,low
full,ann_sent_x_roc20_ma10,0.00012611092350713957,0.0010995771405212366,0.5128576602680188,0.6861332007952287,0.0003262982570551086,low
full,guba_neg_momentum,0.00012548341781635117,0.0010847568782570637,0.510659395141299,0.5012425447316103,3.195784747747751e-05,low
full,comment_score_ma20,0.00010173974435124213,0.0004517924858801093,0.49056603773584906,0.013170974155069582,-0.0053086529078942265,low
full,sent_agree_neg_accel,0.00010049957879819335,0.0008401411607789468,0.49697185607410044,0.6975646123260437,0.005097799911132345,low
full,flow_momentum_lag1,7.514822467912736e-05,0.0005120902225773993,0.49874955341193283,0.6955765407554672,0.006382191143825102,low
full,menv_fx_usd_cny_z_z20_lag1,7.188223882858156e-05,0.0005545554282701031,0.5007698229407236,0.6456262425447317,0.005819524148739575,low
full,sector_rrg_x_ma10_lag20,6.972105029766971e-05,0.0004548766125810573,0.5001838911364472,0.6756958250497018,-0.003230752443262069,low
full,guba_sent_x_macd_lag20,5.53724935050706e-05,0.0004684408439115034,0.5055837563451777,0.48956262425447317,-0.0036835712615870277,low
full,menv_shibor_1m_z_accel,4.5340037266079514e-05,0.000346910567401348,0.5100533442757489,0.6056163021868787,0.002307228984379991,low
full,momentum_252d_z20_lag20,3.438225273850186e-05,0.00022111077142089936,0.48992304873580067,0.6781809145129225,-0.009738456032229129,low
full,flow_intensity_lag1,3.433519783480804e-05,0.00025687180909351326,0.4948195784208646,0.6955765407554672,-0.006126809857158654,low
full,sector_rrg_quadrant_std20_lag3,2.614788971051449e-05,0.00017574627025958848,0.48943918426802624,0.6824055666003976,-0.0094141261259859,low
full,change_ratio_std20,2.549614528957201e-05,0.00020522911958297327,0.4947897951850521,0.6916003976143141,-0.004432068443172468,low
full,ann_sentiment_mean_lag5,1.9109076697541723e-05,0.00015989004854022917,0.5082938388625592,0.4194831013916501,-0.0011880514004221653,low
full,sector_rrg_x_accel_lag3,-7.251947580985279e-06,-4.687628403471303e-05,0.4934210526315789,0.679920477137177,-0.002326727347923834,low
full,stock_vs_industry_lag5,-3.020603138776054e-05,-0.00011370110229138619,0.5030937648738696,0.522117296222664,0.001379991878844086,low
full,lhb_net_amount_ma10,-3.627155714736113e-05,-0.0002507042602218809,0.49516994633273703,0.6945825049701789,-0.00020159950069245717,low
full,sector_rrg_x_ma10_lag10,-6.68524919174627e-05,-0.00043213494846345044,0.5049468669842433,0.6781809145129225,0.001242333147935606,low
full,pledge_count_20d_lag2,-7.098188361324795e-05,-0.0004969426507638687,0.48723702664796636,0.885934393638171,-0.0008960192726330059,low
full,guba_neg_momentum_lag20,-8.36209599732552e-05,-0.0007138310883735523,0.505764411027569,0.49577534791252487,0.004963497878156492,low
full,roe_accel_lag20,-8.858646691381284e-05,-0.0006316335010256541,0.5053016453382084,0.6796719681908548,0.005615772192180152,low
full,bond_us_2y_std20,-8.920927298107292e-05,-0.0006616986607039496,0.4897840046701693,0.42569582504970177,-0.009919945732003645,low
full,able_shares_accel,-9.946364900343844e-05,-0.0008083348066492342,0.5042900636590091,0.8978628230616302,-0.001493379993236722,low
full,HN_z_std20,-0.00012230066710215053,-0.000990527819668563,0.5082811924917188,0.6751988071570576,-0.007625007908727742,low
full,sector_rrg_y_std20_lag3,-0.00012422577500283198,-0.0008645153118253575,0.49526584122359796,0.6824055666003976,-0.009789812281847068,low
full,free_ratio_accel,-0.00013436378315163125,-0.0010921586025499945,0.5034597287572654,0.8978628230616302,-0.0016079159148604453,low
full,sector_rrg_quadrant_std20,-0.00013775725048719792,-0.0009596554264898452,0.4947253546744271,0.6831510934393639,-0.009284115174280719,low
full,ind_return_mean_lag20,-0.00014884457071349545,-0.0011277770327350319,0.4994523548740416,0.4537773359840954,0.001422811317060942,low
full,guba_sent_momentum_5d_lag10,-0.00015344178236634324,-0.0012237391078262164,0.49531789058649583,0.5042246520874751,-0.004982304613995905,low
full,has_gap_bonus_rmb_ma5,-0.00017910500961788877,-0.001453248255993507,0.508817046289493,0.6764413518886679,0.003104072724069712,low
full,has_gap_bonus_ratio_ma5,-0.00017910500961788877,-0.001453248255993507,0.508817046289493,0.6764413518886679,0.003104072724069712,low
full,has_gap_transfer_ratio_ma5,-0.00017910500961788877,-0.001453248255993507,0.508817046289493,0.6764413518886679,0.003104072724069712,low
full,ann_count_accel,-0.00018109527196965956,-0.001540596411145202,0.5051583066524369,0.6985586481113321,0.009927976208515025,low
full,ann_sentiment_std_lag3,-0.00018130922278588538,-0.0015037258758376986,0.5055401662049861,0.1794234592445328,-0.0006778819457970831,low
full,market_state_weak_accel_lag5,-0.00018509897868289148,-0.001282277898563709,0.46938775510204084,0.03653081510934394,0.00808135866105435,low
full,fx_gbp_cny_accel,-0.00018711927094925795,-0.0013811607393489325,0.4942329873125721,0.4309145129224652,-0.008058829570848103,low
full,menv_fx_usd_cny_z_ma10_lag5,-0.00021655473714865173,-0.0016745561802375035,0.4939476766887934,0.6364314115308151,-0.001806156529152695,low
full,sector_rrg_y_accel_lag20,-0.00023319119053321304,-0.0015245065393469858,0.49688530597288383,0.6781809145129225,0.001452997792861149,low
full,menv_shibor_1m_z_ma10_lag2,-0.0002542903884301557,-0.001924854302470643,0.49514563106796117,0.5887176938369781,0.009325148247481126,low
full,leader_change,-0.00025569651911280236,-0.0016571395119503818,0.49447809048806557,0.6975646123260437,-0.0062545613187652855,low
full,menv_fx_usd_cny_z_lag5,-0.00025590202474373567,-0.0019646357111005753,0.49719775820656525,0.6207753479125249,0.0032089995230191043,low
full,guba_sent_vol_ratio_lag10,-0.00026076784887151384,-0.002193688558412165,0.4987798926305515,0.5091948310139165,0.0031005835110506003,low
full,sector_rrg_x_lag20,-0.00026131629489795576,-0.0016705265664137645,0.49540272158881943,0.6756958250497018,-0.0018469344352038605,low
full,PCRC_accel,-0.00026197559295672404,-0.001958833493185511,0.4996501049685094,0.3551192842942346,-0.00012049382888460066,low
full,board_momentum_mean_accel_lag1,-0.0002711155593803549,-0.002559560216675425,0.6666666666666666,0.0022365805168986083,0.00044377439159538223,low
full,board_momentum_max_accel_lag1,-0.0002711155593803549,-0.002559560216675425,0.6666666666666666,0.0022365805168986083,0.00044377439159538223,low
full,volume_ratio_lag5,-0.0002809534662804676,-0.001996627550689182,0.49279324055666,1.0,0.0016235763700704676,low
full,guba_pos_momentum_lag1,-0.0002967264672978896,-0.0025640406931252955,0.5031909671084929,0.5062127236580517,-0.0015635893385482192,low
full,pcf_ttm_lag20,-0.0003161223653184448,-0.0026815805144425123,0.5050179211469534,0.6933399602385686,-0.0022683432324500713,low
full,guba_sent_vol_ratio_lag3,-0.0003186247865677357,-0.0026513392907468614,0.5058365758754864,0.510934393638171,0.004178405009604649,low
full,menv_regime_z_ma20_lag10,-0.0003248660751475209,-0.0025149240399099377,0.4984813971146545,0.654572564612326,-0.0003670855646338733,low
full,sector_rrg_x_ma20_lag3,-0.0003261861313536176,-0.002094209001163855,0.4872076023391813,0.679920477137177,-0.001415164609803373,low
full,up_count,-0.00034339924400298365,-0.0020820997564392893,0.5019593872461703,0.6975646123260437,-0.009671305990279136,low
full,sector_rrg_x_ma5_lag10,-0.0003545857653213237,-0.002298703687555221,0.491022352510077,0.6781809145129225,0.0010984885988629184,low
full,menv_regime_z_z20_lag20,-0.00035615265984787945,-0.0028301893327563913,0.49566854990583803,0.6597912524850894,0.0026119732759641865,low
full,menv_shibor_1m_z_accel_lag5,-0.00035630271005065897,-0.0027609362810027812,0.49210845811412385,0.614065606361829,0.003501335059268605,low
full,news_sent_reversal_5d_lag2,-0.00036207848578833984,-0.0030170821609792715,0.48148148148148145,0.09393638170974156,-0.0035369326953363146,low
full,dv_days_since_accel,-0.00038599182006537045,-0.003062050614384904,0.5078855920876771,0.9296719681908548,-0.0012156370987951009,low
full,premium_pct_wavg_accel,-0.00041128186800321417,-0.0033754019417886216,0.5,0.7569582504970179,-0.001870770968900261,low
full,market_adv_ratio_std20,-0.00042458478458617,-0.0031589078998341793,0.5022321428571429,0.44532803180914515,0.009092302359004979,low
full,menv_regime_z_z20_lag10,-0.0004253137967444131,-0.003326538976038047,0.49582384206529995,0.654572564612326,0.006980255715185316,low
full,news_pos_momentum_lag20,-0.0004399752472162804,-0.0038572778843497355,0.5115303983228512,0.11853876739562624,0.0022406247243888606,low
full,sector_rrg_y_z20_lag5,-0.0004435348018741836,-0.0029165972856195683,0.4970845481049563,0.6819085487077535,-0.0021206157132720857,low
full,premium_pct_mean_accel,-0.0004496170338162372,-0.003692870234117576,0.5,0.7569582504970179,-0.0018794131866399625,low
full,fx_jpy_cny_lag1,-0.0004520969550557122,-0.0027683543207001325,0.4855072463768116,0.10288270377733598,-0.009809330637630223,low
full,momentum_5d_lag5,-0.00045478220628746257,-0.0028838218600400105,0.49607423269093504,0.6963220675944334,0.005337683088487675,low
full,leader_change_ma10,-0.0004607070927564954,-0.002836169575946546,0.4973319103521878,0.6985586481113321,-0.003600936513142728,low
full,sector_rrg_x_z20_lag10,-0.0004656025308674857,-0.003120955745939762,0.5111762550384756,0.6781809145129225,-0.0019008325756332827,low
full,ann_sentiment_std_lag20,-0.00047124838016683,-0.00409492412517721,0.49442896935933145,0.17842942345924453,0.00023866163177765134,low
full,momentum_252d_std20_lag20,-0.00048299970292189605,-0.0032141489194039,0.4998167827042873,0.6781809145129225,-0.007751117942444435,low
full,sector_rrg_x_ma20_lag20,-0.0005028701272883845,-0.003290731195460421,0.4935638102243472,0.6756958250497018,0.0003496002509982863,low
full,menv_fx_usd_cny_z_std20_lag2,-0.0005056529017879103,-0.003991889930258456,0.5038402457757296,0.647117296222664,0.0009064947098894653,low
full,sector_rrg_x_accel_lag20,-0.0005062472380070679,-0.0031960017039688333,0.49797719749908054,0.6756958250497018,-0.0009606739225627805,low
full,north_net_buy,-0.0005092232883381101,-0.0036573566845432455,0.5014509576320372,0.42818091451292245,0.004787147925728291,low
full,guba_neg_momentum_lag2,-0.000513886639446963,-0.004395636974221242,0.5022332506203474,0.5007455268389662,0.0013862176440435439,low
full,menv_cpi_z_ma5_lag20,-0.0005174273260135038,-0.004012582021380705,0.49518627040602764,0.5936878727634195,-0.009846896846422487,low
full,ann_sentiment_mean,-0.000523233101763971,-0.004352981276946516,0.4997039668442866,0.4197316103379722,0.00047814707978685383,low
full,sector_rrg_quadrant_z20_lag5,-0.0005261894425655058,-0.0035060405495490965,0.4989067055393586,0.6819085487077535,-0.004083881048777849,low
full,has_gap_dividend_yield_ma5,-0.0005450923447569519,-0.004406597466317987,0.5095518001469508,0.6764413518886679,0.002826350567601602,low
full,bond_cn_2y_accel,-0.0005511172826771972,-0.003999159215867065,0.497116493656286,0.4309145129224652,-0.0017179843438045142,low
full,pledge_count_20d_ma5,-0.0005511487882243451,-0.0038721871232420342,0.4889069264069264,0.9184890656063618,-0.0015519565632309273,low
full,fx_gbp_cny_lag5,-0.0005512982771055037,-0.0037054571662916915,0.47816826411075614,0.23334990059642147,-0.008089428348996768,low
full,menv_cpi_z_lag20,-0.0005601846370773346,-0.004318903460065087,0.49555273189326554,0.5867296222664016,-0.008155939199396963,low
full,momentum_5d_ma5_lag3,-0.0005631249892684096,-0.0035112954759377387,0.5003566333808844,0.6968190854870775,-0.00023956657035049093,low
full,guba_neg_momentum_lag3,-0.0005828135658160703,-0.004865132497543172,0.49751737835153925,0.5004970178926441,0.006342356186626108,low
full,guba_sentiment_mean_lag10,-0.0005946569005923043,-0.004967992051453621,0.49242424242424243,0.49204771371769385,-0.003713108152923257,low
full,momentum_60d_z20_lag5,-0.0005995179460625025,-0.0036877570033156566,0.49498567335243554,0.6938369781312127,0.007634293248108769,low
full,temporary_impact_ma5,-0.0006057822568856641,-0.004860787776882053,0.4991768192295028,0.7547216699801192,-0.0026132419401428174,low
full,menv_fx_usd_cny_z_ma20_lag3,-0.0006185220896157709,-0.004783872855050494,0.5,0.6486083499005965,-0.0028220477646998697,low
full,dv_days_since_std20,-0.0006268958072711198,-0.005010194415370302,0.5022721197540765,0.9296719681908548,-0.0037320735200364343,low
full,sector_rrg_x_accel_lag1,-0.0006321212673266247,-0.004111547462749152,0.4959824689554419,0.6804174950298211,-0.0033758000654859274,low
full,sector_rrg_x_ma20_lag5,-0.0006327655554926587,-0.004093547221387554,0.493050475493782,0.6794234592445328,-0.001723539064779014,low
full,flow_z_lag1,-0.0006511043961069686,-0.0044383776336811105,0.4994640943193998,0.6955765407554672,0.006140023669845937,low
full,menv_fx_usd_cny_z_std20,-0.000669189974242455,-0.005254885335431922,0.4996141975308642,0.6441351888667992,0.0018824524843898288,low
full,pledge_count_20d_lag3,-0.0006722352064744807,-0.00470918157467038,0.48723702664796636,0.885934393638171,-0.0013034266109905799,low
full,idx_change_30d_lag1,-0.0006765870846317318,-0.004265269420099828,0.48785046728971965,0.2659045725646123,0.005014118113100379,low
full,guba_sent_reversal_5d_lag10,-0.0006862883922910905,-0.005417807724944039,0.48639112903225806,0.49304174950298213,-0.008547016422597137,low
full,sector_rrg_quadrant_z20_lag10,-0.0007037564984313272,-0.004752921694075847,0.4895947426067908,0.6806660039761432,-0.002144627723435264,low
full,momentum_252d_z20_lag2,-0.0007041661412571252,-0.004464202102904559,0.4934450109249818,0.6824055666003976,-0.0023423419008664946,low
full,guba_sent_momentum_5d_lag5,-0.0007103888287434005,-0.0056455602148221175,0.5066339066339066,0.5057157057654076,-0.005755593620549922,low
full,pledge_count_20d_ma20,-0.0007155656825929418,-0.004997554599663939,0.49691833590138673,0.9676938369781312,-0.0013702077296761253,low
full,ind_dispersion_20d_lag5,-0.0007201817309638437,-0.004925292993232954,0.483640081799591,0.2430417495029821,-0.005528808389856615,low
full,holder_num_std20,-0.0007208627580352111,-0.005174103011821629,0.49447077409162715,0.47191848906560635,-0.007343362863466308,low
full,guba_count_momentum_lag20,-0.0007249265373971214,-0.0061336194177977485,0.49169921875,0.5089463220675944,0.003375634783324788,low
full,sector_rrg_quadrant_accel_lag20,-0.0007369643114049114,-0.0048494955330328875,0.4976181751557347,0.6781809145129225,-0.00100239618877719,low
full,pledge_count_20d_ma10,-0.000746228706493636,-0.005215131624173583,0.49749670619235836,0.9430914512922465,-0.0005943280642260657,low
full,menv_fx_usd_cny_z_ma20_lag5,-0.0007500295732383651,-0.005744898399865766,0.49866361206567394,0.650844930417495,-0.0019882065184455475,low
full,earnings_surprise_lag1,-0.0007581195158072686,-0.004560656442945697,0.5,0.6843936381709742,-0.005888328347305333,low
full,guba_net_bullish_lag10,-0.0007716384862794946,-0.006443452962813006,0.4914141414141414,0.49204771371769385,-0.003943716825005822,low
full,ann_sentiment_std_lag5,-0.0007777940006805801,-0.006463346823091175,0.492371705963939,0.17917495029821073,0.0002053417499853468,low
full,sector_rrg_quadrant_accel_lag10,-0.0007839869851604383,-0.005271802223834718,0.49324571011317997,0.6806660039761432,0.002927637210233834,low
full,guba_sent_reversal_5d_lag20,-0.0008075183131910693,-0.00614203804214433,0.4931506849315068,0.4898111332007952,-0.00827965409090577,low
full,menv_fx_usd_cny_z_ma20_lag1,-0.0008160628914233458,-0.006251180113851441,0.49230177059276364,0.6456262425447317,-0.0026460940908530277,low
full,ind_return_std_ma5,-0.0008230680436576735,-0.0054679030925240905,0.48228571428571426,0.21744532803180913,-0.0005060983392755553,low
full,menv_us_cn_10y_spread_lag5,-0.0008341694093814286,-0.005614137193665117,0.4935897435897436,0.23260437375745527,0.0017780966427934808,low
full,menv_fx_usd_cny_z_ma20_lag2,-0.0008511054290228661,-0.006549392565618367,0.4957757296466974,0.647117296222664,-0.0025745688095592544,low
full,is_vc_backed_ma5,-0.0008636447270246369,-0.008490714025100939,0.4685714285714286,0.04348906560636183,-0.003407708709656557,low
full,pledge_ratio_accel,-0.0008666614385602503,-0.005995908123591685,0.49105367793240556,0.125,0.0013665343771297627,low
full,sector_rrg_quadrant_accel_lag3,-0.0008698300693199654,-0.005776495519632126,0.49854333576110704,0.6824055666003976,-0.0033287109092270304,low
full,ret_std_std20,-0.0008888770590725179,-0.006106993294426025,0.5016008537886874,0.6985586481113321,0.00324262098653736,low
full,menv_shibor_1m_z_ma20_lag10,-0.00089463909285293,-0.006945679419696725,0.4969891609795263,0.6190357852882704,-0.001097043517726513,low
full,momentum_5d_std20_lag5,-0.0009007225922096756,-0.006013696727187135,0.489650249821556,0.6963220675944334,0.006644892890867152,low
full,sector_rrg_quadrant_accel_lag2,-0.0009019536712510105,-0.006007577102512774,0.4958136148525664,0.6826540755467196,-0.0041686151989388555,low
full,has_gap_bonus_rmb_ma20,-0.000908607244564218,-0.007246428438379573,0.49916583249916585,0.7447813121272365,0.0044323488286495205,low
full,has_gap_transfer_ratio_ma20,-0.000908607244564218,-0.007246428438379573,0.49916583249916585,0.7447813121272365,0.0044323488286495205,low
full,has_gap_bonus_ratio_ma20,-0.000908607244564218,-0.007246428438379573,0.49916583249916585,0.7447813121272365,0.0044323488286495205,low
full,guba_sent_bear_vol_lag20,-0.0009165174797113006,-0.007685411938812442,0.48639455782312924,0.4383697813121272,-0.0027916833581351753,low
full,news_attention_z_lag5,-0.000921662647108974,-0.007100040410598257,0.4974160206718346,0.19234592445328033,0.0030541366073848983,low
full,PCRC_z20,-0.0009262733781207957,-0.006471976943147397,0.498567335243553,0.34691848906560635,-0.0005460904210052674,low
full,ann_positive_ratio_lag2,-0.0009358855163304552,-0.008128714189448508,0.4842219804134929,0.2283797216699801,-0.0015288811171613231,low
full,ind_return_min_lag5,-0.00094520397339843,-0.006365315662013198,0.49391480730223125,0.24502982107355864,0.008207796859810301,low
full,rsqr_20d,-0.0009636463074923732,-0.006482121636900066,0.4995029821073559,1.0,0.0030533730964921787,low
full,sector_breadth_raw_z20,-0.0009636680096273102,-0.006093909589239678,0.4951974386339381,0.6985586481113321,0.0032496971982696097,low
full,menv_shibor_1m_z_ma5_lag1,-0.0009744947949327351,-0.007335717800849091,0.48743500866551126,0.5735586481113321,0.00996318561788888,low
full,ind_return_std_std20,-0.000978752338743282,-0.007267792167226952,0.49583101723179546,0.4470675944333996,0.0001972158638074424,low
full,momentum_5d_std20_lag10,-0.0009876114245747781,-0.006614429523018143,0.49553092599213444,0.695079522862823,0.0036462330730697963,low
full,has_gap_bonus_rmb,-0.0009880362154956514,-0.00809209333447912,0.4979174555092768,0.6563121272365805,0.0004182080178065593,low
full,has_gap_transfer_ratio,-0.0009880362154956514,-0.00809209333447912,0.4979174555092768,0.6563121272365805,0.0004182080178065593,low
full,has_gap_bonus_ratio,-0.0009880362154956514,-0.00809209333447912,0.4979174555092768,0.6563121272365805,0.0004182080178065593,low
full,idx_change_30d_ma20,-0.0009977882909655072,-0.006329126937821545,0.48886059834500317,0.3904075546719682,0.00910293423683958,low
full,ann_sentiment_mean_accel,-0.0010022465955449164,-0.008701947539855101,0.5039145907473309,0.69831013916501,-0.0007458599780056294,low
full,consecutive_inflow_20d_accel,-0.0010026003022561773,-0.006976869059032415,0.4937744574884383,0.6985586481113321,0.005355991599306299,low
full,momentum_60d_z20_lag1,-0.0010320175265611062,-0.006444656376469536,0.5014306151645207,0.694831013916501,-0.001240965771393714,low
full,momentum_252d_accel_lag5,-0.0010368308421414597,-0.006661362805086766,0.48760932944606417,0.6819085487077535,-0.0005686382747325228,low
full,fx_gbp_cny,-0.0010459262105521787,-0.006190274166017885,0.504424778761062,0.05616302186878728,-0.007877650501945454,low
full,guba_sent_x_macd_lag2,-0.0010519488081127616,-0.008928662335189547,0.4967287367891293,0.4937872763419483,-0.0019652657526639055,low
full,north_net_buy_lag20,-0.0010532898960025838,-0.007736319319982583,0.49684089603676046,0.4326540755467197,0.004323221610887842,low
full,shibor_3M_accel,-0.001053349386194081,-0.007734286210038624,0.4937545922116091,0.33822067594433397,0.008872717247768284,low
full,menv_regime_z_z20_lag1,-0.0010550570815867845,-0.008321318913149764,0.4926866820631255,0.6456262425447317,-0.0030185081220658154,low
full,ann_sentiment_std_ma5,-0.0010574547425792604,-0.008785708457035676,0.5045965270684372,0.4865805168986084,0.0019951753971661416,low
full,menv_fx_usd_cny_z_ma5_lag3,-0.0010765642295511558,-0.008379822056408253,0.494234592445328,0.625,0.0003007725965280514,low
full,sent_agree_neg_std20,-0.001083290494518183,-0.008114223053192843,0.48770929818311365,0.6975646123260437,-0.009477558529928173,low
full,sector_rrg_x_lag10,-0.0010879419773253628,-0.00713336001299188,0.4946866984243313,0.6781809145129225,-0.00016204642884645474,low
full,has_gap_dividend_yield_ma20,-0.0010930775225330245,-0.008701315793687802,0.4984984984984985,0.7447813121272365,0.0042750681874035995,low
full,news_sent_skew_lag5,-0.0010951341826189163,-0.008871243489022516,0.5026881720430108,0.1848906560636183,-0.003962666884641893,low
full,menv_fx_usd_cny_z_ma20,-0.0011040286104324693,-0.008490825268383021,0.4880401234567901,0.6441351888667992,-0.0016952990213401394,low
full,net_margin_lag10,-0.0011068223039360071,-0.007307236735641008,0.5,0.2738568588469185,0.006876483958330952,low
full,sector_rrg_y_z20_lag20,-0.0011159146435336584,-0.007329856989199421,0.4957860021986075,0.6781809145129225,0.0008824656449940749,low
full,ind_return_skew_accel,-0.0011374023623022984,-0.008278560705833316,0.4855555555555556,0.44731610337972166,-0.007281423060926594,low
full,sector_rrg_x_ma10_lag5,-0.0011491771931844532,-0.007459659459879494,0.4952450621799561,0.6794234592445328,-0.0008345728509214741,low
full,menv_shibor_1m_z_accel_lag2,-0.001151420156036229,-0.008725467989112876,0.49571952710966166,0.6095924453280318,0.007753413152259958,low
full,news_sent_skew_lag3,-0.001151436458302344,-0.009380567119844627,0.4932975871313673,0.18538767395626243,-0.00419986022607725,low
full,ind_matched_return_ma10,-0.001170316224481473,-0.004331196988888674,0.4983420180009474,0.5246023856858847,-0.006383709368432974,low
full,menv_fx_usd_cny_z_accel,-0.0011754052221903907,-0.009172065569767372,0.4988425925925926,0.6441351888667992,0.002989040837811358,low
full,ann_positive_ratio_lag3,-0.0011790227067525073,-0.010189602469762714,0.49183895538628947,0.2283797216699801,-0.0023804717130307324,low
full,news_sent_momentum_5d_lag10,-0.0011803654956760597,-0.009934403821649734,0.48739495798319327,0.11829025844930417,-0.004624755928129594,low
full,total_amount_accel,-0.0011841839041561767,-0.009573861456891179,0.5052198671306548,0.7855367793240556,0.0004203500314578711,low
full,is_vc_backed,-0.0011909893132451292,-0.011825595602561564,0.45323741007194246,0.03454274353876739,-0.0013111210287836596,low
full,revenue_trend_4q_lag10,-0.0011981648436761058,-0.009329124689905363,0.49398907103825135,0.6821570576540755,0.007533335369340191,low
full,premium_pct_mean,-0.001200734490780017,-0.009538511012613137,0.4904613250086715,0.7164512922465208,-0.002032637452559579,low
full,premium_pct_wavg,-0.001200734490780017,-0.009538511012613137,0.4904613250086715,0.7164512922465208,-0.002032583907940188,low
full,cb_0_accel_lag1,-0.001215646016429502,-0.006523236866852958,0.5555555555555556,0.0022365805168986083,-0.002701939964028418,low
full,ann_sent_x_roc20_ma20,-0.0012170342240692526,-0.01078229364927098,0.4918149466192171,0.69831013916501,0.0014232943325884775,low
full,sent_agree_neg,-0.0012213190300314478,-0.009742319065671141,0.5013489208633094,0.5526838966202783,-0.001250153527028274,low
full,sector_breadth_z_z20,-0.0012255142828781233,-0.007726435955555392,0.4928825622775801,0.69831013916501,0.0032320440265692645,low
full,sent_agree_neg_ma20,-0.001237569762561059,-0.009220080997166253,0.4912718204488778,0.6975646123260437,-0.009378931227888037,low
full,ann_negative_ratio_lag5,-0.0012387176660031672,-0.01012837059924541,0.47364400305576776,0.32529821073558646,0.0022022957187544747,low
full,momentum_5d_std20_lag3,-0.0012430589354625464,-0.008244111672214633,0.4896576319543509,0.6968190854870775,0.008566575684505643,low
full,ann_positive_ratio_std20,-0.0012464573941146956,-0.010458795796255494,0.5049614112458655,0.6761928429423459,-0.0031044156796833566,low
full,pledge_count_20d_std20,-0.0012581083960143454,-0.008759698468045396,0.4927946474523932,0.9657057654075547,-0.0015320378073013245,low
full,ann_positive_ratio_ma20,-0.0012651697086436076,-0.010614975036143578,0.5053289231900037,0.6761928429423459,-0.0031252384205877376,low
full,leader_change_ma5,-0.0012775615765342483,-0.007946149004256024,0.5012451085023123,0.6985586481113321,-0.005543649956296925,low
full,pledge_count_20d_lag5,-0.0012801632700967125,-0.008977165939521995,0.48639551192145863,0.885934393638171,-0.0020223492633338856,low
full,sector_rrg_y_accel_lag3,-0.0012818897337090805,-0.008226200248577436,0.4945375091041515,0.6824055666003976,-0.0015708822766361832,low
full,menv_fx_usd_cny_z_accel_lag1,-0.0012833292904452054,-0.010051076675453465,0.4953810623556582,0.6456262425447317,0.005659766429046245,low
full,menv_fx_usd_cny_z_ma5,-0.0013051681623723317,-0.01003367132122705,0.4913758523866827,0.6195328031809145,0.0006560738874191773,low
full,sector_rrg_quadrant_accel_lag5,-0.001312238129381932,-0.008783082035660106,0.48870262390670555,0.6819085487077535,-0.004612788920482909,low
full,menv_bond_10y2y_spread_ma20_lag10,-0.0013354608772465292,-0.009996358062506362,0.4924089068825911,0.49105367793240556,-0.009977800016105891,low
full,ind_return_std_ma10,-0.0013378162438870962,-0.009506482284639763,0.47954545454545455,0.32803180914512925,-0.0016796837635516143,low
full,sf_total_ma5,-0.0013404034749092595,-0.008806324909812329,0.5045045045045045,0.110337972166998,-0.007577946529123728,low
full,menv_shibor_1m_z_lag5,-0.0013451617461172174,-0.010111904242824312,0.4889274858879722,0.5723161033797217,0.009581780026792658,low
full,guba_sent_volume_lag10,-0.0013568568341404818,-0.011269166293787337,0.48787878787878786,0.49204771371769385,-0.003943165028977283,low
full,momentum_5d_std20_lag2,-0.001363857420980162,-0.008968184682666462,0.49376114081996436,0.6970675944333996,0.00953126198698186,low
full,PCRC_std20,-0.0013702551154744192,-0.01070085032198582,0.49792843691148775,0.6597912524850894,-0.006946418778746268,low
full,ann_negative_ratio_lag1,-0.0013722752854948578,-0.011018871474466315,0.5022865853658537,0.3260437375745527,-0.0002443849791093092,low
full,menv_bond_10y2y_spread_ma20_lag1,-0.0013828979124953665,-0.009997725096822509,0.49829931972789115,0.4383697813121272,-0.006986676956369078,low
full,menv_shibor_1m_z_accel_lag3,-0.0013972721590464422,-0.010699157172934418,0.4926829268292683,0.6113320079522863,0.009427265075267578,low
full,news_sent_skew_lag2,-0.0014029980296150911,-0.011395404786654878,0.48460508701472554,0.1856361829025845,-0.0037393707100082186,low
full,has_gap_dividend_yield,-0.0014043892707056205,-0.011470773357832368,0.4967815221507005,0.6563121272365805,0.00012940308680165966,low
full,has_gap_transfer_ratio_ma10,-0.001404627565566196,-0.01137080689779288,0.4998225062122826,0.7000497017892644,0.0027233535444662013,low
full,has_gap_bonus_ratio_ma10,-0.001404627565566196,-0.01137080689779288,0.4998225062122826,0.7000497017892644,0.0027233535444662013,low
full,has_gap_bonus_rmb_ma10,-0.001404627565566196,-0.01137080689779288,0.4998225062122826,0.7000497017892644,0.0027233535444662013,low
full,sector_rrg_x_accel,-0.001418601515337862,-0.009248298077855186,0.49981745162468055,0.6806660039761432,-0.003398377019985794,low
full,momentum_252d_z20,-0.0014200789941114463,-0.00897754442625989,0.49199417758369723,0.6829025844930418,0.00549748830641482,low
full,ann_sent_bear_vol_accel,-0.0014223652710365863,-0.012299338646824068,0.4971469329529244,0.6968190854870775,0.001730124261022507,low
full,menv_us_cn_10y_spread_z20_lag10,-0.001426329620713238,-0.01075011868181499,0.5032878098128477,0.4913021868787276,-0.00399095874163396,low
full,momentum_60d_std20_lag10,-0.0014289632312955904,-0.00984139059755534,0.5023322569070685,0.6925944333996024,0.0050345831301330905,low
full,ann_sent_bull_vol_ma20,-0.0014323449329983742,-0.012012754779410639,0.4998162440279309,0.6761928429423459,-0.0029470880760809164,low
full,guba_sentiment_std_lag20,-0.0014535726028254547,-0.011060811392740299,0.4843592330978809,0.49254473161033796,-0.009605552875093338,low
full,sector_rrg_x_z20_lag20,-0.0014639723875195757,-0.009522062817190431,0.4939315924972416,0.6756958250497018,-0.0005216028244067484,low
full,guba_sentiment_mean_lag20,-0.0014663243075293294,-0.012225708583601313,0.4954314720812183,0.48956262425447317,-0.005275928314830206,low
full,sector_rrg_quadrant_accel_lag1,-0.0014783789054514807,-0.009925004476300715,0.5014556040756915,0.6829025844930418,-0.004128206870677462,low
full,gross_margin_lag5,-0.0014859659488576414,-0.010987454655279163,0.5049115913555993,0.2529821073558648,0.0001853891020282203,low
full,sector_rrg_x_accel_lag2,-0.0014871619058136147,-0.009645702528486374,0.4925100474972598,0.680168986083499,-0.0021695585586786774,low
full,change_num_std20,-0.0014911324535991477,-0.010752623209188324,0.492798353909465,0.4831013916500994,-0.006846450502293066,low
full,menv_fx_usd_cny_z_lag3,-0.0014943252754332623,-0.011518317913188372,0.4881192106322996,0.6170477137176938,0.0024295534026552885,low
full,news_guba_divergence_lag5,-0.0015012005877349218,-0.012320306501634742,0.4906801007556675,0.4932902584493042,0.004238074227580375,low
full,fx_gbp_cny_ma10,-0.0015051248169386411,-0.010716271494778312,0.4833860759493671,0.31411530815109345,-0.009578223001759718,low
full,revenue_trend_4q_lag20,-0.0015086468633503964,-0.011774045633529085,0.49652650822669103,0.6796719681908548,0.0009056422728662965,low
full,ann_sent_bull_vol_std20,-0.0015184445603879837,-0.012731654783251594,0.5009187798603455,0.6761928429423459,-0.002968835686979154,low
full,sector_rrg_x_z20_lag2,-0.001522656134634199,-0.010056495667452387,0.49872122762148335,0.680168986083499,-0.002076145949660223,low
full,menv_bond_10y2y_spread_accel_lag20,-0.0015242659267074392,-0.011786467853423422,0.48949089210649227,0.5320576540755467,0.0007877478525095645,low
full,news_neg_momentum_lag1,-0.0015261733891789764,-0.012615045074190052,0.5102459016393442,0.12127236580516898,0.0008616376049380473,low
full,ind_return_max_lag20,-0.0015351210127355316,-0.011516890491906606,0.49178532311062434,0.4537773359840954,-0.009687605827868252,low
full,amount_vol_6d,-0.0015403977331207312,-0.01193980856279054,0.4947916666666667,0.6202783300198808,-0.002066459883746099,low
full,guba_positive_ratio_lag20,-0.0015405861597892795,-0.011998906437661726,0.4948717948717949,0.4845924453280318,-0.009669560140646702,low
full,guba_net_bullish_lag20,-0.0015632850925344723,-0.013051797291292489,0.4964467005076142,0.48956262425447317,-0.005411217246978973,low
full,menv_shibor_1m_z_accel_lag1,-0.001572200845930772,-0.011941935493874447,0.5014314928425357,0.6076043737574552,0.0046157550902254495,low
full,menv_fx_usd_cny_z_lag1,-0.001580235384765747,-0.012038827411973875,0.4977669508729192,0.6120775347912525,0.0023899044515734063,low
full,news_count_momentum_lag20,-0.0015860159203139965,-0.013797854147995645,0.49269311064718163,0.11903578528827037,0.001299991559603774,low
full,volume_ratio_lag2,-0.0015900597330957042,-0.01128457456868369,0.4922962226640159,1.0,-0.003901134052974007,low
full,sector_rrg_x_ma20_lag2,-0.0015924343788175687,-0.01015353887925938,0.48008768724881257,0.680168986083499,-0.001154947540326886,low
full,menv_fx_usd_cny_z_std20_lag1,-0.00159898296935356,-0.012639426352587649,0.49884526558891457,0.6456262425447317,0.0015904449113725723,low
full,news_attention_z_lag1,-0.0016275097274522999,-0.012632568978028495,0.5,0.1933399602385686,0.004830639111432673,low
full,sector_rrg_x_lag5,-0.0016410454491653991,-0.010602127844581859,0.49378200438917336,0.6794234592445328,-0.003947185286749685,low
full,negative_ratio_lag10,-0.001650811457755284,-0.014496560216242007,0.49159663865546216,0.059145129224652086,-0.0015101180844017872,low
full,up_count_z20,-0.0016555558327513286,-0.010389331249715429,0.496797153024911,0.69831013916501,0.0017519235228232607,low
full,market_adv_ratio_lag1,-0.0016631250610630326,-0.010198692323588415,0.4930232558139535,0.10685884691848907,-6.717822677132072e-05,low
full,guba_pos_momentum_lag5,-0.0016695628657691023,-0.014552614067776323,0.499754058042302,0.5052186878727635,-0.0020903251819564183,low
full,leader_change_accel,-0.0016739225702762375,-0.01133922117132201,0.4973319103521878,0.6985586481113321,-0.001839662450211998,low
full,consecutive_inflow_5d_accel,-0.0016936120659686268,-0.012143391915204515,0.48772678762006405,0.6985586481113321,-0.0029338433163048068,low
full,ind_matched_return_ma20,-0.001712608803310988,-0.006269014293278393,0.4954997631454287,0.5246023856858847,-0.002215839779667121,low
full,has_gap_dividend_yield_ma10,-0.0017502171180392798,-0.014129871458113154,0.5015974440894568,0.7000497017892644,0.002494245079292931,low
full,menv_fx_usd_cny_z_std20_lag5,-0.0017572259243063453,-0.013969986850040379,0.5021000381825124,0.650844930417495,-0.0010578034816013896,low
full,flow_intensity_lag5,-0.0017647086318763727,-0.014175085140824528,0.4996426018584703,0.6953280318091452,-0.008305304684742753,low
full,ind_return_skew_lag20,-0.0017696276427503204,-0.01320122180534411,0.4879518072289157,0.4537773359840954,-0.0056781056232344095,low
full,idx_change_30d_ma5,-0.0017937010062699023,-0.011200603967814247,0.48986486486486486,0.294234592445328,0.005918535618261032,low
full,ann_sentiment_std_lag10,-0.0017995378866685566,-0.014952099839339905,0.4986072423398329,0.17842942345924453,-0.0011782188903522075,low
full,shibor_9M_accel,-0.0018017321012297042,-0.013098325657419564,0.49015317286652077,0.34070576540755465,0.001871466783874781,low
full,momentum_5d_ma5_lag10,-0.001808590850769976,-0.011369601991133274,0.49016803718269575,0.695079522862823,0.0034635732549966,low
full,menv_fx_usd_cny_z_std20_lag3,-0.0018204036061675235,-0.014487174246988392,0.5007662835249043,0.6486083499005965,-0.0002693792546046887,low
full,sector_rrg_quadrant_z20_lag20,-0.0018247826193024098,-0.012143308418605099,0.4928545254672041,0.6781809145129225,0.0011629356060180104,low
full,lhb_net_amount_lag5,-0.0018298990038312175,-0.01258939578191527,0.4961921499707089,0.4242047713717694,0.000796938161747351,low
full,change_pct_z20,-0.0018386605624363752,-0.011468400573214722,0.49982212735681253,0.6985586481113321,0.0005889698572653402,low
full,news_sent_extreme_lag10,-0.0018393519091937775,-0.015775735264641755,0.49264705882352944,0.06759443339960239,-0.004312280763582373,low
full,menv_shibor_1m_z_ma5_lag2,-0.0018424945525534453,-0.013866664467718379,0.49374730487279,0.5762922465208747,0.009512798864754484,low
full,sector_rrg_y_accel_lag1,-0.0018725302182448654,-0.011871306280079413,0.49890829694323147,0.6829025844930418,-0.003026544452990331,low
full,menv_regime_z_lag20,-0.0018879691790413848,-0.014515702032129499,0.48489542989930284,0.6416500994035785,-0.0003682714304807588,low
full,sector_rrg_y_accel_lag2,-0.0018904900986826563,-0.011988827629115835,0.4903531124863487,0.6826540755467196,-0.001738242322615853,low
full,sf_total_ma10,-0.0018931461972651626,-0.013099185978290765,0.48518518518518516,0.20129224652087474,-0.007791591745611612,low
full,guba_count_momentum_lag10,-0.0019042847626801,-0.016309409519769086,0.5009718172983479,0.5114314115308151,-0.0016688978837090126,low
full,momentum_252d_std20_lag1,-0.0019077898025973681,-0.012619260781633609,0.4945414847161572,0.6829025844930418,0.0002709596970058912,low
full,news_sent_volume_lag20,-0.0019162516032518585,-0.016847694217775475,0.4696969696969697,0.06560636182902585,-0.0025629246336354348,low
full,guba_sent_reversal_5d,-0.001931375859978078,-0.014957975306525928,0.4834503510531595,0.4955268389662028,-0.009025350726893576,low
full,momentum_60d_z20_lag20,-0.0019332348061786707,-0.012190103118387391,0.49441843716240547,0.6901093439363817,-0.009135674555597072,low
full,idx_change_30d_lag2,-0.001950493866500889,-0.012249680987371,0.48324022346368717,0.2668986083499006,0.00492706780083498,low
full,ann_sentiment_mean_lag20,-0.0019553954663258837,-0.016345394512269826,0.49316696375519903,0.4182405566600398,-0.0020792862377969398,low
full,menv_shibor_1m_z_accel_lag10,-0.001971105973391023,-0.015301480936463633,0.483741469289442,0.6190357852882704,-0.0013805312983803688,low
full,news_sent_vol_ratio_lag2,-0.0019816024017076644,-0.01602895245096425,0.499330655957162,0.1856361829025845,0.002868793130884477,low
full,free_shares_accel,-0.00198207576697316,-0.016061489922554323,0.49570993634099086,0.8978628230616302,-0.0020604291331653337,low
full,leader_change_z20,-0.0019836927742681513,-0.013603861689217803,0.504270462633452,0.69831013916501,-0.0004901989390047766,low
full,momentum_60d_accel,-0.001986472296647651,-0.012311005751601638,0.48838040757954954,0.695079522862823,0.0022742371526809635,low
full,menv_fx_usd_cny_z_ma10_lag20,-0.001997096166152265,-0.01520946629367279,0.4996189024390244,0.6520874751491054,0.00656305543403857,low
full,menv_shibor_1m_z,-0.002016336229828762,-0.015093948919451818,0.48775055679287305,0.5579025844930418,0.0023556789710344485,low
full,menv_fx_usd_cny_z_ma10_lag10,-0.002018994978366425,-0.01563567850638431,0.4891724671307038,0.6426441351888668,-0.004156599657707676,low
full,menv_us_cn_10y_spread_z20,-0.0020279979614194472,-0.015255102500581291,0.49221004039238314,0.43066600397614313,-0.0091516959300699,low
full,ann_positive_ratio_accel,-0.002038195342694431,-0.017263836439237318,0.4932010290334436,0.6761928429423459,0.0015120988877542025,low
full,sector_rrg_x_accel_lag5,-0.0020423315079696543,-0.013305444607043049,0.4857351865398683,0.6794234592445328,-0.0028124484797542237,low
full,bond_us_10y2y_spread_ma10,-0.0020455570223656583,-0.014694805502472751,0.4959546925566343,0.3071570576540755,-0.00033966548419257965,low
full,investor_new_z_accel,-0.002050563092087786,-0.015517538970794059,0.49562363238512036,0.2271371769383698,-0.008033314845842809,low
full,sentiment_mean_lag20,-0.0020521826092341723,-0.018085247022532783,0.4696969696969697,0.06560636182902585,-0.002566445078693074,low
full,momentum_5d_ma5_lag2,-0.002061470144026357,-0.012861245951701345,0.4987522281639929,0.6970675944333996,-0.0016529959441533304,low
full,momentum_252d_accel,-0.002071965259677549,-0.012918826051475738,0.48563113859585305,0.6831510934393639,0.00012347225024389943,low
full,menv_fx_usd_cny_z,-0.002078104985610046,-0.015943055599048284,0.49225122349102773,0.6093439363817097,-0.0005052735055680262,low
full,total_volume_accel,-0.0020840646825866687,-0.016893388157470567,0.5042708003796267,0.7855367793240556,-0.0005183383190543663,low
full,guba_sent_bear_vol_lag5,-0.0021197203347299324,-0.01776027769230282,0.4847972972972973,0.441351888667992,-0.004010309326740973,low
full,momentum_60d_z20_lag2,-0.0021321679091969134,-0.01335350335174925,0.49946332737030413,0.6945825049701789,-0.0005033643214045672,low
full,menv_shibor_1m_z_ma20_lag20,-0.0021482597418356056,-0.016723523474747093,0.5051546391752577,0.6267395626242545,0.0010135669310063513,low
full,consecutive_inflow_20d_z20,-0.002151691362245134,-0.015016398883367097,0.4895055140519388,0.6985586481113321,0.0044045396112950275,low
full,menv_bond_10y2y_spread_accel_lag10,-0.0021543354241257895,-0.016362776608125497,0.49544534412955465,0.49105367793240556,-0.009478886892655723,low
full,is_deep_discount_ma5,-0.002156109063602838,-0.017417695533740944,0.49229979466119095,0.4840954274353877,-0.0008718827573665798,low
full,positive_ratio_lag5,-0.0021599577214400163,-0.017674662372647306,0.4575645756457565,0.06734592445328032,-0.0031932919138397903,low
full,guba_sent_accel_lag3,-0.0021628090692978295,-0.01826514681039067,0.49416342412451364,0.510934393638171,-0.004510977007914996,low
full,earnings_surprise_lag3,-0.002163405417628404,-0.013018649101791827,0.49055232558139533,0.68389662027833,-0.0034559535556503646,low
full,rsqr_30d,-0.0021643167937106704,-0.014156375812219915,0.48881709741550694,1.0,0.003049035318082196,low
full,menv_regime_z_accel_lag20,-0.0021655113828718936,-0.016449021231289444,0.49453860640301317,0.6597912524850894,-0.0013604324444244195,low
full,menv_bond_10y2y_spread_std20_lag5,-0.0021713088341286735,-0.01620410061216279,0.5058886509635975,0.46421471172962225,-0.006185574659316069,low
full,sector_breadth_z_ma10,-0.0021839126558411566,-0.013677961276150974,0.4896797153024911,0.69831013916501,-0.003855249768319411,low
full,lhb_is_drop_lag3,-0.0021854624784773025,-0.015415645174376364,0.48722316865417375,0.14587475149105367,0.0023054096148530856,low
full,momentum_252d_z20_lag3,-0.002199056829730636,-0.013781713425191838,0.4956300072833212,0.6824055666003976,-0.004167754577789139,low
full,vstd_5d,-0.0022048167358835595,-0.015501301142924688,0.49502982107355864,1.0,-0.00406203911703445,low
full,menv_us_cn_10y_spread_ma5_lag20,-0.0022110759096229922,-0.016255053545921178,0.48705501618122976,0.46073558648111335,0.004163484297552437,low
full,guba_sent_bull_vol_lag20,-0.0022196518126214333,-0.017820613307271208,0.4954374664519592,0.4629721669980119,-0.008619038099070145,low
full,fx_gbp_cny_lag1,-0.0022285732235092924,-0.013828583487507144,0.4806763285024155,0.10288270377733598,-0.008072954222565654,low
full,earnings_surprise_lag2,-0.002233348544814102,-0.013428574815556255,0.4947330185252452,0.6841451292246521,-0.0049290527598947545,low
full,lhb_buy_ratio_accel,-0.0022498347597633933,-0.015557962214703906,0.4886120996441281,0.69831013916501,-0.004723582944429097,low
full,menv_bond_10y2y_spread_z20_lag20,-0.0022562351455132387,-0.017228398901504655,0.48599439775910364,0.5323061630218688,0.0007108302749409938,low
full,menv_shibor_1m_z_ma5,-0.0022875431983675914,-0.017243070501561247,0.48541575968654765,0.5708250497017893,0.006755762663096554,low
full,ann_positive_ratio_lag5,-0.0023068175983798215,-0.019674363061847392,0.49344978165938863,0.2276341948310139,-4.325332806233738e-05,low
full,temporary_impact,-0.002313241420425154,-0.018238806173352908,0.49765886287625416,0.7430417495029821,-0.004132398441306312,low
full,ann_sent_bull_vol_accel,-0.002323623210683952,-0.0195948099383976,0.4924660051451672,0.6761928429423459,0.0007896669604821741,low
full,guba_sent_x_macd_lag10,-0.002339537663126658,-0.019845360937212793,0.49595959595959593,0.49204771371769385,-0.004873823026036335,low
full,guba_sent_accel_lag5,-0.002344464148556856,-0.01997036609432611,0.49415774099318405,0.5104373757455268,-1.175782932531233e-05,low
full,is_deep_discount_ma20,-0.0023508475840148106,-0.019116209516161706,0.4861940298507463,0.6660039761431411,-0.00045821227411181576,low
full,momentum_252d_std20_lag2,-0.0023554767589101583,-0.01563292326091306,0.4947215143793229,0.6826540755467196,-0.00012225406892604583,low
full,fx_gbp_cny_lag10,-0.002357286564109052,-0.016445908030982007,0.489780469341408,0.3282803180914513,-0.009782807569297504,low
full,menv_m1_m2_spread_std20_lag5,-0.002373452068876307,-0.0176354783602288,0.4927536231884058,0.39438369781312127,-0.0024934523944238006,low
full,ann_positive_ratio_lag1,-0.0023751058116006684,-0.02058843483439963,0.4776931447225245,0.2283797216699801,0.0022548329870440966,low
full,menv_bond_10y2y_spread_ma20_lag2,-0.0023801466514465222,-0.01718725357850377,0.4916294642857143,0.44532803180914515,-0.0072511045711999384,low
full,sector_rrg_x_ma5_lag2,-0.0023973562242499314,-0.015331445746688972,0.4917793204238217,0.680168986083499,-0.004773005906563475,low
full,idx_change_30d_ma10,-0.0023986948438571116,-0.015104956386781603,0.48343373493975905,0.33001988071570576,0.007596934021980667,low
full,guba_sent_accel_lag10,-0.002416960759477783,-0.02064524781600752,0.4914592484138604,0.5091948310139165,-0.0019865423430037426,low
full,menv_bond_10y2y_spread_accel,-0.00245120496073161,-0.01779948032234791,0.49047893825735717,0.43066600397614313,-0.006022971455430452,low
full,bond_cn_10y2y_spread_accel,-0.00245120496073161,-0.01779948032234791,0.49047893825735717,0.43066600397614313,-0.006022971455430452,low
full,sector_rrg_y_lag1,-0.0024540648063091455,-0.015214530116969306,0.4972677595628415,0.6821570576540755,-0.0025550513767129373,low
full,sent_agree_neg_ma5,-0.002468309327772067,-0.018831028878473436,0.4809274495138369,0.6645129224652088,-0.0052585801934220845,low
full,sector_rrg_y_lag5,-0.0024721584688590283,-0.01522855614253421,0.489067055393586,0.6819085487077535,-0.0010578012313293317,low
full,ann_negative_ratio_ma5,-0.0024723836381932854,-0.019891614885735345,0.4841075794621027,0.6098409542743539,-0.0018683981229433812,low
full,guba_sent_volume_lag20,-0.00248019890845345,-0.020691813172316196,0.4903553299492386,0.48956262425447317,-0.005460082383074999,low
full,ind_dispersion_20d_ma5,-0.0024818958474653817,-0.016657664157156433,0.48212226066897346,0.2154572564612326,-0.0027463324006326145,low
full,pledge_risk_ma5,-0.00248406295206208,-0.01929433941678226,0.4863782051282051,0.3101391650099404,0.005215637631301003,low
full,pledge_risk,-0.0024870190155839977,-0.01931287982495176,0.4847457627118644,0.2932405566600398,0.008165463704898951,low
full,sent_consensus_ma20,-0.002491120890753357,-0.019087627580599172,0.48540925266903917,0.69831013916501,-0.006558197450051742,low
full,sf_total_lag2,-0.002493506283213982,-0.015757872911950705,0.4959349593495935,0.06113320079522863,-0.007562240568372898,low
full,ann_sent_x_macd_ma20,-0.002497779995412836,-0.02133630629185193,0.49501779359430603,0.69831013916501,-0.0023055114589063154,low
full,sector_rrg_x_ma20_lag1,-0.0024993898716588274,-0.015922501098796938,0.48904309715120525,0.6804174950298211,-0.0013411957564957154,low
full,momentum_252d_std20_lag3,-0.002518150805551422,-0.016768759479613333,0.4919883466860889,0.6824055666003976,0.0002891100133461852,low
full,momentum_20d_accel_lag10,-0.002525806858143199,-0.016427505121769104,0.487665355738291,0.695079522862823,-0.0013673260250787558,low
full,pledge_risk_lag1,-0.0025365548506888057,-0.019675237506922842,0.4851569126378287,0.2929920477137177,0.005704969112252092,low
full,pledge_risk_ma10,-0.00254792006422176,-0.019732366801726207,0.48847926267281105,0.323558648111332,0.0050946708460842625,low
full,sector_rrg_y_ma10_lag5,-0.0025601320305858734,-0.01573441105210026,0.4938046647230321,0.6819085487077535,0.0007199955191955732,low
full,guba_count_momentum_lag3,-0.002578533576592417,-0.021443696521546134,0.49249394673123487,0.5131709741550696,-0.0010931894404133257,low
full,lhb_present_accel,-0.0025792548562189625,-0.017851463568964873,0.48718861209964415,0.69831013916501,-0.005004416206880696,low
full,menv_m1_m2_spread_lag3,-0.002588616637265407,-0.016614222112769753,0.4952076677316294,0.07778330019880715,0.008577447336289307,low
full,momentum_5d_ma5_lag1,-0.0025914851558641603,-0.01592506282095386,0.5021382751247327,0.6973161033797217,-0.005651128419274792,low
full,guba_sent_x_macd_lag5,-0.0026577170327032633,-0.022089310744901024,0.4826196473551637,0.4932902584493042,-0.003273028002900485,low
full,momentum_5d_lag3,-0.002660411536318697,-0.016421606579701348,0.49839457723867286,0.6965705765407555,-0.0050529338329104575,low
full,guba_sent_bull_vol_lag5,-0.0026803710863626696,-0.021223111982650828,0.4946751863684771,0.46669980119284293,-0.008078021119602317,low
full,sector_rrg_y_ma20_lag20,-0.0026880220749365045,-0.016478068806075583,0.4880908757786735,0.6781809145129225,0.0002245542844398446,low
full,stock_vs_industry_accel,-0.0026940325154877777,-0.010744809114216306,0.497868308858361,0.5246023856858847,-0.003318411127929672,low
full,sector_rrg_x_ma10_lag3,-0.0027007074825734006,-0.017426383973622513,0.4868421052631579,0.679920477137177,-0.002023879233929328,low
full,sector_rrg_x_z20,-0.0027043454280449484,-0.01806393850734497,0.49434100036509676,0.6806660039761432,-0.004324526235476721,low
full,ind_pct_up_lag1,-0.002711314401205664,-0.016647335861212635,0.48951048951048953,0.106610337972167,-0.003728461612842476,low
full,sector_breadth_z_lag20,-0.002721960846160375,-0.017351969383883024,0.49498207885304657,0.6933399602385686,0.004229167317661179,low
full,market_adv_ratio,-0.002749213544005801,-0.01641666739481068,0.5084745762711864,0.05864811133200795,-0.009140687069462628,low
full,sector_rrg_y_ma5_lag3,-0.002749335911669254,-0.01696642193565089,0.49162418062636565,0.6824055666003976,-0.0006056017202108735,low
full,menv_regime_z_z20_lag2,-0.002755000017233116,-0.021424970346226306,0.4930875576036866,0.647117296222664,-0.0007540106829122883,low
full,lhb_net_amount_ma5,-0.0027589665869729705,-0.018463176899298918,0.48299319727891155,0.6575546719681908,-0.0021268117251240512,low
full,sector_rrg_y_ma20_lag3,-0.0027605127408702724,-0.01693845640118,0.4945375091041515,0.6824055666003976,8.412181432573995e-05,low
full,ann_sent_x_macd,-0.002774263613771703,-0.023051743318021328,0.4860864416814683,0.4197316103379722,-0.002523284800196299,low
full,ann_sentiment_mean_std20,-0.00277766505255329,-0.02276819677606795,0.48362989323843414,0.69831013916501,-0.00602769775653191,low
full,pledge_risk_ma20,-0.002780168075180949,-0.021472923572634833,0.4895758447160316,0.345675944333996,0.001273991551000111,low
full,menv_regime_z_accel,-0.0027827093198246437,-0.021622428238411602,0.49151234567901236,0.6441351888667992,0.0010373348149189904,low
full,sector_breadth_raw_ma10,-0.0027834587049730885,-0.01728880124317839,0.48843827819281393,0.6985586481113321,0.00019078960767456948,low
full,sector_rrg_y_ma20,-0.002785428011170699,-0.017110263245742316,0.4929065114587123,0.6831510934393639,-5.473381172824793e-05,low
full,ann_sent_x_macd_std20,-0.0027866412554842174,-0.022851215729212938,0.4825622775800712,0.69831013916501,-0.0060490406690076794,low
full,menv_fx_usd_cny_z_ma20_lag20,-0.0027910763605048876,-0.021647118751478636,0.4986817325800377,0.6597912524850894,0.008022468789048437,low
full,menv_us_cn_10y_spread_z20_lag2,-0.002802763502840519,-0.021225771872682497,0.4841048522030117,0.4455765407554672,-0.007238185737405629,low
full,menv_regime_z_ma5_lag20,-0.0028050849392529755,-0.02165261640409147,0.4804147465437788,0.647117296222664,0.0005351642417197319,low
full,fx_usd_cny_z20,-0.0028055720967615824,-0.02105381839075742,0.49891891891891893,0.45974155069582506,-0.0014954097058889535,low
full,sector_rrg_y_ma20_lag1,-0.00280914449446221,-0.01725082865116661,0.4909024745269287,0.6829025844930418,9.63163863404348e-05,low
full,news_net_bullish_lag2,-0.002812196539973003,-0.02371210715961141,0.4729241877256318,0.06883697813121273,2.6300876077306642e-05,low
full,guba_neg_momentum_lag1,-0.0028211978920507463,-0.023155286213523932,0.5074404761904762,0.5009940357852882,-0.0005111124257305668,low
full,fx_hkd_cny_std20,-0.002827710531385822,-0.021392149675575265,0.48268279274326553,0.45203777335984097,-0.006118230833349336,low
full,lhb_net_amount_lag3,-0.0028363299521664827,-0.019277806481625446,0.48362573099415207,0.4249502982107356,-0.0032289296323848226,low
full,guba_pos_momentum,-0.0028398707017705193,-0.024359474959692536,0.48773307163886165,0.5064612326043738,0.0020078211718981714,low
full,sector_rrg_y_ma20_lag2,-0.002853092762825927,-0.017498797179847033,0.4925373134328358,0.6826540755467196,0.00022867459733724098,low
full,ann_sent_bear_vol_ma5,-0.002860066882978417,-0.02295986770756455,0.4848856209150327,0.6083499005964215,-0.0020879528114969505,low
full,sector_rrg_y_ma10_lag3,-0.0028685723484872415,-0.017710853349608927,0.49089584850691914,0.6824055666003976,-0.0005738706217450452,low
full,momentum_252d_std20_lag5,-0.002873208398251594,-0.019227614206537423,0.494533527696793,0.6819085487077535,-0.001511613879983056,low
full,ann_sent_x_roc20_std20,-0.002880527183438614,-0.023618267019436038,0.48362989323843414,0.69831013916501,-0.006103692025133919,low
full,menv_bond_10y2y_spread_std20_lag10,-0.0028826071394612756,-0.02175704751147416,0.49544534412955465,0.49105367793240556,-0.008980693190345262,low
full,momentum_60d_accel_lag1,-0.002883115961345794,-0.017803810105276718,0.4899856938483548,0.694831013916501,0.0026102799562418297,low
full,sector_rrg_x_ma20,-0.0028910852356463313,-0.018483785998228256,0.4895947426067908,0.6806660039761432,-0.0018449607288502684,low
full,pledge_risk_lag10,-0.002894061504999169,-0.022001827784568197,0.48547008547008547,0.2907554671968191,0.004012765937350281,low
full,ann_positive_ratio_lag20,-0.002925543409743091,-0.024931692549672084,0.4889867841409692,0.22564612326043737,-0.0010910682623194619,low
full,pledge_risk_lag2,-0.002953482030207598,-0.022832494715255246,0.4838709677419355,0.2927435387673956,0.005590108432803922,low
full,sector_rrg_y_ma5_lag10,-0.00295540245092767,-0.018262268662412116,0.4870390653523184,0.6806660039761432,-0.0008670554327686197,low
full,guba_count_momentum_lag2,-0.002955517703086176,-0.024333564745519544,0.49225556631171347,0.5134194831013916,-0.002290990005875998,low
full,has_gap_HN_z_ma20,-0.002958667651274378,-0.022655380029062255,0.48665223665223667,0.6888667992047713,-0.0037781038768076834,low
full,has_gap_change_ratio_ma5,-0.0029703420746686137,-0.022768658624548226,0.4867224445252819,0.6831510934393639,-0.004744054131158047,low
full,has_gap_PCRC_ma5,-0.0029703420746686137,-0.022768658624548226,0.4867224445252819,0.6831510934393639,-0.004744054131158047,low
full,has_gap_holder_num_ma5,-0.0029703420746686137,-0.022768658624548226,0.4867224445252819,0.6831510934393639,-0.004744054131158047,low
full,has_gap_consecutive_quarter_decline_ma5,-0.0029703420746686137,-0.022768658624548226,0.4867224445252819,0.6831510934393639,-0.004744054131158047,low
full,has_gap_avg_shares_ma5,-0.0029703420746686137,-0.022768658624548226,0.4867224445252819,0.6831510934393639,-0.004744054131158047,low
full,has_gap_change_num_ma5,-0.0029703420746686137,-0.022768658624548226,0.4867224445252819,0.6831510934393639,-0.004744054131158047,low
full,ann_sentiment_std_ma10,-0.0029735176064988916,-0.025040579573730348,0.4928390901432182,0.5899602385685885,-0.0008581724296023212,low
full,news_count_lag2,-0.0029819712067594797,-0.023692085038781972,0.5104166666666666,0.07157057654075547,-0.004381858142492068,low
full,ind_return_std_lag20,-0.002989289479014494,-0.022118660512447815,0.48630887185104055,0.4537773359840954,-0.005119328152668775,low
full,flow_intensity_lag20,-0.0030041578340082387,-0.02350368575758705,0.4910265613783202,0.6923459244532804,-0.008879478068126938,low
full,quality_composite,-0.003016381357886426,-0.021423759048048333,0.49147005444646097,0.6846421471172962,0.00113256135975086,low
full,sector_rrg_y_z20_lag1,-0.0030208208934396656,-0.019423137038608686,0.50764192139738,0.6829025844930418,0.00017144535293363018,low
full,momentum_5d_z20_lag10,-0.003024057347552649,-0.019434747373729012,0.4894529853414373,0.695079522862823,0.004332413423680998,low
full,sector_rrg_x_lag1,-0.0030245164554192944,-0.019433407588695342,0.4870201096892139,0.6796719681908548,-0.003186381032150975,low
full,pe_ttm_lag20,-0.0030261496069689236,-0.0218044267468893,0.49337155141526334,0.6935884691848907,-0.005448119345281137,low
full,menv_regime_z_z20,-0.0030288149816826188,-0.024122141607204453,0.49382716049382713,0.6441351888667992,-0.009392924615020382,low
full,guba_sent_momentum_5d_lag2,-0.003051552870559335,-0.02428620658018907,0.49116781157998035,0.5064612326043738,-0.008148462137605134,low
full,sentiment_mean_ma20,-0.003052013917713274,-0.024830273820018216,0.5006675567423231,0.18613320079522863,-0.006217663963266827,low
full,sector_rrg_y_ma20_lag5,-0.0030577305409147776,-0.018789782340621834,0.4930758017492711,0.6819085487077535,0.00013863318196561723,low
full,sector_rrg_y,-0.003059008262429852,-0.01898056045824313,0.49326047358834246,0.6821570576540755,-0.0029738765435092574,low
full,has_gap_holder_num_ma10,-0.0030634971552407258,-0.02348893655767002,0.48693161475116364,0.6940854870775348,-0.0047648709932413946,low
full,has_gap_consecutive_quarter_decline_ma10,-0.0030634971552407258,-0.02348893655767002,0.48693161475116364,0.6940854870775348,-0.0047648709932413946,low
full,has_gap_avg_shares_ma10,-0.0030634971552407258,-0.02348893655767002,0.48693161475116364,0.6940854870775348,-0.0047648709932413946,low
full,has_gap_change_ratio_ma10,-0.0030634971552407258,-0.02348893655767002,0.48693161475116364,0.6940854870775348,-0.0047648709932413946,low
full,has_gap_change_num_ma10,-0.0030634971552407258,-0.02348893655767002,0.48693161475116364,0.6940854870775348,-0.0047648709932413946,low
full,has_gap_PCRC_ma10,-0.0030634971552407258,-0.02348893655767002,0.48693161475116364,0.6940854870775348,-0.0047648709932413946,low
full,rank_std20,-0.003070218213397848,-0.021643130596759014,0.47954464603344005,0.6985586481113321,-0.009531196598496208,low
full,idx_change_30d_lag5,-0.003081691562127354,-0.01968056633091118,0.47597042513863214,0.26888667992047716,0.005993916863482352,low
full,menv_shibor_1m_z_lag1,-0.0030862399948645898,-0.02309940671540143,0.4856131031429836,0.5613817097415507,0.004741384908616875,low
full,has_gap_avg_shares_ma20,-0.003096957377561828,-0.023744949427703964,0.4842547235829251,0.7102385685884692,-0.004057612535484214,low
full,has_gap_change_ratio_ma20,-0.003096957377561828,-0.023744949427703964,0.4842547235829251,0.7102385685884692,-0.004057612535484214,low
full,has_gap_consecutive_quarter_decline_ma20,-0.003096957377561828,-0.023744949427703964,0.4842547235829251,0.7102385685884692,-0.004057612535484214,low
full,has_gap_PCRC_ma20,-0.003096957377561828,-0.023744949427703964,0.4842547235829251,0.7102385685884692,-0.004057612535484214,low
full,has_gap_holder_num_ma20,-0.003096957377561828,-0.023744949427703964,0.4842547235829251,0.7102385685884692,-0.004057612535484214,low
full,has_gap_change_num_ma20,-0.003096957377561828,-0.023744949427703964,0.4842547235829251,0.7102385685884692,-0.004057612535484214,low
full,trade_count_std20,-0.003097056268356354,-0.025424364818638794,0.49127428383272964,0.7547216699801192,-0.004025293697940886,low
full,sector_breadth_z,-0.0030985098168330666,-0.01971146357548106,0.4946543121881682,0.6973161033797217,0.0015321169171501577,low
full,sector_rrg_quadrant_accel,-0.0031026106318960698,-0.020772994209474944,0.4929065114587123,0.6831510934393639,-0.005564895496991794,low
full,guba_sent_bear_vol_lag2,-0.0031085352488305017,-0.025579180136644248,0.49382022471910114,0.4423459244532803,-0.0035906335798688294,low
full,flow_intensity_lag2,-0.003117501835733522,-0.02466048201329691,0.4908896034297964,0.6955765407554672,-0.007128962350285655,low
full,fx_gbp_cny_lag3,-0.0031184597276802226,-0.020186158323728293,0.4858757062146893,0.17594433399602386,-0.009616632588345417,low
full,momentum_20d_std20_lag10,-0.003125268333864884,-0.02127225294463413,0.48695030389703253,0.695079522862823,-0.0005312390538225152,low
full,ann_sent_x_roc20,-0.003127432262801594,-0.025995129726651422,0.49376114081996436,0.4182405566600398,-0.0032634034156118334,low
full,menv_fx_usd_cny_z_ma20_lag10,-0.0031285130920302453,-0.023846077710114117,0.4935459377372817,0.654572564612326,0.0016927995807635228,low
full,market_adv_ratio_ma10,-0.0031395039133158198,-0.02229454741992016,0.48773006134969327,0.3240556660039761,-0.007415478179844674,low
full,news_net_bullish_lag20,-0.00314508496535516,-0.027429628375670003,0.4732824427480916,0.06510934393638171,-0.002860675415372744,low
full,news_sent_skew_lag1,-0.0031480975631643354,-0.02548342904095359,0.4919786096256685,0.18588469184890655,-0.0044872192619004525,low
full,sector_rrg_y_ma5_lag5,-0.0031666399686760354,-0.019537245331771036,0.49271137026239065,0.6819085487077535,-0.0008522990556567544,low
full,ind_matched_return_lag2,-0.0031729365773627725,-0.011809538639612713,0.5097479790775084,0.5226143141153081,-0.003903946906915858,low
full,sector_rrg_y_ma5_lag2,-0.0031894039078392182,-0.019639614909390906,0.4918092464506735,0.6826540755467196,-0.0006618559021750143,low
full,idx_change_30d_lag3,-0.0031930701845464624,-0.020143000245302495,0.47818012999071496,0.2676441351888668,0.004380888328397392,low
full,news_sent_x_roc20_lag5,-0.0031932266156202275,-0.028150234626557316,0.48905109489051096,0.06809145129224652,0.0004446829561862094,low
full,sector_rrg_y_ma5,-0.0031943469758023957,-0.019785090465119316,0.48926882502728264,0.6831510934393639,-0.0019156656151333054,low
full,momentum_20d_std20_lag1,-0.0031955205134664142,-0.02136940579535043,0.4925160370634355,0.6973161033797217,0.004994198028287948,low
full,guba_sent_reversal_5d_lag1,-0.0032018612849784266,-0.02447518870044006,0.47717009533366783,0.4952783300198807,-0.009365498143218017,low
full,menv_regime_z_ma10_lag20,-0.003203733864170188,-0.02493242628986069,0.4851371951219512,0.6520874751491054,-0.0035545091621011307,low
full,momentum_20d_z20_lag2,-0.003204748430464608,-0.020198207576610307,0.4948306595365419,0.6970675944333996,0.00785716194911998,low
full,menv_fx_usd_cny_z_lag2,-0.0032284995036867153,-0.024689552714234224,0.48685806712494945,0.6145626242544732,0.0019262494464308219,low
full,guba_pos_momentum_lag10,-0.0032332968964255966,-0.028430291093455608,0.47804637395165267,0.503727634194831,0.0010574175336006426,low
full,sector_rrg_y_lag2,-0.0032351371484267886,-0.020017900988980413,0.4899817850637523,0.6821570576540755,-0.0022198788742391127,low
full,momentum_60d_accel_lag10,-0.0032406626459984887,-0.02062331297656386,0.503767491926803,0.6925944333996024,-0.0054604970873055655,low
full,sector_rrg_y_ma20_lag10,-0.003246499433932144,-0.019998262789370547,0.48922964585615186,0.6806660039761432,6.988031164821222e-05,low
full,guba_pos_momentum_lag20,-0.0032487660210223555,-0.028647200365059668,0.484111221449851,0.5004970178926441,0.0003186714470317688,low
full,has_gap_HN_z_ma5,-0.0032527167576139444,-0.02490407601621586,0.4886535552193646,0.6570576540755467,-0.004194439572008875,low
full,sector_rrg_y_ma5_lag1,-0.0032784410547683045,-0.02023461864280283,0.4887190684133916,0.6829025844930418,-0.0011142548918334826,low
full,momentum_252d_std20,-0.003280585481968326,-0.021608832412076943,0.4899963623135686,0.6831510934393639,0.000854639963429719,low
full,momentum_20d_ma20_lag20,-0.003294112835719572,-0.02080919312377718,0.4901327592393254,0.6925944333996024,-0.008914374111100331,low
full,has_gap_HN_z_ma10,-0.00329512518561132,-0.025230520577322956,0.4868078781122259,0.6687375745526839,-0.005306870658000746,low
full,sector_rrg_x_z20_lag3,-0.0032970439446844187,-0.021789767131521618,0.49890350877192985,0.679920477137177,-0.004138510635297645,low
full,ann_positive_ratio_lag10,-0.0032994182525121103,-0.029014777259645297,0.4868421052631579,0.22664015904572565,-0.00390670098707438,low
full,fx_hkd_cny_z20,-0.003301800086131337,-0.0245976235029464,0.5013774104683195,0.4510437375745527,0.0013925655228260335,low
full,sector_rrg_y_ma10_lag1,-0.00330264777017374,-0.020366326121507496,0.4872634643377001,0.6829025844930418,-0.0009489248505427165,low
full,momentum_20d_std20,-0.003343136107148511,-0.02228106513938531,0.4859280370502316,0.6975646123260437,0.006340621346904149,low
full,sector_rrg_y_ma5_lag20,-0.0033531180053821656,-0.02066658664597648,0.4869915720043972,0.6781809145129225,-0.0001256046218927662,low
full,sector_rrg_y_ma10_lag10,-0.003355942911176328,-0.02073314868070798,0.488499452354874,0.6806660039761432,-0.0010193427107308755,low
full,idx_change_30d_std20,-0.0033563105674146118,-0.021773979128176097,0.48641484426772696,0.375,0.008163032956071696,low
full,guba_attention_z_lag10,-0.0033583122236870806,-0.027848732232253693,0.4910122989593188,0.5253479125248509,-0.003544188011183197,low
full,change_num_accel,-0.0033624617453173493,-0.026312185557233747,0.4930176077717061,0.40929423459244535,-0.00286246584097402,low
full,shibor_1Y_accel,-0.003363109086441519,-0.024459365773408084,0.483187134502924,0.3399602385685885,0.007521410936143745,low
full,momentum_60d_ma10_lag20,-0.003364035737720309,-0.02074123791856588,0.49189773136478215,0.6901093439363817,-0.009727414631219275,low
full,momentum_20d_accel_lag5,-0.0033682931747313276,-0.021593404499730514,0.49464668094218417,0.6963220675944334,0.009536552678756414,low
full,sector_rrg_x_lag2,-0.0033768609762123863,-0.021390610473495254,0.4877513711151737,0.6796719681908548,-0.005082166546522709,low
full,momentum_20d_std20_lag2,-0.0033904655531394523,-0.02283275364859371,0.49411764705882355,0.6970675944333996,0.0039647687410296435,low
full,roe_accel,-0.0033904776151941047,-0.023656654381413324,0.484573502722323,0.6846421471172962,0.009850961645565759,low
full,lhb_net_amount_lag20,-0.0033970061131032925,-0.02590154895271737,0.4783878504672897,0.4254473161033797,0.00032220306013044204,low
full,momentum_5d_ma10_lag2,-0.003403009531085651,-0.02075867041984642,0.4948306595365419,0.6970675944333996,-0.00595184253342176,low
full,momentum_5d_ma10_lag1,-0.0034036169664285057,-0.020770402439659184,0.49358517462580187,0.6973161033797217,-0.007124107385687477,low
full,ann_negative_ratio_lag3,-0.003408965189425706,-0.028101183100981062,0.4958047292143402,0.3257952286282306,-0.0008127337139909916,low
full,change_ratio_accel,-0.0034111553145795346,-0.026773309355466717,0.4899817850637523,0.40929423459244535,-0.0025675066607497,low
full,trade_count,-0.003413560175990706,-0.02584869382960434,0.47879799666110184,0.7442842942345924,-0.0021703883995893214,low
full,sector_rrg_y_lag20,-0.0034205401845308946,-0.021143946468496797,0.4866251374129718,0.6781809145129225,-0.0007658574114991964,low
full,consecutive_inflow_10d_z20,-0.0034215575221957432,-0.024743660333095892,0.48665955176093917,0.6985586481113321,-0.0002634607714987458,low
full,sector_rrg_y_ma10,-0.003431783727942375,-0.02116453014788236,0.4878137504547108,0.6831510934393639,-0.0018083173791786978,low
full,guba_count_momentum_lag1,-0.00344907752582678,-0.029108773515015302,0.4903194578896418,0.5134194831013916,-0.0037901182321458137,low
full,sector_rrg_y_lag10,-0.003450558499152142,-0.021278863624884126,0.4914202263599854,0.6806660039761432,-0.00019961211792395288,low
full,ann_negative_ratio_std20,-0.003455663684667026,-0.027820553620418388,0.49358059914407987,0.6968190854870775,-0.004644411023948791,low
full,ann_negative_ratio_ma20,-0.0034561175670291427,-0.027820985490707342,0.49393723252496435,0.6968190854870775,-0.0046546533872525745,low
full,menv_cpi_z_accel_lag20,-0.00346713512735051,-0.02780357015765609,0.4821717990275527,0.6133200795228628,0.0014838354466236547,low
full,market_adv_ratio_lag2,-0.0034708641886972234,-0.02262694716973672,0.4940577249575552,0.1463717693836978,-0.00833550036626263,low
full,sector_rrg_y_ma10_lag20,-0.0034792935832603936,-0.02143144541271652,0.48296079149871746,0.6781809145129225,-0.00010236963787338777,low
full,ann_positive_ratio_ma5,-0.003480105358669468,-0.029502222781912477,0.4870982344952467,0.5489562624254473,-0.0014968184113555436,low
full,lhb_is_sustained,-0.0034925899954208646,-0.021807907352337126,0.4890909090909091,0.13667992047713717,0.002604516780080237,low
full,menv_shibor_1m_z_lag3,-0.0034959323431561313,-0.02645170948233987,0.48336252189141854,0.5675944333996024,0.008302993647870025,low
full,total_volume,-0.0034981894132677833,-0.02652659776091219,0.4801335559265442,0.7442842942345924,-0.0021567276867405444,low
full,total_amount,-0.0035018310925557013,-0.026473020819516732,0.48380634390651084,0.7442842942345924,-0.002220393056056457,low
full,sector_rrg_y_ma10_lag2,-0.0035037809149998786,-0.021616935148825324,0.4903531124863487,0.6826540755467196,-0.0007030939421908594,low
full,able_shares_ma20,-0.003507390075396345,-0.028363732780059738,0.48616491422246816,0.8981113320079522,-0.0008913739228137036,low
full,is_deep_discount_ma10,-0.0035116290775544768,-0.028325082240578073,0.488481228668942,0.5825049701789264,-0.0015557675655457045,low
full,free_shares_ma20,-0.0035166645393722887,-0.02843819346479809,0.484781405644715,0.8981113320079522,-0.0009841593973241,low
full,guba_sent_extreme_lag2,-0.003520222779255359,-0.0298394440107112,0.4872904272579773,0.459493041749503,-0.006258609804040009,low
full,momentum_20d_std20_lag3,-0.0035205979031395643,-0.023749528450546967,0.49037089871611983,0.6968190854870775,0.002669992081335342,low
full,news_sent_skew,-0.003528878430138084,-0.02848753184651501,0.4979973297730307,0.18613320079522863,-0.006065892008675038,low
full,momentum_20d_std20_lag5,-0.0035350553091855618,-0.02370446418911858,0.47894361170592437,0.6963220675944334,0.001746692428341366,low
full,free_shares_std20,-0.003556778337091806,-0.028784206191172897,0.4856115107913669,0.8981113320079522,-0.0009007508681394889,low
full,ann_sent_bear_vol_ma20,-0.003563948486696074,-0.02869520723643953,0.49393723252496435,0.6968190854870775,-0.004738503168037654,low
full,able_shares_std20,-0.0035701171247870186,-0.028881447636935457,0.4853348090758163,0.8981113320079522,-0.0008507475444345307,low
full,momentum_5d_std20_lag20,-0.003572567491163252,-0.024074699432064472,0.48869752421959095,0.6925944333996024,-0.005772519622976108,low
full,pledge_risk_lag3,-0.0035804936385188013,-0.0277173434454242,0.4825828377230246,0.29249502982107356,0.0055787727529598395,low
full,market_state_volatile_lag1,-0.003588016874030958,-0.012474012474012515,0.5,0.0004970178926441351,-0.0009433039989961503,low
full,quality_composite_lag1,-0.0035940837966227405,-0.025534035724465807,0.4912854030501089,0.6843936381709742,0.0014858556169476216,low
full,ind_return_mean_ma10,-0.003598031891766283,-0.025032848562530238,0.49166666666666664,0.32803180914512925,-0.005910895381485839,low
full,debt_ratio_lag5,-0.003610423716771876,-0.027184883047353763,0.48035363457760316,0.2529821073558648,0.00017408647467044756,low
full,sent_agree_neg_ma10,-0.0036151464134979157,-0.027198118614255314,0.4746008708272859,0.6848906560636183,-0.008682752257834887,low
full,ann_sent_bull_vol_ma5,-0.003628411771891459,-0.03084357967234213,0.4813126709206928,0.5452286282306164,-0.0012880794450601312,low
full,sector_rrg_quadrant_z20_lag3,-0.0036343894936369777,-0.024008565395603212,0.48907501820830296,0.6824055666003976,-0.006779671876516028,low
full,free_ratio_std20,-0.003656287123358915,-0.02955979059028034,0.4853348090758163,0.8981113320079522,-0.00086635865177062,low
full,sentiment_mean_lag2,-0.0036649891538039327,-0.031152039158370913,0.4838709677419355,0.06933399602385686,-0.0004888445825527927,low
full,free_ratio_ma20,-0.003670757908007046,-0.029662681565008123,0.48450470392916434,0.8981113320079522,-0.0008751387697185221,low
full,fx_eur_cny_accel,-0.003679578502976598,-0.027684902469953813,0.4956722446624351,0.43066600397614313,0.009240334844000244,low
full,news_sent_x_roc20_lag10,-0.003686590490577833,-0.03174106154597125,0.4925925925925926,0.06709741550695825,0.00015638383982213462,low
full,ann_sent_bear_vol_std20,-0.003688853143328404,-0.029733144883615236,0.4921540656205421,0.6968190854870775,-0.004810788069908882,low
full,market_state_volatile_ma20,-0.003691842631677824,-0.0334091750265246,0.5384615384615384,0.0032306163021868788,0.003080791779814191,low
full,market_state_volatile_std20,-0.003691842631677824,-0.0334091750265246,0.5384615384615384,0.0032306163021868788,0.0030812681040583998,low
full,north_net_buy_accel,-0.0036936224909323127,-0.027489635893245774,0.48519736842105265,0.4532803180914513,-0.0035893774423756365,low
full,momentum_5d_ma5_lag5,-0.0036985466166516113,-0.022558151753147224,0.4860813704496788,0.6963220675944334,0.0015554826790469259,low
full,ret_std_ma20,-0.003715590299942194,-0.02366872553718718,0.4895055140519388,0.6985586481113321,0.001247922309591183,low
full,news_sent_streak_lag3,-0.003716672880490563,-0.030051470078082072,0.47474747474747475,0.02460238568588469,-0.0028228604128241247,low
full,quality_composite_lag3,-0.003721233344923433,-0.026284392800993654,0.4894622093023256,0.68389662027833,0.0034706751637159335,low
full,sector_rrg_y_accel,-0.0037218808329809185,-0.023594492821928006,0.4918152055292834,0.6831510934393639,-0.003705395516203578,low
full,menv_bond_10y2y_spread_ma20_lag3,-0.0037275130207719527,-0.026968354459845648,0.48158328752061574,0.45203777335984097,-0.0074490363114019615,low
full,pledge_risk_lag5,-0.003729920030722375,-0.028762000425837302,0.48425531914893616,0.29199801192842945,0.0029527237595363327,low
full,sector_rrg_x_ma5_lag5,-0.003734900741976389,-0.024341338800215006,0.49231894659839065,0.6794234592445328,-0.002668839641526563,low
full,has_gap_change_num,-0.0037419512555342148,-0.028785959877895097,0.48223538119911175,0.6714711729622267,-0.004501965552093719,low
full,has_gap_holder_num,-0.0037419512555342148,-0.028785959877895097,0.48223538119911175,0.6714711729622267,-0.004501965552093719,low
full,has_gap_change_ratio,-0.0037419512555342148,-0.028785959877895097,0.48223538119911175,0.6714711729622267,-0.004501965552093719,low
full,has_gap_avg_shares,-0.0037419512555342148,-0.028785959877895097,0.48223538119911175,0.6714711729622267,-0.004501965552093719,low
full,has_gap_consecutive_quarter_decline,-0.0037419512555342148,-0.028785959877895097,0.48223538119911175,0.6714711729622267,-0.004501965552093719,low
full,has_gap_PCRC,-0.0037419512555342148,-0.028785959877895097,0.48223538119911175,0.6714711729622267,-0.004501965552093719,low
full,north_net_buy_z20,-0.0037432364176219006,-0.019263791829508825,0.48903508771929827,0.4532803180914513,0.002107751472200188,low
full,menv_shibor_1m_z_lag2,-0.003761259839173975,-0.028291569224193413,0.4823943661971831,0.5646123260437376,0.007857191155080894,low
full,guba_net_bullish_lag2,-0.0037703108786989034,-0.031037750756863953,0.4700553598389532,0.4937872763419483,-0.006121706114021759,low
full,bonus_ratio_ma10,-0.003787018176810777,-0.030073519593111903,0.4852941176470588,0.18588469184890655,-0.0023460016276763253,low
full,guba_sent_bear_vol_lag10,-0.003809442138409702,-0.031612936606421546,0.4754376058723885,0.44010934393638174,-0.00552295219202831,low
full,ann_sentiment_mean_lag10,-0.003823209706885997,-0.03214173297375344,0.48907265209686945,0.4207256461232604,-0.003928542547393516,low
full,sector_rrg_x_ma5_lag1,-0.0038382856942151696,-0.024252490527412577,0.48794740686632576,0.6804174950298211,-0.004192699998762973,low
full,ind_dispersion_20d_ma10,-0.003842064308711528,-0.027327224501943248,0.4900763358778626,0.32554671968190857,-0.004492224646599455,low
full,menv_us_cn_10y_spread_lag1,-0.0038462858113412694,-0.023840018085403727,0.4830097087378641,0.10238568588469185,0.001284038754725568,low
full,idx_change_30d_lag20,-0.0038513674773546698,-0.025571895100999643,0.48057813911472447,0.2750994035785288,0.007943713317162844,low
full,ann_negative_ratio_lag2,-0.0038532362813919366,-0.03164783572788375,0.4782939832444783,0.32629224652087474,-0.003178947600365484,low
full,momentum_60d_accel_lag3,-0.00385388725275288,-0.023848603147638786,0.48926270579813885,0.6943339960238568,0.0066534192821529016,low
full,sector_rrg_x_ma5_lag3,-0.0038749586206607936,-0.025028095285482017,0.48903508771929827,0.679920477137177,-0.005316567001491414,low
full,news_sent_vol_ratio_lag3,-0.0038790989362017694,-0.031263618815945644,0.4973190348525469,0.18538767395626243,0.0010495959295169044,low
full,trade_count_ma5,-0.0038815335962757,-0.029345482473659472,0.48172538689496214,0.7547216699801192,-0.0027086523431300246,low
full,guba_sentiment_mean_lag2,-0.003895764250993678,-0.0320775344998901,0.4680422747861097,0.4937872763419483,-0.006260466098949874,low
full,menv_us_cn_10y_spread_z20_lag3,-0.003912380139170399,-0.029204843650664693,0.4928571428571429,0.452286282306163,-0.004236075580149386,low
full,total_amount_ma5,-0.0039285109703663225,-0.029638158940453983,0.4823839315113599,0.7547216699801192,-0.002819266845676202,low
full,momentum_5d_ma10_lag3,-0.003943361225853505,-0.024232070774763293,0.48823109843081314,0.6968190854870775,-0.004387458013068182,low
full,short_balance_accel,-0.00396589216356028,-0.027670605432753487,0.4828951088493073,0.8789761431411531,-0.0033548859260356203,low
full,sector_rrg_y_lag3,-0.003967166261831218,-0.024494528536347652,0.48561020036429875,0.6821570576540755,-0.0015637638317708253,low
full,ann_positive_ratio_ma10,-0.003996721479407797,-0.03346216119253531,0.49784567175871525,0.6344433399602386,-0.0038828464092609104,low
full,momentum_60d_z20_lag10,-0.0040054301818843625,-0.025517106964148915,0.4908503767491927,0.6925944333996024,-0.0028095802366149727,low
full,total_volume_ma5,-0.0040145653646260614,-0.030392939935838685,0.48370102074415544,0.7547216699801192,-0.0027399042149450874,low
full,guba_sent_x_macd,-0.004029443515140292,-0.03339232811313464,0.4834004024144869,0.49403578528827036,-0.004413056507950636,low
full,sent_consensus_accel,-0.004033151086849123,-0.03369481173357193,0.49466192170818507,0.69831013916501,-0.006433911376815938,low
full,lhb_net_amount_ma20,-0.004056180792013986,-0.028865423468728554,0.47651245551601423,0.69831013916501,-0.002826882677446216,low
full,bonus_ratio_ma5,-0.004059455583301492,-0.03271163735641885,0.47953216374269003,0.16998011928429424,-0.0017058823667427364,low
full,guba_count_momentum_lag5,-0.004069606414957117,-0.034153263510193314,0.4876393601551139,0.5126739562624254,0.0003649732511475974,low
full,has_gap_HN_z,-0.004080780175263772,-0.03135481044809552,0.48402002310358105,0.6453777335984096,-0.004032573706177899,low
full,guba_sent_momentum_5d,-0.0040888223076691035,-0.03202024941116305,0.4818627450980392,0.5069582504970179,-0.008770058598283722,low
full,guba_disagreement_lag20,-0.0040925095770955044,-0.03169614693125696,0.48133198789101916,0.49254473161033796,-0.009791347502243303,low
full,ret_std_ma10,-0.004098635517682296,-0.026273284294108967,0.48843827819281393,0.6985586481113321,0.0036011926354963543,low
full,negative_ratio_lag3,-0.00414945160810653,-0.03334040490976406,0.4816326530612245,0.06088469184890656,-0.0013914297925693945,low
full,momentum_5d_ma10_lag5,-0.004180803191864749,-0.026068115683425666,0.49036402569593146,0.6963220675944334,0.00043177315815379837,low
full,news_sent_volume_lag2,-0.004190973825641805,-0.035589809613358704,0.4767025089605735,0.06933399602385686,-0.0004884441721082942,low
full,quality_composite_lag2,-0.004191617063682578,-0.029805148829811137,0.49073737740646567,0.6841451292246521,0.0023416830896459983,low
full,pe_ttm_lag10,-0.004192802684547986,-0.030039502749576775,0.4916101392359871,0.6960735586481114,-0.00588864964416892,low
full,sent_consensus_ma10,-0.004195647558871072,-0.03270615884232465,0.48708751793400284,0.6928429423459245,-0.008957851438719347,low
full,guba_sent_bull_vol_lag10,-0.004197690108010446,-0.03436502376757606,0.48664529914529914,0.46520874751491054,-0.008700529652946931,low
full,guba_sent_momentum_5d_lag1,-0.004199439555694918,-0.03306299398495072,0.47964688572829817,0.5067097415506958,-0.008322740467719112,low
full,momentum_5d_ma10,-0.004204006620507007,-0.025697109525161212,0.4980406127538297,0.6975646123260437,-0.006966271528529124,low
full,news_net_bullish_lag10,-0.004208903247766791,-0.03742512361657097,0.46296296296296297,0.06709741550695825,-0.003962671922543896,low
full,pe_ttm_lag3,-0.004218806677967552,-0.030009812022465627,0.4982193732193732,0.6978131212723658,-0.006325547719839198,low
full,momentum_60d_accel_lag2,-0.00422863540532809,-0.026222909536679027,0.48622540250447227,0.6945825049701789,0.005518654705793616,low
full,market_turnover_z_lag20,-0.004229947853673867,-0.031138502606004415,0.4839061647572286,0.4555168986083499,-0.008186331618643112,low
full,guba_sent_accel_lag2,-0.00423514220270774,-0.0359020640888404,0.4744773942634905,0.5111829025844931,-0.006138768895003475,low
full,momentum_252d_std20_lag10,-0.004246449465788551,-0.02856728544452818,0.484118291347207,0.6806660039761432,-0.004377500269971335,low
full,ann_sent_bull_vol_ma10,-0.0042540222568389005,-0.03570429458300048,0.49391918399372303,0.6334493041749503,-0.0038260661671657243,low
full,pe_ttm_lag5,-0.004257550561956291,-0.030322522397058918,0.4953670705630791,0.6973161033797217,-0.005527602645760716,low
full,sentiment_std_accel,-0.00427932583439344,-0.035199219365235755,0.49037227214377405,0.19358846918489064,0.0017252409877088935,low
full,guba_sent_reversal_5d_lag2,-0.004279354804028729,-0.03286578944513249,0.48142570281124497,0.49502982107355864,-0.008233065104330013,low
full,pe_ttm_lag2,-0.004285156010475531,-0.030477849431047768,0.49911000355998575,0.6980616302186878,-0.006698112931223005,low
full,flow_z_z20,-0.004319684994874917,-0.028570706758424703,0.4773779836123976,0.6975646123260437,0.0017784890863036993,low
full,sector_rrg_x_ma10_lag1,-0.004330173915195236,-0.02786182857651198,0.4864864864864865,0.6804174950298211,-0.0039049846697756267,low
full,guba_sent_x_roc20_lag20,-0.004331458113366065,-0.03668653015035076,0.4972067039106145,0.4893141153081511,-0.003572342622579866,low
full,sector_rrg_x_ma10_lag2,-0.004340034763287352,-0.028080277637724988,0.4862988673730362,0.680168986083499,-0.003141070787901915,low
full,guba_positive_ratio_lag10,-0.004342055580169376,-0.034144414669350344,0.4915944982170148,0.4878230616302187,-0.009667192489505257,low
full,flow_z,-0.004344956081152711,-0.028429870598457068,0.4873168988924616,0.6955765407554672,0.002788643376222289,low
full,lhb_is_sustained_lag5,-0.004365574215437577,-0.029732739951840458,0.49183303085299457,0.13692842942345926,-0.0017743168714147073,low
full,change_ratio_ma10,-0.004381809748778343,-0.033682483192748545,0.4818149081742888,0.6901093439363817,-0.004931204275421357,low
full,rsqr_10d,-0.0044263043790494635,-0.03010752640687661,0.4788767395626243,1.0,0.006003692782103812,low
full,premium_pct_wavg_std20,-0.004429777658511879,-0.035781958162668166,0.47570584372948127,0.7569582504970179,-0.0038014161817011317,low
full,premium_pct_mean_std20,-0.004429777658511879,-0.035781958162668166,0.47570584372948127,0.7569582504970179,-0.0038034053135828287,low
full,news_sent_vol_ratio_lag1,-0.004465707824945402,-0.036722015233032,0.4852941176470588,0.18588469184890655,0.004128103929450108,low
full,guba_sent_extreme_lag1,-0.004489578734585704,-0.03805597406687884,0.47866018368449487,0.4599900596421471,-0.009647469238997253,low
full,sector_rrg_y_z20,-0.004493683851243616,-0.02902043462463773,0.49108766824299743,0.6831510934393639,-0.0020468672868562796,low
full,sector_breadth_raw,-0.004502848572171986,-0.028595165080328565,0.49305308158175987,0.6975646123260437,0.0031489210044994345,low
full,ann_negative_ratio_ma10,-0.004522141093422823,-0.03626763748427682,0.4844097995545657,0.6694831013916501,-0.0034062997757958883,low
full,pe_ttm_lag1,-0.004534086785467203,-0.03228287041478801,0.49644128113879005,0.69831013916501,-0.0069839570525646166,low
full,guba_sent_extreme_lag10,-0.00456438124573697,-0.038676308796553,0.48180336773492666,0.45750497017892644,-0.0076170384910615365,low
full,ann_sentiment_std_ma20,-0.004573312510363076,-0.038354814355090916,0.48502304147465436,0.647117296222664,-0.002895035399817578,low
full,change_ratio_ma20,-0.004576890184965226,-0.035279781318149454,0.4767769176636172,0.7062624254473161,-0.004986633953530007,low
full,flow_momentum_z20,-0.004610408161146663,-0.03046006346761057,0.47809048806555043,0.6975646123260437,0.0022901536007010857,low
full,ann_sentiment_std_std20,-0.004612074769604666,-0.038706150476005556,0.4838709677419355,0.647117296222664,-0.0028839960410371067,low
full,sector_rrg_y_accel_lag5,-0.00461515710843432,-0.02992751163227808,0.4872448979591837,0.6819085487077535,-0.0027659797594965455,low
full,guba_sentiment_mean,-0.004633352654950786,-0.03799093707835628,0.4823943661971831,0.49403578528827036,-0.008380941342198186,low
full,pledge_margin_dist_accel,-0.004677938177622384,-0.03142349641190311,0.48956262425447317,1.0,0.00436596321734303,low
full,ann_sent_bear_vol_ma10,-0.004679070481914352,-0.037534693633314485,0.4823616784255477,0.669234592445328,-0.0032188681550719,low
full,able_shares_ma10,-0.00467975984656103,-0.03778307580272464,0.4846761453396525,0.786530815109344,-0.0008233558263492983,low
full,avg_account_cap_z_ma20,-0.004680807293252903,-0.034972821821669,0.4907103825136612,0.22738568588469185,0.001414974894664087,low
full,ann_negative_ratio,-0.004684369026750183,-0.0382914659561749,0.4901065449010654,0.3265407554671968,-0.0004887852320725073,low
full,flow_momentum,-0.004690627937783901,-0.030625652303206897,0.48481600571632727,0.6955765407554672,0.0030026084960802467,low
full,pe_ttm,-0.004701098929090212,-0.033470778559304276,0.49484169334756317,0.6985586481113321,-0.007370897056779185,low
full,sector_rrg_y_z20_lag3,-0.004723501574733477,-0.03049261023247908,0.4883466860888565,0.6824055666003976,-0.0010516812389666046,low
full,free_shares_ma10,-0.004734603512603631,-0.03822195854514985,0.4843601895734597,0.786530815109344,-0.0009432745195628663,low
full,ann_sentiment_std_lag2,-0.004737829305583687,-0.03965249182336456,0.4812760055478502,0.17917495029821073,-0.0018023218324627515,low
full,sector_rrg_x_ma10,-0.004738743669647617,-0.030264924785450318,0.48521358159912376,0.6806660039761432,-0.0041096018968708944,low
full,momentum_60d_accel_lag5,-0.004746629729505382,-0.029493331784793717,0.48603151862464183,0.6938369781312127,0.004620198262320834,low
full,momentum_20d_z20_lag10,-0.0047525081811732916,-0.03105415822715182,0.4844476224526278,0.695079522862823,0.002312164095644392,low
full,menv_us_cn_10y_spread_z20_lag5,-0.004761098676685654,-0.03549365458935418,0.48475120385232745,0.4644632206759443,-0.0073799205817895435,low
full,fx_usd_cny_std20,-0.004767552629770784,-0.03623519148617105,0.48008611410118407,0.4617296222664016,-0.005851270812607087,low
full,fx_gbp_cny_lag2,-0.004768843276611419,-0.030742530017474436,0.46572934973637964,0.14140159045725645,-0.009388380958860413,low
full,ann_sent_bear_vol,-0.0047727537207439595,-0.03894940165074132,0.49387442572741197,0.3245526838966203,-0.0005576762149827019,low
full,sector_rrg_x_lag3,-0.004779207098250263,-0.03042434230457241,0.489945155393053,0.6796719681908548,-0.0058473714369259204,low
full,free_ratio_ma10,-0.004813468372446506,-0.03883905529896672,0.4829222011385199,0.7857852882703777,-0.0008425847072919212,low
full,guba_net_bullish,-0.00481367749170679,-0.039446533679621705,0.4813883299798793,0.49403578528827036,-0.008462859519380337,low
full,menv_m1_m2_spread_ma5_lag10,-0.004837551325245116,-0.034573460930277425,0.47519294377067256,0.2253976143141153,0.009459609818437825,low
full,sector_rrg_quadrant_z20_lag2,-0.0048421466790580505,-0.031802069587741774,0.48452857662904986,0.6826540755467196,-0.004657460049286882,low
full,positive_ratio_accel,-0.004844985328787618,-0.040520607740148,0.4749679075738126,0.19358846918489064,0.0015457758526189502,low
full,market_turnover_z_lag2,-0.004848883018133888,-0.03132551598603939,0.49335548172757476,0.1496023856858847,-0.0010526346402160273,low
full,flow_intensity,-0.004864915119318543,-0.03621021225556268,0.4833869239013934,0.6955765407554672,-0.009351139120652292,low
full,sector_rrg_y_z20_lag2,-0.004870116729470992,-0.03125648678436503,0.4834364761558063,0.6826540755467196,-0.0035587829756815893,low
full,change_pct,-0.004871004918005774,-0.030971308365335813,0.49483434271464194,0.6975646123260437,-0.000703819948841408,low
full,trade_count_ma10,-0.004874535108992904,-0.03699343958316862,0.48233387358184765,0.7666500994035785,-0.0038856081068321413,low
full,change_ratio,-0.004890452587047874,-0.03772772853639913,0.4822222222222222,0.6709741550695825,-0.006128238399244146,low
full,news_sent_extreme_lag5,-0.004904546170190478,-0.04055318408365748,0.43478260869565216,0.06858846918489066,-0.004897181625709665,low
full,cpi_yoy_accel,-0.004914731075021896,-0.03551208805060263,0.49372384937238495,0.29696819085487075,0.008284514021569258,low
full,momentum_20d_lag5,-0.004915379239700275,-0.030526357485908543,0.47751605995717344,0.6963220675944334,-0.008349458455129022,low
full,news_sent_vol_ratio_lag10,-0.004919231479983846,-0.04048249884813683,0.4776725304465494,0.18364811133200795,0.0024941112582015953,low
full,guba_negative_ratio_lag20,-0.004939067901347331,-0.03929224333932756,0.4714064914992272,0.4823558648111332,-0.00717540216783121,low
full,flow_intensity_ma20,-0.0049426900414444455,-0.03491574856587528,0.4902030637691486,0.6975646123260437,-0.008282390310821574,low
full,change_ratio_ma5,-0.004949775046246499,-0.03795909466366434,0.48083242059145676,0.6806660039761432,-0.006422662908096347,low
full,total_amount_ma10,-0.004960302291701047,-0.03759149523036028,0.48103727714748784,0.7666500994035785,-0.003962521577792329,low
full,total_volume_ma10,-0.0049757853427224545,-0.03783889370679602,0.4829821717990275,0.7666500994035785,-0.003882107928574379,low
full,bond_us_10y2y_spread_ma20,-0.005000536313203871,-0.036344102956351834,0.49184149184149184,0.426441351888668,-0.0006100599140382284,low
full,menv_bond_10y2y_spread_std20_lag3,-0.005013927175288362,-0.03799140550413687,0.49807586586036284,0.45203777335984097,-0.0059898787626032225,low
full,momentum_20d_z20_lag3,-0.005029365293672054,-0.032038578807514866,0.49607703281027105,0.6968190854870775,0.005620312628898325,low
full,guba_sent_streak_lag5,-0.005032712669144905,-0.040925782831742266,0.4831521739130435,0.4572564612326044,-0.007658815629309802,low
full,momentum_5d_lag10,-0.005049770049083495,-0.031501520788051275,0.4873078298176618,0.695079522862823,-0.006829130722052028,low
full,negative_ratio,-0.005054088352443941,-0.04052606998580231,0.4475806451612903,0.061630218687872766,0.0018966267945862204,low
full,menv_us_cn_10y_spread_accel,-0.005071895018041173,-0.03740194423223043,0.4835545297172533,0.43066600397614313,-0.009973233412931104,low
full,has_announce,-0.005135130177438207,-0.04356818258739328,0.4822908816880181,0.6595427435387674,-0.001018610255503668,low
full,news_sent_x_macd_lag2,-0.0051372635087150184,-0.04531605546220413,0.48028673835125446,0.06933399602385686,-0.002069939359347589,low
full,ind_dispersion_20d_lag3,-0.005144273316122905,-0.0338413456444623,0.47297297297297297,0.18389662027833,-0.001830477286752233,low
full,news_neg_momentum_lag20,-0.0051455226829821765,-0.045406087945832264,0.4840085287846482,0.1165506958250497,-0.0005893666467194941,low
full,guba_attention_z_lag3,-0.005147869400445912,-0.04268092961224726,0.47484720263281616,0.5285785288270378,-0.0039250909356048705,low
full,ann_count,-0.005160594586369599,-0.043798805008554605,0.4822908816880181,0.6595427435387674,-0.0009851872826644721,low
full,free_shares,-0.005196428552582603,-0.04011383107453991,0.4828345070422535,0.5646123260437376,-0.0022598232170287606,low
full,able_shares,-0.005196601045757545,-0.04010020894397648,0.4819542253521127,0.5646123260437376,-0.0021526747822416276,low
full,sector_rrg_x_ma5,-0.005211465182547783,-0.03307398786128775,0.4844833880978459,0.6806660039761432,-0.004048276200336775,low
full,flow_intensity_z20,-0.005245440706006737,-0.0397561559890256,0.48557178482365515,0.6975646123260437,-0.00252595571529943,low
full,pledge_risk_lag20,-0.005260362835473913,-0.0399681933860437,0.4818965517241379,0.2882703777335984,-0.0025300486720156064,low
full,stock_vs_industry_ma10,-0.005280355243559851,-0.020901799853495925,0.48697299857887255,0.5246023856858847,-0.005516811365554468,low
full,ind_return_mean_ma20,-0.0053051548662234205,-0.03867376981432534,0.49444444444444446,0.44731610337972166,0.0010189867642980675,low
full,guba_sentiment_mean_lag1,-0.005335748455142031,-0.04315794493877354,0.4886763965777554,0.4937872763419483,-0.008736501558603385,low
full,bonus_ratio_accel,-0.0053387429873273705,-0.04159534266752585,0.47203274215552526,0.18215705765407555,-0.0017999801113126397,low
full,guba_net_bullish_lag1,-0.005340994388311764,-0.04314230363143726,0.48666331152491193,0.4937872763419483,-0.008750539675190992,low
full,ann_sentiment_std,-0.005346817015625705,-0.044083426220092724,0.47711511789181693,0.17917495029821073,-0.0005645952473694671,low
full,free_ratio,-0.005354538325420949,-0.04129275344063231,0.48102383053839365,0.5631212723658051,-0.002189986871212859,low
full,stock_vs_industry_z20,-0.005357379132984583,-0.020680500554406976,0.4954997631454287,0.5246023856858847,0.003993199432899087,low
full,guba_sent_extreme_lag3,-0.005358167670793366,-0.04515008941674878,0.48727666486193827,0.45899602385685884,-0.007038945479952957,low
full,momentum_60d_z20_lag3,-0.0053690174805694395,-0.03333855958391328,0.4914101646385111,0.6943339960238568,-0.0011739980832795682,low
full,total_amount_std20,-0.005371271476885787,-0.0415193889922441,0.4707371085099652,0.7855367793240556,-0.0053063669880139,low
full,total_volume_std20,-0.005386557704148296,-0.041804622256123095,0.46947168617526097,0.7855367793240556,-0.005308896755911248,low
full,momentum_60d_ma20_lag20,-0.005390919675042891,-0.033140492456667454,0.4875765214259993,0.6901093439363817,-0.009506661924917703,low
full,stock_vs_industry,-0.00539479241792849,-0.020130523785188214,0.4897765097479791,0.5226143141153081,0.004451029987065272,low
full,guba_sent_x_roc20_lag10,-0.005427500655787575,-0.045953030889240645,0.498989898989899,0.49204771371769385,-0.006670194064501556,low
full,bonus_ratio_ma20,-0.005430791407598449,-0.043709211117971346,0.4863325740318907,0.21819085487077536,-0.0026789857657779008,low
full,trade_count_ma20,-0.005445357578632605,-0.04187617203662199,0.47295159759569755,0.7855367793240556,-0.005325702445194319,low
full,guba_sent_volume_lag2,-0.005446820516599873,-0.044221100640754005,0.4650226472068445,0.4937872763419483,-0.006619467706854265,low
full,news_sent_accel_lag3,-0.00544918504840611,-0.04432764413809268,0.48927613941018766,0.18538767395626243,-0.0011727050468713883,low
full,total_volume_ma20,-0.005462997004816201,-0.04223450128309253,0.4720025308446694,0.7855367793240556,-0.005143148278127241,low
full,total_amount_ma20,-0.005474378368981646,-0.04215158093943371,0.4732679531793736,0.7855367793240556,-0.005188185994872538,low
full,change_pct_ma10,-0.005484764677903118,-0.03386976464110526,0.48025613660619,0.6985586481113321,-0.007420029429797813,low
full,ind_matched_return_lag1,-0.0054885860263286426,-0.020595696491503977,0.49595815501664287,0.5226143141153081,-0.003698143563762457,low
full,guba_sent_x_macd_lag3,-0.0055030966147602165,-0.045509822290112655,0.47633434038267874,0.49353876739562624,-0.005539561159678194,low
full,lhb_is_drop_lag10,-0.005520573514113647,-0.040552644018519435,0.4872665534804754,0.1463717693836978,-0.00048357382827316555,low
full,effective_yield_accel,-0.005520623942347407,-0.039192187637657,0.48285288270377735,1.0,0.009966364855430662,low
full,free_shares_ma5,-0.005545124873258496,-0.043546258389681645,0.4857246114925913,0.687624254473161,-0.0025948198866037582,low
full,able_shares_ma5,-0.005549673545572505,-0.04357307917334734,0.48536320925189735,0.687624254473161,-0.00249826706990317,low
full,fx_gbp_cny_ma5,-0.00556094239297053,-0.03671863098264017,0.47115384615384615,0.20675944333996024,-0.008604843431683665,low
full,sector_rrg_quadrant_z20,-0.00556203057419108,-0.03736689343290862,0.4725354674427064,0.6831510934393639,-0.004419252822197751,low
full,momentum_20d_lag1,-0.005562490049756774,-0.03381726472753522,0.4766321798073493,0.6965705765407555,-0.004797808163045508,low
full,n_indexes_std20,-0.005569788603731221,-0.034864912905822804,0.4726609963547995,0.20452286282306162,0.001021518066805205,low
full,is_top5_sector,-0.005574454573914255,-0.03690408180811979,0.48022800142500893,0.6975646123260437,-0.00611585047092115,low
full,holder_num_accel,-0.005580301516319964,-0.04072461505009726,0.482487922705314,0.4115308151093439,-0.000772292804183703,low
full,sector_breadth_z_ma20,-0.005580773265469177,-0.0345617734867148,0.48612099644128115,0.69831013916501,0.0017364562356526202,low
full,ind_return_min_ma5,-0.005611053750938685,-0.03679395197971787,0.488,0.21744532803180913,-0.0019568065937190307,low
full,positive_ratio_lag10,-0.005622106075278138,-0.049932001876040424,0.4606741573033708,0.06635188866799205,-0.00562697221979766,low
full,menv_m1_m2_spread_std20_lag2,-0.005633384925131792,-0.0414867587354406,0.4729458917835671,0.3720178926441352,-0.0064220449089642225,low
full,change_num_ma10,-0.005635539024016352,-0.042815467908606054,0.4785740007202017,0.6901093439363817,-0.0046656974527070575,low
full,consecutive_inflow_5d_z20,-0.005642347155531659,-0.040298029706367006,0.4848808253290644,0.6985586481113321,-0.004517697980071746,low
full,guba_neg_momentum_lag10,-0.005642385912629641,-0.048463833277206075,0.4930209371884347,0.4985089463220676,-0.002008845318195293,low
full,retail_panic_lag3,-0.005645079776808841,-0.05192888516850381,0.4868421052631579,0.03777335984095427,0.00024782228632699355,low
full,free_ratio_ma5,-0.005649668453356675,-0.044332082783558026,0.48533140166606303,0.6861332007952287,-0.002537389656460268,low
full,sector_rrg_x,-0.005651398081959247,-0.03630428065829287,0.4826325411334552,0.6796719681908548,-0.005829779186533184,low
full,guba_attention_z_lag5,-0.005700445554073166,-0.04662872176334705,0.4698681732580038,0.5278330019880716,-0.0005094536224920378,low
full,change_num_ma20,-0.005710925688058964,-0.04359372132205817,0.4781843771991555,0.7062624254473161,-0.004596994516960249,low
full,corr_60d,-0.005726804402119565,-0.03883830267732583,0.48732604373757454,1.0,-0.0005481478272725394,low
full,concept_zt_ratio_ma5,-0.005735625279861222,-0.03816244387467364,0.5263157894736842,0.004721669980119284,-0.007561909646549194,low
full,cord_60d,-0.005737179780150872,-0.04246197205087989,0.4955268389662028,1.0,-0.004360878140529948,low
full,news_sent_vol_ratio_lag5,-0.00575460383820102,-0.0465928341334029,0.47446236559139787,0.1848906560636183,0.0020121379702161372,low
full,ind_return_max_ma10,-0.005769787870712538,-0.04080521037418999,0.48333333333333334,0.32803180914512925,-0.004304323536295866,low
full,pe_percentile_252d_lag20,-0.0058043113734158385,-0.04627741837900683,0.4833393049086349,0.6935884691848907,-0.008248015495565806,low
full,temporary_impact_std20,-0.005839120369971796,-0.04525242567283489,0.47105346409364124,0.7855367793240556,-0.00531026261230859,low
full,roe_accel_lag10,-0.005853188734660113,-0.04097544839291063,0.48451730418943534,0.6821570576540755,0.009778755879244958,low
full,ret_std_ma5,-0.005871876453954349,-0.03788559079058044,0.48843827819281393,0.6985586481113321,0.0058923863092328835,low
full,sent_consensus,-0.0058733406466078865,-0.047835558938405146,0.477599671187834,0.6046222664015904,-0.008403423292966512,low
full,ind_dispersion_20d_lag1,-0.005912907415154559,-0.03626479308786406,0.4908256880733945,0.10834990059642147,-0.0021262984786431256,low
full,news_sent_x_macd_lag3,-0.005934982199401302,-0.047919514960982935,0.4892086330935252,0.06908548707753479,-0.0018797980670982608,low
full,guba_sent_streak_lag20,-0.0059438864717506305,-0.04845377470511365,0.47506849315068495,0.45352882703777336,-0.009152486401502053,low
full,ind_return_min_ma20,-0.005945579634669807,-0.043610215995369746,0.48444444444444446,0.44731610337972166,0.005581367372203513,low
full,stock_vs_industry_lag20,-0.005963356929014741,-0.023429047251942187,0.4755747126436782,0.5188866799204771,-0.008739408796109288,low
full,sector_breadth_raw_ma20,-0.006004166774977981,-0.03667624213574868,0.4891497687655639,0.6985586481113321,0.0048400775603519314,low
full,news_sent_vol_ratio,-0.006015114338520406,-0.04910742613500568,0.4766355140186916,0.18613320079522863,0.002170969848214262,low
full,guba_sent_accel_lag1,-0.0060185867385037835,-0.051313776065850414,0.4737609329446064,0.5114314115308151,-0.006585682705018994,low
full,sentiment_mean_lag10,-0.006025399077050431,-0.054683872910163606,0.45955882352941174,0.06759443339960239,-0.004659304883587424,low
full,bond_us_10y2y_spread_lag20,-0.00602879357444596,-0.044399413172178895,0.4864212432106216,0.41177932405566603,-0.006248035893292033,low
full,flow_z_ma20,-0.0060337849922766935,-0.0411994005631033,0.4752404702529391,0.6975646123260437,0.0017865639801179893,low
full,board_momentum_mean_ma10_lag1,-0.006038972295920369,-0.06497765750355322,0.5555555555555556,0.0022365805168986083,-0.004576543665049492,low
full,board_momentum_max_ma20_lag1,-0.006038972295920369,-0.06497765750355322,0.5555555555555556,0.0022365805168986083,-0.004576543665049492,low
full,board_momentum_max_ma10_lag1,-0.006038972295920369,-0.06497765750355322,0.5555555555555556,0.0022365805168986083,-0.004576543665049492,low
full,board_momentum_mean_ma20_lag1,-0.006038972295920369,-0.06497765750355322,0.5555555555555556,0.0022365805168986083,-0.004576543665049492,low
full,market_state_volatile_std20_lag10,-0.006039841170441327,-0.04163273643673778,0.6153846153846154,0.0032306163021868788,0.00845488799966151,low
full,market_state_volatile_ma20_lag10,-0.006039841170441327,-0.04163273643673778,0.6153846153846154,0.0032306163021868788,0.008455003291405964,low
full,momentum_20d_ma5_lag1,-0.006057235330786402,-0.037190986288283906,0.47612259444048466,0.6973161033797217,-0.00892265026977932,low
full,stock_vs_industry_lag3,-0.0060931069807214815,-0.023645087913882833,0.49310508796956726,0.5226143141153081,0.002368264304492845,low
full,news_sent_streak_lag2,-0.006094259950766454,-0.04797628328333597,0.48,0.02485089463220676,-0.0028500610832769063,low
full,guba_attention_z_lag2,-0.006110592016941553,-0.050311329376257125,0.48543233082706766,0.5288270377733598,-0.003918525647878095,low
full,idx_change_30d_lag10,-0.006148389115270679,-0.04009284406147834,0.4698905109489051,0.27236580516898606,0.006030002849911462,low
full,news_count_momentum_lag1,-0.006158403632052698,-0.05147249212860519,0.5,0.12375745526838966,0.0017315268802670797,low
full,news_disagreement_lag2,-0.0061661045273610545,-0.05284630463818726,0.5018315018315018,0.06784294234592446,0.0004892986373407963,low
full,news_sent_volume_lag10,-0.0061773353099719335,-0.05606961721806817,0.4522058823529412,0.06759443339960239,-0.004659245206632983,low
full,guba_attention_z_lag1,-0.006205457220927885,-0.05074582411081881,0.4788732394366197,0.5293240556660039,-0.004096735032944584,low
full,change_num,-0.00621459675213526,-0.047401354779395465,0.4792592592592593,0.6709741550695825,-0.005731711476979181,low
full,sector_rrg_quadrant_z20_lag1,-0.006225226826142713,-0.041461668382237915,0.47561863173216884,0.6829025844930418,-0.0030276297800283336,low
full,menv_m1_m2_spread_ma20_lag10,-0.006234554668310964,-0.04581104212778294,0.47174447174447176,0.40457256461232605,0.008273207352659623,low
full,ret_std,-0.006261197151381626,-0.04149747168783323,0.486284289276808,0.6975646123260437,0.002510738316478698,low
full,news_sent_bull_vol_lag10,-0.006262636825437362,-0.056200058594706837,0.4692982456140351,0.05666003976143141,-0.006137753821826288,low
full,flow_momentum_ma20,-0.006275255392750865,-0.0428007406108024,0.4755967224795155,0.6975646123260437,0.0019808213962975705,low
full,stock_vs_industry_ma5,-0.006280825118629287,-0.025186989392485898,0.49406739439962033,0.5236083499005965,-0.0038273446990199785,low
full,menv_us_cn_10y_spread_z20_lag1,-0.0063197888155154475,-0.047150371196359044,0.4841449603624009,0.4388667992047714,-0.0026782807722098524,low
full,bonus_ratio,-0.006324769172310242,-0.05036626137739477,0.47310126582278483,0.15705765407554673,-0.0036150585199738517,low
full,main_ratio_z20,-0.006330511788439961,-0.041040394925490185,0.47634293845606546,0.6985586481113321,0.0001688922029134508,low
full,main_net_z20,-0.006330511788439961,-0.041040394925490185,0.47634293845606546,0.6985586481113321,0.00016888574139235592,low
full,momentum_20d,-0.0063366431155799235,-0.038587175275454744,0.47841598287549053,0.6965705765407555,-0.0005772151380763455,low
full,earnings_surprise_lag5,-0.006346699649501793,-0.038353690763559746,0.4869090909090909,0.6833996023856859,0.0039694971765644165,low
full,news_guba_ratio_lag10,-0.006360195050629547,-0.05476433725693237,0.4714285714285714,0.06958250497017893,-0.008554333330618743,low
full,news_sent_momentum_5d_lag20,-0.0063795775028505555,-0.058014712287496537,0.48068669527896996,0.11580516898608349,-0.0050103385104110654,low
full,menv_bond_10y2y_spread,-0.006380102382576576,-0.03816249024905354,0.48444444444444446,0.05591451292246521,-0.005431576523549209,low
full,bond_cn_10y2y_spread,-0.006380102382576576,-0.03816249024905354,0.48444444444444446,0.05591451292246521,-0.005431576523549209,low
full,high_low_ratio_lag20,-0.00640000588936364,-0.04128906108106938,0.5149253731343284,0.03330019880715706,-0.0009333861524612255,low
full,quality_composite_lag5,-0.006409043624679374,-0.045657009830671454,0.4818181818181818,0.6833996023856859,0.009901148851208772,low
full,momentum_20d_lag2,-0.006416736696628539,-0.039175576068755165,0.4791295041027471,0.6965705765407555,-0.007965111620712633,low
full,change_num_ma5,-0.006417291793661766,-0.04870766389793658,0.47937203358890107,0.6806660039761432,-0.006128687202293027,low
full,menv_m1_m2_spread_std20_lag3,-0.006491603650810154,-0.04802792626715197,0.47737704918032786,0.3789761431411531,-0.001957314935184564,low
full,fx_eur_cny_std20,-0.0065061436948914645,-0.04832328751203234,0.47731188971855254,0.4326540755467197,-0.009546061980583779,low
full,ind_return_max_ma20,-0.006514303442190155,-0.04805009272367351,0.48,0.44731610337972166,-0.006607761254962138,low
full,guba_pos_momentum_lag2,-0.0065247357996777635,-0.058065057833290974,0.47888015717092336,0.5059642147117296,-0.0015740528903989703,low
full,flow_market_cap_adj_z20,-0.006531227972651849,-0.04228573665271571,0.47634293845606546,0.6985586481113321,-1.819998636251011e-05,low
full,guba_sent_volume_lag1,-0.0065320079347874595,-0.05217492219798577,0.48012078510317063,0.4937872763419483,-0.009064029769951267,low
full,flow_intensity_accel,-0.006550638275913536,-0.049078956724672954,0.48343427146419665,0.6975646123260437,-0.005521126157484053,low
full,market_adv_ratio_ma20,-0.006559205442245357,-0.04825782665755844,0.48604910714285715,0.44532803180914515,-0.003256073368270715,low
full,guba_sent_volume,-0.006617834741453457,-0.0536977953754164,0.47434607645875254,0.49403578528827036,-0.0087907221836726,low
full,bonus_ratio_std20,-0.006648623903328025,-0.05331006490669764,0.4761255115961801,0.18215705765407555,-0.0018254184530927958,low
full,sentiment_std_lag2,-0.006655656689098324,-0.05696450774401136,0.4945054945054945,0.06784294234592446,0.00047954243001003166,low
full,ind_dispersion_20d_ma20,-0.0066719428902083525,-0.05007443657196514,0.48324022346368717,0.444831013916501,-0.0062151003419691955,low
full,negative_ratio_std20,-0.006675450754281934,-0.05174991144052679,0.47429305912596403,0.1933399602385686,-0.007343622468929614,low
full,negative_ratio_ma20,-0.006757438057586198,-0.0523500647158636,0.47429305912596403,0.1933399602385686,-0.007338447279416534,low
full,ind_return_min_ma10,-0.006770760958177687,-0.0480553311733203,0.4727272727272727,0.32803180914512925,0.006006178197051704,low
full,news_sent_skew_lag10,-0.006784410170859857,-0.05498039500241396,0.46820027063599456,0.18364811133200795,-0.0066718689318315235,low
full,investor_new_z_lag3,-0.00682171079519007,-0.04253939782989604,0.4752475247524752,0.05019880715705766,-0.0072133259035250625,low
full,ind_pct_up_ma20,-0.006829755186822892,-0.0495183565911457,0.48997772828507796,0.4463220675944334,-0.007735836320103317,low
full,guba_pos_momentum_lag3,-0.006894221489878988,-0.06033950449911986,0.46584766584766585,0.5057157057654076,-0.0030923666506472657,low
full,guba_negative_ratio_lag3,-0.006894396388047959,-0.054434609527003616,0.48036715961244264,0.48732604373757454,-0.009958631873828113,low
full,sent_agree_pos_accel,-0.006946251845579544,-0.057980748962035,0.4797979797979798,0.6888667992047713,-0.006532458009657442,low
full,guba_net_bullish_lag3,-0.0069864578016519815,-0.05816979987320389,0.4773413897280967,0.49353876739562624,-0.00943111804397711,low
full,momentum_20d_ma5,-0.006997280931689628,-0.042763636929282846,0.4720342002137513,0.6975646123260437,-0.00674354306235651,low
full,stock_vs_industry_lag10,-0.007106987569385123,-0.027587003430209554,0.47902764537654907,0.5213717693836978,-0.005191315465331576,low
full,news_sent_reversal_5d_lag5,-0.007108575163022572,-0.059263076789121426,0.456,0.09319085487077534,-0.006114414075504023,low
full,flow_z_ma10,-0.007116028908813678,-0.04858673669478015,0.4816530103313146,0.6975646123260437,-0.0019171702487640343,low
full,flow_momentum_lag3,-0.007122274163193673,-0.05003541339109228,0.48517327617006073,0.6955765407554672,-0.007769292251125976,low
full,flow_z_lag3,-0.007126603732352262,-0.050032252553294625,0.4841014648088603,0.6955765407554672,-0.007430833998625007,low
full,flow_momentum_ma10,-0.007153767019061121,-0.04879494994671244,0.4841467759173495,0.6975646123260437,-0.0019949631261022465,low
full,board_momentum_mean_std20,-0.007166247415948493,-0.03787991441535751,0.5,0.002485089463220676,0.006953952869522757,low
full,board_change_pct_std20,-0.007166247415948493,-0.03787991441535751,0.5,0.002485089463220676,0.006953952869522757,low
full,board_momentum_max_std20,-0.007166247415948493,-0.03787991441535751,0.5,0.002485089463220676,0.006953952869522757,low
full,adxr,-0.007174702760081583,-0.04773172871549256,0.4801192842942346,1.0,0.005546080744964784,low
full,momentum_5d_ma10_lag10,-0.007179533110909194,-0.04441055060517576,0.47407937075437967,0.695079522862823,-0.0019502567706845687,low
full,change_num_z20,-0.00727922777962549,-0.05283275738765369,0.48365122615803813,0.3648111332007952,-0.004802883692680525,low
full,flow_momentum_accel,-0.007286960997992533,-0.049637983424166254,0.47880299251870323,0.6975646123260437,-0.005992006879838144,low
full,volume_lag20,-0.007319986491385828,-0.04318749511692714,0.48111332007952284,1.0,-0.0004924978501429431,low
full,guba_sentiment_mean_lag3,-0.007325194976920068,-0.06098827790938407,0.472809667673716,0.49353876739562624,-0.009514326815286099,low
full,menv_m1_m2_spread_ma10_lag5,-0.007331350938479411,-0.05207716822019768,0.4650047938638543,0.2591948310139165,0.009244496412217827,low
full,ind_return_mean_lag1,-0.007349250200666628,-0.045161688404910166,0.4772727272727273,0.10934393638170974,0.0030916391504559222,low
full,bond_us_10y2y_spread_lag10,-0.00736358725357213,-0.051992613144675764,0.48831587429492346,0.30839960238568587,-0.0016008869642125806,low
full,pe_percentile_252d_lag10,-0.00738797288088636,-0.058937825615093295,0.47304534094966083,0.6960735586481114,-0.007411173934724213,low
full,news_sent_accel_lag2,-0.007400603532895654,-0.059960751667327596,0.46987951807228917,0.1856361829025845,-0.000337481260437099,low
full,change_pct_ma20,-0.007403152663164471,-0.04535968733256022,0.4791889007470651,0.6985586481113321,-0.0025425275516562326,low
full,momentum_5d_ma20,-0.007403241918619715,-0.04551188128555896,0.46740292126825794,0.6975646123260437,-0.008167408319204377,low
full,ind_return_std_ma20,-0.007444512218320467,-0.055550417057509356,0.46944444444444444,0.44731610337972166,-0.0029773615276177485,low
full,flow_z_accel,-0.007492837332174076,-0.05077799553631448,0.47809048806555043,0.6975646123260437,-0.00610990106828495,low
full,sent_dispersion_accel,-0.00754856479581952,-0.06532761114259854,0.46227758007117437,0.69831013916501,-0.002945909165520503,low
full,news_sent_x_roc20_lag20,-0.007610537360132411,-0.06627846574634572,0.48854961832061067,0.06510934393638171,-0.004339079467729347,low
full,lhb_count_5d_accel,-0.007642061598678571,-0.05457442195004597,0.4686832740213523,0.69831013916501,-0.008028913403203372,low
full,wvma_60d,-0.00764262478736242,-0.059582455070366275,0.47564612326043737,1.0,-0.0048601891867646905,low
full,investor_new_z_ma20,-0.007644675780520175,-0.05754470123946473,0.46557377049180326,0.22738568588469185,-0.0038937289895448436,low
full,menv_us_cn_10y_spread_accel_lag1,-0.00765401319399239,-0.056883726777939306,0.4733861834654587,0.4388667992047714,-0.008731715094715656,low
full,guba_neg_momentum_lag5,-0.007674262048104859,-0.06508283051903935,0.46520874751491054,0.5,-0.0006630950013634197,low
full,guba_sent_accel,-0.007684819422095923,-0.06444590614561554,0.4662457503642545,0.5116799204771372,-0.006559969248069414,low
full,stock_vs_industry_ma20,-0.007805486839477943,-0.03146784812837537,0.4817621980104216,0.5246023856858847,-0.0064121873724867695,low
full,change_ratio_z20,-0.00782437858947358,-0.056793929484815694,0.47332421340629277,0.3633200795228628,-0.0043531425103755395,low
full,is_sector_leader,-0.007871333200698872,-0.052912675538007665,0.45966620305980527,0.3573558648111332,-0.004120738414612074,low
full,guba_sent_x_roc20,-0.007898771086336253,-0.06660285872394625,0.4856567689984902,0.4937872763419483,-0.007319828704728281,low
full,guba_sent_x_roc20_lag3,-0.007928430842201772,-0.06662793888529399,0.472544080604534,0.4932902584493042,-0.0054625054009747554,low
full,menv_m1_m2_spread_ma10_lag10,-0.007932780315962744,-0.05730605679659024,0.46011754827875734,0.2959741550695825,0.009107244316845179,low
full,main_ratio_accel,-0.00793285139863461,-0.05162700242007448,0.47634293845606546,0.6985586481113321,-0.007461071286152617,low
full,main_net_accel,-0.00793285139863461,-0.05162700242007448,0.47634293845606546,0.6985586481113321,-0.007461070491261634,low
full,guba_sent_streak_lag3,-0.007966441549806358,-0.06478804740089192,0.4717698154180239,0.4577534791252485,-0.009821635259229678,low
full,rsqr_5d,-0.00797947438943835,-0.05320071639562279,0.48185884691848907,1.0,0.0004991868232487011,low
full,menv_m1_m2_spread_ma20_lag5,-0.008078586295937835,-0.058467148317812724,0.4613333333333333,0.3727634194831014,0.008285123004638337,low
full,menv_m1_m2_spread_ma10_lag3,-0.008090873216967486,-0.057011357996966244,0.4670846394984326,0.23782306163021869,0.009623801573232265,low
full,margin_balance_accel,-0.00812954359124419,-0.05286727523932517,0.48261238337574214,0.8789761431411531,-0.005972319662189197,low
full,bond_us_10y2y_spread_lag5,-0.00813251233245706,-0.05458293075550497,0.463882618510158,0.2201789264413519,-0.0008250632204616689,low
full,menv_m1_m2_spread_ma10_lag20,-0.008141384039631286,-0.06040653336011571,0.47467438494934877,0.34343936381709744,0.007842194452553113,low
full,news_sent_reversal_5d_lag10,-0.00818076417527447,-0.06914139870358521,0.4540540540540541,0.091948310139165,-0.006928809595746791,low
full,ann_count_ma10,-0.00818817375080171,-0.06913039145286756,0.4752757025969406,0.6985586481113321,-0.00976219236710075,low
full,bond_cn_5y_std20,-0.00824508169875319,-0.06030128145588516,0.4749279538904899,0.4311630218687873,-0.007573169669165049,low
full,lhb_buy_ratio_lag10,-0.0082460826929054,-0.05796498445693189,0.4755529685681024,0.4269383697813121,-0.0017692003358234117,low
full,lhb_present_lag10,-0.008265728977337235,-0.05812228000075528,0.4708963911525029,0.4269383697813121,-0.001782748050491308,low
full,bond_us_10y2y_spread_lag2,-0.008348485822974672,-0.05341930139901516,0.4619771863117871,0.13071570576540756,-0.00014479732019906066,low
full,sentiment_mean_ma10,-0.008349701576341868,-0.07186671590619043,0.4527363184079602,0.14985089463220677,-0.005312654525829628,low
full,menv_m1_m2_spread_ma5_lag5,-0.008373681966910157,-0.05815914353162529,0.4782608695652174,0.18290258449304175,0.009238929388057199,low
full,investor_new_z_lag2,-0.008414412049949768,-0.05279954448299916,0.4620253164556962,0.03926441351888668,-0.007141540046342076,low
full,fx_gbp_cny_std20,-0.008556799870551603,-0.06472703599108481,0.48099078341013823,0.43141153081510936,-0.006354738179184309,low
full,flow_momentum_ma5,-0.008577599914456635,-0.057804184377537704,0.47452796579978623,0.6975646123260437,-0.005082533328493871,low
full,guba_sent_x_roc20_lag2,-0.008586404024413746,-0.071786188771131,0.473313192346425,0.49353876739562624,-0.006155217222610429,low
full,ind_return_min_lag3,-0.008590914720300734,-0.05638577748409662,0.4772117962466488,0.18538767395626243,-0.0060657203539062655,low
full,flow_market_cap_adj_accel,-0.008647475012517674,-0.05648219486983076,0.4781216648879402,0.6985586481113321,-0.008633820267980716,low
full,flow_z_ma5,-0.008666095615172259,-0.05816489938444308,0.47239045244032773,0.6975646123260437,-0.004643119422387548,low
full,news_pos_momentum_lag1,-0.008681859859442368,-0.07137152425093503,0.4737903225806452,0.12326043737574553,-0.0024778628592402874,low
full,lhb_is_sustained_lag20,-0.008708327688120911,-0.06646790775137984,0.46055045871559636,0.13543737574552683,6.898731535471677e-05,low
full,board_momentum_mean_lag2,-0.008767129214802868,-0.13298890073740777,0.5,0.0004970178926441351,-0.005269349902592722,low
full,board_momentum_max_lag2,-0.008767129214802868,-0.13298890073740777,0.5,0.0004970178926441351,-0.005269349902592722,low
full,news_sent_accel_lag1,-0.008779087867775733,-0.07244876707113325,0.4799465240641711,0.18588469184890655,-0.0017891900989815846,low
full,news_sent_momentum_5d_lag3,-0.008832239524082396,-0.07691491014186647,0.484472049689441,0.12002982107355865,-0.005566242499543803,low
full,sentiment_std_lag10,-0.008860322478343294,-0.07897046639820451,0.47368421052631576,0.06610337972166998,-0.003837997422674762,low
full,guba_sent_volume_lag3,-0.008865225898226615,-0.07318943981861258,0.4702920443101712,0.49353876739562624,-0.009882114829185752,low
full,menv_m1_m2_spread_ma10,-0.008894977578675155,-0.06214320736605285,0.47335811648079307,0.20054671968190854,0.008771160484067083,low
full,ind_dispersion_20d_std20,-0.008930404261767097,-0.06498309322186496,0.47094972067039104,0.444831013916501,-0.0006113513959725618,low
full,news_sent_extreme_lag3,-0.008951818560475028,-0.06956995972961669,0.45323741007194246,0.06908548707753479,-0.0038299581792514545,low
full,guba_sent_streak_lag10,-0.008965141240982258,-0.0741563654496052,0.4749182115594329,0.455765407554672,-0.009254233583882951,low
full,negative_ratio_lag5,-0.008991753884514453,-0.07558220456934929,0.4403292181069959,0.060387673956262426,-0.005090455227616942,low
full,menv_bond_10y2y_spread_std20_lag2,-0.009082016382496295,-0.06868228868611742,0.47377232142857145,0.44532803180914515,-0.006665930570240691,low
full,lhb_present_lag20,-0.009090109702190916,-0.06730591254038243,0.4641399416909621,0.42619284294234594,-0.002695768326791009,low
full,lhb_buy_ratio_lag20,-0.009124297047899979,-0.0675459861984913,0.46530612244897956,0.42619284294234594,-0.0026882608916194567,low
full,news_sent_momentum_5d_lag2,-0.009145499512269822,-0.07910791502954723,0.45661157024793386,0.12027833001988071,-0.003932338684309553,low
full,menv_bond_10y2y_spread_std20_lag1,-0.00914834427787623,-0.06818664174293446,0.4756235827664399,0.4383697813121272,-0.00657937163391724,low
full,news_disagreement_lag10,-0.009166360531180353,-0.08197460702301919,0.47368421052631576,0.06610337972166998,-0.0038437802116271947,low
full,news_disagreement_lag5,-0.009257761809403861,-0.07814471999706982,0.44074074074074077,0.06709741550695825,-0.003014864651546733,low
full,guba_sent_x_macd_lag1,-0.009279911401494078,-0.07720249411283964,0.4680422747861097,0.4937872763419483,-0.005296447540335601,low
full,news_sent_x_roc20_lag2,-0.009289846149724055,-0.07936222807166687,0.45126353790613716,0.06883697813121273,-0.0032936380736592343,low
full,lhb_count_5d_lag20,-0.00929373763377166,-0.0669747878547874,0.47112462006079026,0.6540755467196819,-0.002658091185302547,low
full,sentiment_std_lag5,-0.009294446540830448,-0.0782350163490136,0.42592592592592593,0.06709741550695825,-0.003018668346804091,low
full,ann_count_ma5,-0.009419983258765233,-0.07988498956611302,0.4615658362989324,0.69831013916501,-0.0074357867168237946,low
full,menv_m1_m2_spread_ma5_lag20,-0.009422220333699374,-0.06975697215836905,0.4609865470852018,0.27708747514910537,0.008029043814697887,low
full,ind_return_mean_lag2,-0.009442901680843415,-0.06118758245431911,0.47088186356073214,0.14935387673956263,-0.006515221147513718,low
full,lhb_is_wave_lag20,-0.009508975015640107,-0.07053881378362457,0.45708582834331335,0.12450298210735586,-0.00084698145427787,low
full,ind_return_min_lag2,-0.009512170113139071,-0.061179149859058146,0.47420965058236275,0.14935387673956263,0.009057152658069246,low
full,shibor_1Y_std20,-0.009525713796593636,-0.07097337874632885,0.46344925479063165,0.35014910536779326,-0.009753158777227107,low
full,negative_ratio_ma5,-0.00954234110096081,-0.07847466748648681,0.48261758691206547,0.12152087475149105,-0.0023998301315251605,low
full,menv_m1_m2_spread_ma5_lag3,-0.009560695270331881,-0.065600282393949,0.4669811320754717,0.15805168986083498,0.009053684252884543,low
full,menv_m1_m2_spread_ma10_lag2,-0.009569125983370716,-0.0663583266744594,0.46263736263736266,0.2261431411530815,0.009598162385652483,low
full,menv_m1_m2_spread_ma20,-0.009616424296271199,-0.06900283231989607,0.4530428249436514,0.330765407554672,0.009081069741981806,low
full,news_count_lag10,-0.009630328272053556,-0.08289578922688551,0.4785714285714286,0.06958250497017893,-0.008576487238164579,low
full,pe_percentile_252d_lag5,-0.0096596913711789,-0.07603863919915796,0.4689950106913756,0.6973161033797217,-0.007131629422168141,low
full,menv_m1_m2_spread_ma10_lag1,-0.00967817712304526,-0.06712043787626198,0.4686046511627907,0.21371769383697814,0.00945343602364702,low
full,negative_ratio_ma10,-0.00968219545234862,-0.07873126565374465,0.4627831715210356,0.15357852882703776,-0.005238003611357125,low
full,bond_cn_30y_std20,-0.009722664787259628,-0.07279114143870798,0.46835443037974683,0.43190854870775347,-0.004811326884670836,low
full,main_ratio,-0.009738377795807315,-0.0613974743895054,0.476275419193721,0.6965705765407555,-0.002283908238485116,low
full,main_net,-0.009738377795807315,-0.0613974743895054,0.476275419193721,0.6965705765407555,-0.0022839057863596373,low
full,guba_count_momentum,-0.009803858144348147,-0.08196158523311221,0.46779661016949153,0.5131709741550696,-0.0020337241616937016,low
full,has_announce_ma5,-0.009915198614485546,-0.0833652194453808,0.45516014234875446,0.69831013916501,-0.00849458277967614,low
full,positive_ratio_lag3,-0.009922081442584146,-0.07960692386974264,0.45787545787545786,0.06784294234592446,-0.005557748702962357,low
full,concept_momentum_12m_accel_lag1,,,,0.0,,low
full,day_of_month,,,,0.0,-0.007159379900526157,low
full,concept_momentum_3m_lag20,,,,0.0,,low
full,margin_net_std20,,,,0.0,,low
full,market_state_frenzy_accel,,,,0.0,,low
full,concept_momentum_3m_ma20_lag20,,,,0.0,,low
full,concept_momentum_12m_ma5_lag2,,,,0.0,,low
full,market_state_ice_ma10_lag20,,,,0.0,,low
full,cb_1_ma5_lag3,,,,0.0,0.00018619123279373125,low
full,market_state_strong_ma5_lag5,,,,0.0,,low
full,sector_relative_strength_std20,,,,0.0,,low
full,comment_trend_ma5,,,,0.0,,low
full,day_of_week,,,,0.0,0.009924854006958306,low
full,bt_count_20d_ma20,,,,0.0,0.008470646062307947,low
full,market_state_frenzy_ma20_lag10,,,,0.0,,low
full,mid_net_accel,,,,0.0,,low
full,market_state_frenzy_ma5_lag2,,,,0.0,,low
full,market_state_ice_ma5,,,,0.0,,low
full,cb_1_ma5_lag20,,,,0.0,,low
full,board_count_lag20,,,,0.0,,low
full,market_state_ice_accel_lag1,,,,0.0,,low
full,market_state_strong_ma5_lag3,,,,0.0,,low
full,concept_momentum_6m_ma10_lag2,,,,0.0,,low
full,super_ratio_ma5,,,,0.0,,low
full,dividend_growth_ma5,,,,0.0,,low
full,concept_momentum_6m_accel_lag3,,,,0.0,,low
full,concept_momentum_3m_std20_lag5,,,,0.0,,low
full,super_net_ma10,,,,0.0,,low
full,cb_1_ma10_lag10,,,,0.0,,low
full,cb_1_ma10_lag3,,,,0.0,-0.0001478797520772284,low
full,is_concept_leader_ma5,,,,0.0,,low
full,concept_momentum_3m_lag1,,,,0.0,,low
full,concept_momentum_12m_lag3,,,,0.0,,low
full,pledge_ratio_z20,,,,0.0,0.009411818331517283,low
full,market_state_frenzy_accel_lag5,,,,0.0,,low
full,concept_momentum_6m_lag10,,,,0.0,,low
full,large_net_ma20,,,,0.0,,low
full,concept_momentum_3m_accel_lag1,,,,0.0,,low
full,market_state_frenzy_ma5_lag10,,,,0.0,,low
full,concept_momentum_12m_accel_lag5,,,,0.0,,low
full,comment_attention_lag5,,,,0.0,,low
full,concept_momentum_6m_lag5,,,,0.0,,low
full,margin_net_accel,,,,0.0,,low
full,sector_relative_strength_lag20,,,,0.0,,low
full,market_state_strong_ma20_lag1,,,,0.0,,low
full,super_net_ma20,,,,0.0,,low
full,market_state_ice_lag10,,,,0.0,,low
full,market_state_strong_ma5_lag20,,,,0.0,,low
full,cb_1_accel_lag5,,,,0.0,0.003205792064571264,low
full,comment_institution_accel,,,,0.0,,low
full,concept_momentum_12m_std20_lag10,,,,0.0,,low
full,concept_momentum_12m_ma5_lag5,,,,0.0,,low
full,cb_1_ma5_lag2,,,,0.0,0.0036171148179841364,low
full,mid_net_ma10,,,,0.0,,low
full,cb_1_accel_lag3,,,,0.0,0.0005629169495921132,low
full,concept_momentum_3m_ma5_lag10,,,,0.0,,low
full,cb_1_ma20,,,,0.0,0.005490255866512482,low
full,concept_momentum_3m_ma10_lag5,,,,0.0,,low
full,comment_trend_lag1,,,,0.0,,low
full,market_state_ice,,,,0.0,,low
full,comment_attention_lag2,,,,0.0,,low
full,market_state_frenzy_ma10,,,,0.0,,low
full,concept_momentum_6m_ma5_lag3,,,,0.0,,low
full,comment_institution,,,,0.0,,low
full,board_momentum_max_ma20_lag10,,,,0.0,,low
full,market_state_frenzy_ma10_lag5,,,,0.0,,low
full,market_state_strong_ma20,,,,0.0,,low
full,market_state_strong_std20_lag20,,,,0.0,,low
full,market_state_strong_std20_lag5,,,,0.0,,low
full,concept_momentum_3m_accel_lag3,,,,0.0,,low
full,margin_net_lag10,,,,0.0,,low
full,market_state_ice_std20_lag3,,,,0.0,,low
full,month,,,,0.0,-0.006941900497905962,low
full,comment_attention_std20,,,,0.0,,low
full,concept_momentum_12m_ma10_lag2,,,,0.0,,low
full,concept_momentum_12m_ma10_lag1,,,,0.0,,low
full,market_state_strong_ma5_lag1,,,,0.0,,low
full,concept_momentum_12m_std20_lag3,,,,0.0,,low
full,mid_net_ma5,,,,0.0,,low
full,comment_trend_std20,,,,0.0,,low
full,board_momentum_max_ma5_lag10,,,,0.0,,low
full,board_momentum_mean_ma10_lag10,,,,0.0,,low
full,concept_momentum_3m_ma10_lag1,,,,0.0,,low
full,market_state_strong_ma5_lag2,,,,0.0,,low
full,market_state_ice_ma10,,,,0.0,,low
full,sent_dispersion_z20,,,,0.0,0.0009414884256997019,low
full,cb_1_ma10_lag1,,,,0.0,0.006861115245180328,low
full,total_amount_z20,,,,0.0,-0.004845955879825392,low
full,small_net_accel,,,,0.0,,low
full,bt_count_20d_ma10,,,,0.0,0.0017435075964547491,low
full,market_state_ice_accel_lag3,,,,0.0,,low
full,market_state_strong_ma10_lag20,,,,0.0,,low
full,avg_concept_heat_lag20,,,,0.0,,low
full,total_volume_z20,,,,0.0,-0.006770245800566369,low
full,transfer_ratio,,,,0.0,,low
full,comment_trend_lag10,,,,0.0,,low
full,market_state_ice_lag2,,,,0.0,,low
full,market_state_ice_std20_lag20,,,,0.0,,low
full,cb_1_lag10,,,,0.0,,low
full,transfer_ratio_std20,,,,0.0,,low
full,board_overlap_score_lag20,,,,0.0,,low
full,concept_momentum_6m_ma10_lag3,,,,0.0,,low
full,comment_trend,,,,0.0,,low
full,transfer_ratio_ma20,,,,0.0,,low
full,cb_0_accel_lag20,,,,0.0,,low
full,concept_momentum_3m_ma5_lag3,,,,0.0,,low
full,concept_momentum_3m_std20_lag20,,,,0.0,,low
full,concept_momentum_6m_ma5_lag2,,,,0.0,,low
full,comment_trend_accel,,,,0.0,,low
full,concept_momentum_6m_lag2,,,,0.0,,low
full,sector_relative_strength_accel,,,,0.0,,low
full,market_state_frenzy_lag20,,,,0.0,,low
full,cb_0_accel_lag10,,,,0.0,,low
full,concept_momentum_6m_accel,,,,0.0,,low
full,concept_momentum_6m_lag20,,,,0.0,,low
full,concept_momentum_3m_accel_lag20,,,,0.0,,low
full,market_state_frenzy_ma10_lag20,,,,0.0,,low
full,market_state_frenzy_ma10_lag1,,,,0.0,,low
full,large_net_ma10,,,,0.0,,low
full,comment_institution_lag1,,,,0.0,,low
full,market_state_frenzy_lag2,,,,0.0,,low
full,market_state_ice_ma20_lag10,,,,0.0,,low
full,super_ratio_ma10,,,,0.0,,low
full,market_state_strong_accel_lag10,,,,0.0,,low
full,market_state_ice_lag20,,,,0.0,,low
full,concept_momentum_3m_accel_lag10,,,,0.0,,low
full,bt_count_20d_ma5,,,,0.0,0.000759270316050296,low
full,super_ratio,,,,0.0,,low
full,board_momentum_max_ma10_lag10,,,,0.0,,low
full,avg_concept_heat_lag10,,,,0.0,,low
full,small_ratio_ma20,,,,0.0,,low
full,concept_momentum_6m_ma10_lag20,,,,0.0,,low
full,concept_momentum_6m_ma20,,,,0.0,,low
full,concept_momentum_12m_ma5_lag1,,,,0.0,,low
full,sector_relative_strength_ma5,,,,0.0,,low
full,market_state_strong_lag1,,,,0.0,,low
full,market_state_frenzy,,,,0.0,,low
full,market_state_strong_ma10_lag2,,,,0.0,,low
full,market_state_frenzy_ma20_lag1,,,,0.0,,low
full,concept_momentum_12m_ma20_lag10,,,,0.0,,low
full,concept_momentum_12m_ma20_lag5,,,,0.0,,low
full,board_momentum_mean_ma5_lag20,,,,0.0,,low
full,cb_0_ma5_lag20,,,,0.0,,low
full,concept_momentum_3m,,,,0.0,,low
full,large_minus_small_accel,,,,0.0,,low
full,comment_institution_std20,,,,0.0,,low
full,market_state_strong,,,,0.0,,low
full,comment_attention_ma10,,,,0.0,,low
full,large_minus_small_ma5,,,,0.0,,low
full,market_state_strong_ma10,,,,0.0,,low
full,dividend_growth_std20,,,,0.0,,low
full,cb_1_std20_lag3,,,,0.0,-0.00015170792082863592,low
full,super_ratio_accel,,,,0.0,,low
full,concept_momentum_3m_lag5,,,,0.0,,low
full,cb_1_ma20_lag10,,,,0.0,,low
full,super_ratio_ma20,,,,0.0,,low
full,market_state_frenzy_ma5_lag3,,,,0.0,,low
full,concept_momentum_6m_ma10_lag1,,,,0.0,,low
full,mid_ratio_ma5,,,,0.0,,low
full,sector_alpha_accel,,,,0.0,,low
full,super_net_accel,,,,0.0,,low
full,bt_last_direction_accel,,,,0.0,-0.007884113810702066,low
full,broad_main_net_ma5,,,,0.0,,low
full,concept_momentum_3m_accel_lag5,,,,0.0,,low
full,market_state_frenzy_std20,,,,0.0,,low
full,concept_momentum_12m_std20_lag5,,,,0.0,,low
full,concept_momentum_3m_ma20_lag10,,,,0.0,,low
full,margin_net_ma20,,,,0.0,,low
full,concept_momentum_12m_accel_lag10,,,,0.0,,low
full,transfer_ratio_accel,,,,0.0,,low
full,board_momentum_max_lag20,,,,0.0,,low
full,market_state_ice_accel_lag20,,,,0.0,,low
full,cb_1_ma20_lag20,,,,0.0,,low
full,comment_trend_ma10,,,,0.0,,low
full,sector_relative_strength_lag2,,,,0.0,,low
full,market_state_strong_std20_lag3,,,,0.0,,low
full,cb_0_ma20_lag20,,,,0.0,,low
full,cb_1_std20_lag2,,,,0.0,0.0033052517256616583,low
full,board_momentum_mean_ma10_lag20,,,,0.0,,low
full,sector_relative_strength_lag1,,,,0.0,,low
full,market_state_strong_accel_lag2,,,,0.0,,low
full,concept_momentum_3m_ma20_lag2,,,,0.0,,low
full,board_momentum_mean_lag10,,,,0.0,,low
full,is_concept_leader_lag10,,,,0.0,,low
full,market_state_frenzy_std20_lag20,,,,0.0,,low
full,concept_momentum_3m_std20_lag1,,,,0.0,,low
full,cb_0_lag20,,,,0.0,,low
full,market_state_frenzy_accel_lag10,,,,0.0,,low
full,market_state_ice_ma5_lag5,,,,0.0,,low
full,concept_momentum_3m_ma5_lag1,,,,0.0,,low
full,board_momentum_max_ma5_lag20,,,,0.0,,low
full,mid_net_ma20,,,,0.0,,low
full,plan_stage_encoded_ma10,,,,0.0,,low
full,cb_1_ma10,,,,0.0,0.005490255866512482,low
full,concept_momentum_3m_ma10_lag3,,,,0.0,,low
full,sector_alpha_ma20,,,,0.0,,low
full,cb_1_ma5_lag10,,,,0.0,,low
full,concept_momentum_12m_lag20,,,,0.0,,low
full,dual_concentration_signal_z20,,,,0.0,0.007919759723087009,low
full,market_state_strong_accel_lag3,,,,0.0,,low
full,cb_1_lag3,,,,0.0,0.004745520718973432,low
full,concept_momentum_3m_std20_lag3,,,,0.0,,low
full,market_state_strong_lag3,,,,0.0,,low
full,plan_stage_encoded_accel,,,,0.0,,low
full,broad_main_net_ma10,,,,0.0,,low
full,concept_momentum_6m_ma20_lag1,,,,0.0,,low
full,concept_momentum_12m_ma20_lag3,,,,0.0,,low
full,dividend_growth_ma20,,,,0.0,,low
full,cb_1_ma5_lag5,,,,0.0,0.003205792064571264,low
full,market_state_ice_accel,,,,0.0,,low
full,large_ratio,,,,0.0,,low
full,broad_main_net_ma20,,,,0.0,,low
full,sector_alpha,,,,0.0,,low
full,margin_net_lag1,,,,0.0,,low
full,market_state_strong_ma20_lag2,,,,0.0,,low
full,market_state_strong_ma20_lag20,,,,0.0,,low
full,board_overlap_score_lag10,,,,0.0,,low
full,is_concept_leader_lag5,,,,0.0,,low
full,small_ratio_ma10,,,,0.0,,low
full,concept_momentum_6m_std20,,,,0.0,,low
full,market_state_frenzy_accel_lag2,,,,0.0,,low
full,market_state_frenzy_lag5,,,,0.0,,low
full,board_count_lag10,,,,0.0,,low
full,market_state_ice_ma10_lag5,,,,0.0,,low
full,cb_1_ma10_lag5,,,,0.0,0.003205792064571264,low
full,plan_stage_encoded_ma5,,,,0.0,,low
full,market_state_ice_accel_lag5,,,,0.0,,low
full,market_state_frenzy_std20_lag3,,,,0.0,,low
full,mid_ratio_accel,,,,0.0,,low
full,bt_intensity_20d_ma20,,,,0.0,0.009806331685848626,low
full,margin_net_ma5,,,,0.0,,low
full,concept_momentum_6m_ma10_lag10,,,,0.0,,low
full,concept_momentum_6m_ma5_lag20,,,,0.0,,low
full,concept_momentum_12m_ma20_lag1,,,,0.0,,low
full,concept_momentum_6m_accel_lag5,,,,0.0,,low
full,concept_momentum_12m_ma20,,,,0.0,,low
full,market_state_ice_ma5_lag20,,,,0.0,,low
full,concept_momentum_6m_lag3,,,,0.0,,low
full,concept_momentum_6m_ma5_lag5,,,,0.0,,low
full,concept_momentum_3m_std20,,,,0.0,,low
full,market_state_frenzy_ma20_lag3,,,,0.0,,low
full,large_net_accel,,,,0.0,,low
full,market_state_strong_std20,,,,0.0,,low
full,market_state_ice_ma20_lag5,,,,0.0,,low
full,large_net,,,,0.0,,low
full,concept_momentum_3m_ma10_lag10,,,,0.0,,low
full,sector_relative_strength_lag5,,,,0.0,,low
full,concept_momentum_12m_std20_lag1,,,,0.0,,low
full,board_momentum_mean_lag20,,,,0.0,,low
full,margin_net_lag5,,,,0.0,,low
full,market_state_strong_ma20_lag3,,,,0.0,,low
full,is_concept_leader_lag2,,,,0.0,,low
full,dividend_growth,,,,0.0,,low
full,concept_momentum_12m_ma10,,,,0.0,,low
full,concept_momentum_3m_ma20_lag1,,,,0.0,,low
full,market_state_ice_lag5,,,,0.0,,low
full,concept_momentum_12m_ma5_lag10,,,,0.0,,low
full,market_state_frenzy_ma20_lag5,,,,0.0,,low
full,market_state_strong_ma10_lag10,,,,0.0,,low
full,cb_1_std20_lag1,,,,0.0,0.006856767661762558,low
full,market_state_frenzy_accel_lag3,,,,0.0,,low
full,market_state_ice_ma5_lag3,,,,0.0,,low
full,market_state_ice_ma20_lag2,,,,0.0,,low
full,cb_1_std20,,,,0.0,0.00549692501773866,low
full,plan_stage_encoded_ma20,,,,0.0,,low
full,market_state_strong_std20_lag10,,,,0.0,,low
full,concept_momentum_6m_ma20_lag2,,,,0.0,,low
full,concept_momentum_6m_ma20_lag5,,,,0.0,,low
full,margin_net_ma10,,,,0.0,,low
full,mid_ratio_ma20,,,,0.0,,low
full,cb_1_accel,,,,0.0,0.0010826390716115063,low
full,small_ratio_std20,,,,0.0,,low
full,bt_count_20d_std20,,,,0.0,0.00962993207786953,low
full,concept_momentum_3m_accel_lag2,,,,0.0,,low
full,large_ratio_std20,,,,0.0,,low
full,market_state_frenzy_lag3,,,,0.0,,low
full,bt_last_direction_ma20,,,,0.0,0.00955573244931018,low
full,super_net_ma5,,,,0.0,,low
full,market_state_ice_ma20_lag3,,,,0.0,,low
full,cb_1_std20_lag5,,,,0.0,0.0032060932213582426,low
full,concept_momentum_3m_ma10,,,,0.0,,low
full,bt_count_20d,,,,0.0,-0.0033575476365861104,low
full,cb_0_ma5_lag10,,,,0.0,,low
full,large_minus_small_std20,,,,0.0,,low
full,board_momentum_max_accel_lag20,,,,0.0,,low
full,super_net_std20,,,,0.0,,low
full,sector_alpha_std20,,,,0.0,,low
full,concept_momentum_12m_ma5_lag20,,,,0.0,,low
full,comment_trend_lag3,,,,0.0,,low
full,comment_institution_lag20,,,,0.0,,low
full,concept_momentum_6m_lag1,,,,0.0,,low
full,market_state_ice_ma5_lag1,,,,0.0,,low
full,board_momentum_max_std20_lag20,,,,0.0,,low
full,concept_momentum_6m,,,,0.0,,low
full,market_state_strong_ma10_lag3,,,,0.0,,low
full,large_ratio_ma10,,,,0.0,,low
full,cb_1_lag2,,,,0.0,0.009596038933879949,low
full,comment_attention_lag10,,,,0.0,,low
full,market_state_strong_ma20_lag10,,,,0.0,,low
full,market_state_ice_std20_lag5,,,,0.0,,low
full,market_state_ice_std20_lag2,,,,0.0,,low
full,comment_attention,,,,0.0,,low
full,market_state_strong_ma5_lag10,,,,0.0,,low
full,sector_relative_strength,,,,0.0,,low
full,board_momentum_max_std20_lag10,,,,0.0,,low
full,market_state_strong_accel_lag20,,,,0.0,,low
full,small_net,,,,0.0,,low
full,board_momentum_mean_ma20_lag10,,,,0.0,,low
full,comment_institution_ma10,,,,0.0,,low
full,market_state_ice_ma20,,,,0.0,,low
full,concept_momentum_3m_ma5_lag20,,,,0.0,,low
full,board_momentum_max_ma10_lag20,,,,0.0,,low
full,transfer_ratio_ma10,,,,0.0,,low
full,dividend_growth_ma10,,,,0.0,,low
full,market_state_strong_accel,,,,0.0,,low
full,large_ratio_ma20,,,,0.0,,low
full,is_concept_leader_lag20,,,,0.0,,low
full,comment_trend_lag20,,,,0.0,,low
full,concept_momentum_6m_ma10_lag5,,,,0.0,,low
full,is_concept_leader,,,,0.0,,low
full,is_concept_leader_lag1,,,,0.0,,low
full,mid_net,,,,0.0,,low
full,market_state_strong_accel_lag5,,,,0.0,,low
full,concept_momentum_12m_std20_lag20,,,,0.0,,low
full,concept_momentum_3m_ma20,,,,0.0,,low
full,market_state_strong_lag2,,,,0.0,,low
full,comment_attention_accel,,,,0.0,,low
full,concept_momentum_12m_lag2,,,,0.0,,low
full,pledge_margin_dist_z20,,,,0.0,-0.002692419036411033,low
full,cb_1_std20_lag10,,,,0.0,,low
full,concept_momentum_6m_std20_lag3,,,,0.0,,low
full,concept_momentum_6m_std20_lag5,,,,0.0,,low
full,concept_momentum_12m_ma10_lag10,,,,0.0,,low
full,small_ratio_ma5,,,,0.0,,low
full,plan_stage_encoded_std20,,,,0.0,,low
full,comment_trend_lag2,,,,0.0,,low
full,small_ratio_accel,,,,0.0,,low
full,comment_attention_ma20,,,,0.0,,low
full,cb_1_ma20_lag1,,,,0.0,0.006861115245180328,low
full,trade_count_z20,,,,0.0,0.005036258647075104,low
full,concept_momentum_3m_lag10,,,,0.0,,low
full,market_state_strong_accel_lag1,,,,0.0,,low
full,market_state_frenzy_lag1,,,,0.0,,low
full,concept_momentum_6m_std20_lag2,,,,0.0,,low
full,margin_net,,,,0.0,,low
full,bt_last_direction_std20,,,,0.0,0.002533946157552677,low
full,concept_momentum_12m_accel,,,,0.0,,low
full,concept_momentum_6m_ma20_lag10,,,,0.0,,low
full,market_state_frenzy_std20_lag10,,,,0.0,,low
full,comment_attention_lag1,,,,0.0,,low
full,board_momentum_mean_accel_lag10,,,,0.0,,low
full,concept_momentum_3m_ma5_lag2,,,,0.0,,low
full,small_net_std20,,,,0.0,,low
full,bt_last_direction_ma5,,,,0.0,0.00783452437409258,low
full,concept_momentum_6m_ma10,,,,0.0,,low
full,market_state_ice_ma10_lag10,,,,0.0,,low
full,sector_alpha_ma5,,,,0.0,,low
full,sent_consensus_z20,,,,0.0,0.001091580276811898,low
full,concept_momentum_3m_ma5,,,,0.0,,low
full,concept_momentum_3m_lag2,,,,0.0,,low
full,board_momentum_mean_std20_lag20,,,,0.0,,low
full,market_state_strong_std20_lag1,,,,0.0,,low
full,market_state_strong_ma5,,,,0.0,,low
full,market_state_frenzy_ma20_lag20,,,,0.0,,low
full,cb_0_ma20_lag10,,,,0.0,,low
full,market_state_strong_ma10_lag5,,,,0.0,,low
full,market_state_ice_std20_lag10,,,,0.0,,low
full,cb_0_std20_lag20,,,,0.0,,low
full,comment_trend_lag5,,,,0.0,,low
full,concept_momentum_3m_ma10_lag2,,,,0.0,,low
full,concept_momentum_12m_ma5,,,,0.0,,low
full,market_state_strong_lag5,,,,0.0,,low
full,concept_momentum_3m_lag3,,,,0.0,,low
full,large_net_ma5,,,,0.0,,low
full,market_state_ice_ma10_lag1,,,,0.0,,low
full,large_minus_small,,,,0.0,,low
full,comment_institution_ma5,,,,0.0,,low
full,cb_1,,,,0.0,-0.00337864523093697,low
full,is_concept_leader_lag3,,,,0.0,,low
full,small_net_ma20,,,,0.0,,low
full,broad_main_net_std20,,,,0.0,,low
full,plan_stage_encoded,,,,0.0,,low
full,sector_relative_strength_ma20,,,,0.0,,low
full,large_minus_small_ma10,,,,0.0,,low
full,concept_momentum_3m_std20_lag2,,,,0.0,,low
full,concept_momentum_12m_accel_lag2,,,,0.0,,low
full,board_momentum_max_accel_lag10,,,,0.0,,low
full,market_state_ice_ma20_lag1,,,,0.0,,low
full,cb_0_ma10_lag10,,,,0.0,,low
full,concept_momentum_12m_accel_lag3,,,,0.0,,low
full,has_hot_board_lag10,,,,0.0,,low
full,cb_0_lag10,,,,0.0,,low
full,comment_institution_lag10,,,,0.0,,low
full,concept_momentum_6m_ma20_lag3,,,,0.0,,low
full,dividend_growth_accel,,,,0.0,,low
full,market_state_ice_ma10_lag3,,,,0.0,,low
full,concept_momentum_12m_ma20_lag2,,,,0.0,,low
full,market_state_frenzy_ma20,,,,0.0,,low
full,market_state_ice_accel_lag10,,,,0.0,,low
full,bt_intensity_20d_ma5,,,,0.0,0.001561742779302729,low
full,comment_institution_lag5,,,,0.0,,low
full,market_state_frenzy_ma10_lag10,,,,0.0,,low
full,concept_momentum_6m_accel_lag20,,,,0.0,,low
full,board_momentum_max_ma20_lag20,,,,0.0,,low
full,bt_intensity_20d,,,,0.0,-0.0029442718857762566,low
full,premium_pct_wavg_z20,,,,0.0,0.0012878608176216427,low
full,mid_ratio_std20,,,,0.0,,low
full,cb_1_ma20_lag5,,,,0.0,0.003205792064571264,low
full,board_momentum_mean_std20_lag10,,,,0.0,,low
full,market_state_ice_lag1,,,,0.0,,low
full,board_momentum_max_lag10,,,,0.0,,low
full,concept_momentum_6m_accel_lag2,,,,0.0,,low
full,quarter,,,,0.0,-0.0064324773507086095,low
full,cb_1_ma10_lag2,,,,0.0,0.0033031905413962695,low
full,cb_1_ma20_lag3,,,,0.0,-0.0001478797520772284,low
full,mid_ratio_ma10,,,,0.0,,low
full,transfer_ratio_ma5,,,,0.0,,low
full,comment_attention_lag3,,,,0.0,,low
full,sector_relative_strength_lag10,,,,0.0,,low
full,large_ratio_accel,,,,0.0,,low
full,market_state_frenzy_accel_lag20,,,,0.0,,low
full,concept_momentum_12m_ma10_lag20,,,,0.0,,low
full,concept_momentum_12m_ma5_lag3,,,,0.0,,low
full,market_state_ice_ma20_lag20,,,,0.0,,low
full,market_state_ice_std20,,,,0.0,,low
full,super_ratio_std20,,,,0.0,,low
full,market_state_strong_lag20,,,,0.0,,low
full,comment_institution_ma20,,,,0.0,,low
full,mid_net_std20,,,,0.0,,low
full,market_state_ice_ma5_lag2,,,,0.0,,low
full,cb_0_std20_lag10,,,,0.0,,low
full,board_momentum_mean_accel_lag20,,,,0.0,,low
full,has_hot_board_lag20,,,,0.0,,low
full,market_state_frenzy_std20_lag1,,,,0.0,,low
full,concept_momentum_6m_accel_lag1,,,,0.0,,low
full,concept_momentum_12m_lag1,,,,0.0,,low
full,market_state_strong_lag10,,,,0.0,,low
full,mid_ratio,,,,0.0,,low
full,small_net_ma10,,,,0.0,,low
full,large_ratio_ma5,,,,0.0,,low
full,market_state_frenzy_ma5,,,,0.0,,low
full,concept_momentum_3m_ma20_lag3,,,,0.0,,low
full,market_state_ice_std20_lag1,,,,0.0,,low
full,cb_0_ma10_lag20,,,,0.0,,low
full,concept_momentum_12m_ma10_lag5,,,,0.0,,low
full,premium_pct_mean_z20,,,,0.0,0.0013678404068447796,low
full,market_state_frenzy_ma5_lag20,,,,0.0,,low
full,comment_attention_ma5,,,,0.0,,low
full,cb_1_lag20,,,,0.0,,low
full,small_net_ma5,,,,0.0,,low
full,market_state_frenzy_ma5_lag5,,,,0.0,,low
full,market_state_frenzy_ma10_lag3,,,,0.0,,low
full,comment_institution_lag2,,,,0.0,,low
full,concept_momentum_6m_std20_lag1,,,,0.0,,low
full,large_net_std20,,,,0.0,,low
full,margin_net_lag3,,,,0.0,,low
full,concept_momentum_12m_lag5,,,,0.0,,low
full,market_state_frenzy_std20_lag2,,,,0.0,,low
full,bt_intensity_20d_ma10,,,,0.0,0.0027350567504336397,low
full,concept_momentum_12m_ma20_lag20,,,,0.0,,low
full,market_state_frenzy_std20_lag5,,,,0.0,,low
full,bt_intensity_20d_accel,,,,0.0,-0.006767445365880922,low
full,comment_attention_lag20,,,,0.0,,low
full,concept_momentum_3m_ma20_lag5,,,,0.0,,low
full,sector_alpha_ma10,,,,0.0,,low
full,market_state_strong_ma20_lag5,,,,0.0,,low
full,concept_momentum_12m_accel_lag20,,,,0.0,,low
full,margin_net_lag20,,,,0.0,,low
full,small_ratio,,,,0.0,,low
full,concept_momentum_12m_std20_lag2,,,,0.0,,low
full,large_minus_small_ma20,,,,0.0,,low
full,concept_momentum_12m_ma10_lag3,,,,0.0,,low
full,concept_momentum_3m_ma5_lag5,,,,0.0,,low
full,concept_momentum_6m_std20_lag10,,,,0.0,,low
full,market_state_frenzy_lag10,,,,0.0,,low
full,temporary_impact_z20,,,,0.0,-0.0004447547146831339,low
full,board_momentum_mean_ma20_lag20,,,,0.0,,low
full,market_state_ice_ma10_lag2,,,,0.0,,low
full,concept_momentum_6m_ma5_lag1,,,,0.0,,low
full,cb_1_accel_lag20,,,,0.0,,low
full,concept_momentum_12m_lag10,,,,0.0,,low
full,cb_1_ma10_lag20,,,,0.0,,low
full,cb_1_accel_lag2,,,,0.0,0.0027430767496665585,low
full,concept_momentum_3m_std20_lag10,,,,0.0,,low
full,market_state_ice_accel_lag2,,,,0.0,,low
full,concept_momentum_3m_ma10_lag20,,,,0.0,,low
full,margin_net_lag2,,,,0.0,,low
full,market_state_frenzy_ma5_lag1,,,,0.0,,low
full,market_state_strong_ma10_lag1,,,,0.0,,low
full,market_state_frenzy_ma20_lag2,,,,0.0,,low
full,market_state_ice_ma5_lag10,,,,0.0,,low
full,is_concept_leader_ma10,,,,0.0,,low
full,comment_institution_lag3,,,,0.0,,low
full,broad_main_net_accel,,,,0.0,,low
full,cb_1_accel_lag1,,,,0.0,0.009347754911045822,low
full,market_state_frenzy_ma10_lag2,,,,0.0,,low
full,concept_momentum_3m_accel,,,,0.0,,low
full,market_state_ice_lag3,,,,0.0,,low
full,super_net,,,,0.0,,low
full,cb_1_ma5,,,,0.0,0.004563192878795154,low
full,concept_momentum_6m_ma20_lag20,,,,0.0,,low
full,cb_1_std20_lag20,,,,0.0,,low
full,concept_momentum_12m,,,,0.0,,low
full,cb_1_accel_lag10,,,,0.0,,low
full,is_concept_leader_ma20,,,,0.0,,low
full,sector_relative_strength_lag3,,,,0.0,,low
full,market_state_frenzy_accel_lag1,,,,0.0,,low
full,comment_trend_ma20,,,,0.0,,low
full,cb_1_ma20_lag2,,,,0.0,0.0033031905413962695,low
full,concept_momentum_6m_accel_lag10,,,,0.0,,low
full,broad_main_net,,,,0.0,,low
full,concept_momentum_6m_ma5_lag10,,,,0.0,,low
full,concept_momentum_6m_ma5,,,,0.0,,low
full,sector_relative_strength_ma10,,,,0.0,,low
full,market_state_strong_std20_lag2,,,,0.0,,low
full,concept_momentum_12m_std20,,,,0.0,,low
full,board_momentum_mean_ma5_lag10,,,,0.0,,low
full,concept_momentum_6m_std20_lag20,,,,0.0,,low
primary,market_state_volatile,0.29122736960884515,0.0,1.0,0.0007407407407407407,0.01006419799162582,high
primary,market_state_normal_lag1,0.29122736960884515,0.0,1.0,0.0007407407407407407,-0.006540150296560211,high
primary,avg_concept_heat_lag1,0.2876393527348142,80.16666666666642,1.0,0.0014814814814814814,0.017867807969510513,high
primary,board_overlap_score_lag1,0.2876393527348142,80.16666666666642,1.0,0.0014814814814814814,0.017867807969510513,high
primary,board_count_lag1,0.2876393527348142,80.16666666666642,1.0,0.0014814814814814814,0.017867807969510513,high
primary,has_hot_board_lag1,0.2876393527348142,80.16666666666642,1.0,0.0014814814814814814,0.017867807969510513,high
primary,cb_0_lag1,0.23479378885418833,3.9266775056233807,1.0,0.0014814814814814814,0.01565233571482757,high
primary,board_overlap_score,0.22425105462693418,3.3482142857142865,1.0,0.0014814814814814814,0.004248837615764321,high
primary,has_hot_board,0.22425105462693418,3.3482142857142865,1.0,0.0014814814814814814,0.004248837615764321,high
primary,avg_concept_heat,0.22425105462693418,3.3482142857142865,1.0,0.0014814814814814814,0.004248837615764321,high
primary,board_count,0.22425105462693418,3.3482142857142865,1.0,0.0014814814814814814,0.004248837615764321,high
primary,market_state_normal_lag2,0.211453864858258,2.9126891328060562,1.0,0.0014814814814814814,0.01558624735328469,high
primary,cb_0,0.19375624813103492,2.7954084061233826,1.0,0.0014814814814814814,0.006310235402490431,high
primary,board_count_lag2,0.19077346830453037,2.0452168697947677,1.0,0.0014814814814814814,0.018772231878912634,high
primary,board_overlap_score_lag2,0.19077346830453037,2.0452168697947677,1.0,0.0014814814814814814,0.018772231878912634,high
primary,has_hot_board_lag2,0.19077346830453037,2.0452168697947677,1.0,0.0014814814814814814,0.018772231878912634,high
primary,avg_concept_heat_lag2,0.19077346830453037,2.0452168697947677,1.0,0.0014814814814814814,0.018772231878912634,high
primary,board_momentum_max_lag3,0.1730230355059325,6.870627124474507,1.0,0.0014814814814814814,0.022444196078795033,high
primary,board_momentum_mean_lag3,0.1730230355059325,6.870627124474507,1.0,0.0014814814814814814,0.022444196078795033,high
primary,cb_0_lag2,0.15145364855063417,2.157087744014907,1.0,0.0014814814814814814,0.016543824813170464,high
primary,market_state_weak_lag3,0.13228019025677626,1.1035384162078812,0.8,0.003703703703703704,-0.0002130292390911826,high
primary,market_state_weak_std20_lag2,0.1264174329614424,1.0345938545853985,0.6923076923076923,0.00962962962962963,0.0035413363740505084,high
primary,market_state_weak_std20_lag3,0.11864410335159356,1.1218499625790352,0.8461538461538461,0.00962962962962963,0.004790168066497825,high
primary,net_zt_proportion_lag2,0.10766221491787782,0.6665980812844821,0.8333333333333334,0.0044444444444444444,0.0041341079873097,high
primary,market_state_weak_lag2,0.10739891863070727,0.7226334712399836,0.6,0.003703703703703704,0.004825410016642749,high
primary,market_state_volatile_ma5_lag20,0.10538201160570182,1.4638635500788217,1.0,0.002962962962962963,0.020665239367950686,high
primary,market_state_volatile_ma20_lag20,0.10538201160570182,1.4638635500788217,1.0,0.002962962962962963,0.020665239367950686,high
primary,market_state_volatile_accel_lag20,0.10538201160570182,1.4638635500788217,1.0,0.002962962962962963,0.020665239367950686,high
primary,market_state_volatile_std20_lag20,0.10538201160570182,1.4638635500788217,1.0,0.002962962962962963,0.020665239367950686,high
primary,market_state_volatile_ma10_lag20,0.10538201160570182,1.4638635500788217,1.0,0.002962962962962963,0.020665239367950686,high
primary,market_state_volatile_lag20,0.10370545862255141,1.2260549939832026,0.75,0.002962962962962963,0.023245997932560755,high
primary,market_state_weak_std20_lag20,0.10228030856501599,1.3769690565617798,1.0,0.002962962962962963,0.02066000247122728,high
primary,dv_last_direction_z20,0.10186734402215306,0.8397981228647016,0.8,0.003703703703703704,-0.006349489982638722,high
primary,market_state_weak_std20_lag1,0.101314319234968,0.822674386120036,0.7692307692307693,0.00962962962962963,0.0060849764648953685,high
primary,market_state_weak_ma5_lag2,0.10072328144017018,0.7766088034244029,0.7142857142857143,0.005185185185185185,-5.309537763104194e-05,high
primary,market_state_weak_lag5,0.10062280321983968,1.0052617000969737,0.75,0.002962962962962963,0.00647756059265803,high
primary,market_state_weak_ma5_lag3,0.09481459671053373,0.6812028207089487,0.7142857142857143,0.005185185185185185,-0.006284762556601953,high
primary,market_state_volatile_ma10,0.0920842221251795,0.5941680951708557,0.7777777777777778,0.006666666666666667,0.00756571419004928,high
primary,is_one_word_board,0.08640352673114331,0.5474050252694606,0.7184466019417476,0.07629629629629629,0.027636267947291713,high
primary,has_comment_lag10,0.08579039717546691,0.38413526024158506,0.75,0.014814814814814815,0.006684240927444548,high
primary,board_count_accel,0.08324729007921776,0.47304413121713945,0.7,0.007407407407407408,0.0038133343337552667,high
primary,avg_concept_heat_accel,0.08324729007921776,0.47304413121713945,0.7,0.007407407407407408,0.0038133343337552667,high
primary,board_overlap_score_accel,0.08324729007921776,0.47304413121713945,0.7,0.007407407407407408,0.0038133343337552667,high
primary,market_state_weak_ma20_lag2,0.07956915535804167,0.5075144613077431,0.6153846153846154,0.00962962962962963,-0.004094637463798572,high
primary,board_momentum_mean_lag5,0.07877585078719318,3.6939221116984173,1.0,0.0014814814814814814,0.008817788283384493,high
primary,board_momentum_max_lag5,0.07877585078719318,3.6939221116984173,1.0,0.0014814814814814814,0.008817788283384493,high
primary,net_zt_proportion,0.07618548787655618,0.35428209269207106,0.5,0.0014814814814814814,-0.008746558791928111,high
primary,has_comment_ma10,0.07483766679725234,0.35057397225817605,0.75,0.02074074074074074,-0.006666735006362253,high
primary,has_comment_ma5,0.07321872417438947,0.4059969189779563,0.782608695652174,0.017037037037037038,-0.006687678013584347,high
primary,cb_0_accel,0.07306889562268168,0.4287492623964428,0.7,0.007407407407407408,0.004064031640598011,high
primary,has_comment_lag3,0.07295912897815027,0.3706930149905141,0.7368421052631579,0.014074074074074074,-0.00857017789938272,high
primary,has_comment_lag5,0.07198198277704933,0.35917443795846954,0.7368421052631579,0.014074074074074074,-0.008929371568820562,high
primary,min_5d,0.07178835762518776,0.40834919582930873,0.6681481481481482,1.0,0.036831565956481294,high
primary,avg_concept_heat_ma5,0.07166361465213651,0.33933244581840943,0.6666666666666666,0.0044444444444444444,0.011316095238000918,high
primary,board_count_ma5,0.07166361465213651,0.33933244581840943,0.6666666666666666,0.0044444444444444444,0.011316095238000918,high
primary,has_hot_board_ma5,0.07166361465213651,0.33933244581840943,0.6666666666666666,0.0044444444444444444,0.011316095238000918,high
primary,board_overlap_score_ma5,0.07166361465213651,0.33933244581840943,0.6666666666666666,0.0044444444444444444,0.011316095238000918,high
primary,market_state_volatile_accel_lag5,0.07069106049624028,0.5140236306118983,0.5833333333333334,0.008888888888888889,-0.014993184367242035,high
primary,market_state_weak_ma20_lag3,0.07022668851246092,0.49476969281192634,0.6923076923076923,0.00962962962962963,-0.005770358160807819,high
primary,min_10d,0.06795565858503397,0.3795712171212106,0.6562962962962963,1.0,0.035379838320201897,high
primary,market_state_weak_std20_lag5,0.06613658159578742,0.4463429665445216,0.6923076923076923,0.00962962962962963,0.0016586100605192333,high
primary,qtld_5d,0.06486185152359636,0.34761871979497255,0.6385185185185185,1.0,0.03439572175789006,high
primary,net_zt_proportion_lag1,0.06464612890539558,0.289331005577914,0.5,0.002962962962962963,-0.00483720315343014,high
primary,qtld_10d,0.06373533669387223,0.33026080337724534,0.6422222222222222,1.0,0.04374178970533975,high
primary,gdp_cn_yoy,0.06369779197615623,0.3516310852476203,0.6666666666666666,0.0022222222222222222,-0.0002156687694171466,high
primary,has_comment_lag1,0.06317073893801993,0.34604769045660494,0.7368421052631579,0.014074074074074074,-0.0137783236207983,high
primary,gdp_cn_yoy_z20,0.062408631189956786,0.4769912287404444,0.7073170731707317,0.03037037037037037,-0.008937358951050675,high
primary,low0,0.062264103082530387,0.37152349039532667,0.6511111111111111,1.0,0.03745076050329994,high
primary,market_state_normal_ma10_lag10,0.06156512107050886,0.5491254608935984,0.6363636363636364,0.008148148148148147,0.009219667284742893,high
primary,cb_0_ma5,0.06149176093749229,0.306158380191061,0.6666666666666666,0.0044444444444444444,0.01232087326300451,high
primary,market_state_normal_std20_lag10,0.06035364068587592,0.5380762239339927,0.6363636363636364,0.008148148148148147,0.00921163871201654,high
primary,market_state_normal_ma20_lag10,0.06035364068587592,0.5380762239339927,0.6363636363636364,0.008148148148148147,0.00921163871201654,high
primary,min_20d,0.05954492509392575,0.3189438054640981,0.6355555555555555,1.0,0.028267501664291584,high
primary,gdp_cn_yoy_lag1,0.05909877989102018,0.40878323633889163,0.5,0.002962962962962963,-0.00011175489188106294,high
primary,high_low_ratio,0.059016165547383,0.3268434019615943,0.5833333333333334,0.008888888888888889,0.013929484128232552,high
primary,board_momentum_max_ma20_lag3,0.05884458544329406,0.719236587420342,0.7142857142857143,0.005185185185185185,0.001552857067099492,high
primary,board_momentum_max_ma10_lag3,0.05884458544329406,0.719236587420342,0.7142857142857143,0.005185185185185185,0.001552857067099492,high
primary,board_momentum_mean_ma10_lag3,0.05884458544329406,0.719236587420342,0.7142857142857143,0.005185185185185185,0.001552857067099492,high
primary,board_momentum_mean_ma20_lag3,0.05884458544329406,0.719236587420342,0.7142857142857143,0.005185185185185185,0.001552857067099492,high
primary,qtld_20d,0.05808152198239681,0.29577152803093637,0.6207407407407407,1.0,0.04306860310441134,high
primary,min_30d,0.0566349215073166,0.2939369780786562,0.6029629629629629,1.0,0.030596650809187505,high
primary,m2_yoy_lag1,0.05631018422623566,0.3916522272697347,0.5789473684210527,0.014074074074074074,-0.013754447504052691,high
primary,qtld_30d,0.056233356987581216,0.28327074652710743,0.6051851851851852,1.0,0.04449885742964301,high
primary,board_momentum_max_ma5_lag3,0.05590917582871239,0.6819014413883719,0.8333333333333334,0.0044444444444444444,0.0019786213443559893,high
primary,board_momentum_mean_ma5_lag3,0.05590917582871239,0.6819014413883719,0.8333333333333334,0.0044444444444444444,0.0019786213443559893,high
primary,board_momentum_mean_accel_lag3,0.05589934306407977,0.7496694030830172,0.8571428571428571,0.005185185185185185,0.004857502320868798,high
primary,board_momentum_max_accel_lag3,0.05589934306407977,0.7496694030830172,0.8571428571428571,0.005185185185185185,0.004857502320868798,high
primary,has_comment_lag2,0.055176385552021145,0.3045816404563582,0.7368421052631579,0.014074074074074074,-0.006170035126362029,high
primary,market_state_normal_ma5_lag10,0.05455704225547772,0.4966642637368052,0.6666666666666666,0.008888888888888889,0.009099842340620211,high
primary,qtld_60d,0.05429626222486553,0.26878642229270416,0.6111111111111112,1.0,0.05349530957556634,high
primary,min_60d,0.05372894528346838,0.27225538742905253,0.597037037037037,1.0,0.03823826922656535,high
primary,market_state_weak_ma5_lag1,0.05262645427755101,0.29932516073909854,0.625,0.005925925925925926,-0.00727507728190423,high
primary,market_state_weak_lag1,0.0526218610205015,0.24280353085166173,0.6,0.003703703703703704,-0.005246051350744655,high
primary,market_state_weak_ma20_lag1,0.05259213618142245,0.34933437047262855,0.6153846153846154,0.00962962962962963,-0.00805916335800314,high
primary,market_state_normal_lag10,0.05091974195504406,0.31532526463474964,0.6666666666666666,0.0044444444444444444,0.012576113747639794,high
primary,has_comment_lag20,0.04985849319561364,0.23902096882816204,0.6153846153846154,0.01925925925925926,0.012736062113894418,high
primary,is_zb_lag20,0.04853507994789716,0.4999230639586854,0.5,0.0014814814814814814,0.020828450863820742,high
primary,has_comment,0.046678010378297864,0.27636200981424625,0.7368421052631579,0.014074074074074074,-0.010704479572539687,high
primary,market_state_weak_ma10_lag3,0.043262934365939865,0.3280978089047384,0.6666666666666666,0.008888888888888889,-0.005604117227652188,high
primary,market_state_volatile_accel,0.04283989097885779,0.27756814835639526,0.46153846153846156,0.00962962962962963,-0.004418816468491296,high
primary,market_state_normal_accel_lag10,0.04213240052555834,0.34406750834693056,0.5833333333333334,0.008888888888888889,0.008221699578269707,high
primary,trend_level,0.04168870460807995,0.22554367299331987,0.5837037037037037,1.0,0.03478117893842764,high
primary,qtlu_60d,0.041585255237525064,0.19371229455056624,0.5844444444444444,1.0,0.05173685251222735,high
primary,sumn_30d,0.0413252805193962,0.21015718222785384,0.5688888888888889,1.0,0.04396334731297484,high
primary,fx_eur_cny,0.04126763129233936,0.25286123802051325,0.6097560975609756,0.03037037037037037,0.00905669247192784,high
primary,has_comment_ma20,0.041236516228332465,0.2063144743161337,0.6521739130434783,0.034074074074074076,-0.006479677317372157,high
primary,shibor_O_N,0.039970257861484136,0.244652550805206,0.6410256410256411,0.028888888888888888,-0.00895399522876846,high
primary,sumn_5d,0.03977471333744255,0.21346406025215126,0.5866666666666667,1.0,0.03484505123465438,high
primary,qtlu_30d,0.039690314458676844,0.18937416448401215,0.5659259259259259,1.0,0.04472627571878142,high
primary,qtlu_5d,0.03948581272168565,0.19805013497823742,0.5918518518518519,1.0,0.029760463425773227,high
primary,market_turnover_z_lag1,0.03824605953427968,0.23590416976178216,0.6410256410256411,0.057777777777777775,-0.0028913887279889763,high
primary,net_zt_proportion_lag10,0.037913844249648734,0.22234776083860433,0.6153846153846154,0.00962962962962963,0.008365347954929799,high
primary,board_momentum_mean_ma10_lag2,0.03787738698318609,0.6826035111263254,0.75,0.005925925925925926,-0.003937022408673828,high
primary,board_momentum_max_ma20_lag2,0.03787738698318609,0.6826035111263254,0.75,0.005925925925925926,-0.003937022408673828,high
primary,board_momentum_max_ma10_lag2,0.03787738698318609,0.6826035111263254,0.75,0.005925925925925926,-0.003937022408673828,high
primary,board_momentum_mean_ma20_lag2,0.03787738698318609,0.6826035111263254,0.75,0.005925925925925926,-0.003937022408673828,high
primary,qtlu_10d,0.0378634042440071,0.18732267605788824,0.5755555555555556,1.0,0.040809848863177,high
primary,qtlu_20d,0.03784419337615059,0.18372300095604727,0.5592592592592592,1.0,0.04147804071168314,high
primary,mdi,0.037359129611476694,0.19481882256555139,0.5762962962962963,1.0,0.04516045630880149,high
primary,sf_total_lag5,0.03619845704395253,0.2636400771309667,0.574468085106383,0.03481481481481481,0.024016007718087172,high
primary,open0,0.035999269031912105,0.19450562124200993,0.5822222222222222,1.0,0.0164057219416939,high
primary,market_state_normal_accel_lag2,0.03579373431070265,0.24495134404594637,0.46153846153846156,0.00962962962962963,-0.010901638111240938,high
primary,sumn_20d,0.03564277353026307,0.1847762046763215,0.5792592592592593,1.0,0.03225215023500183,high
primary,sumn_60d,0.035494681377819505,0.17747314195715275,0.5703703703703704,1.0,0.03717355324369574,high
primary,board_momentum_max_ma5_lag5,0.03502651575743611,0.5037174247594413,0.6,0.003703703703703704,0.0004618896827865897,high
primary,board_momentum_max_ma20_lag5,0.03502651575743611,0.5037174247594413,0.6,0.003703703703703704,0.0004618896827865897,high
primary,board_momentum_mean_ma5_lag5,0.03502651575743611,0.5037174247594413,0.6,0.003703703703703704,0.0004618896827865897,high
primary,board_momentum_mean_ma10_lag5,0.03502651575743611,0.5037174247594413,0.6,0.003703703703703704,0.0004618896827865897,high
primary,board_momentum_mean_accel_lag5,0.03502651575743611,0.5037174247594413,0.6,0.003703703703703704,0.0004618896827865897,high
primary,board_momentum_max_accel_lag5,0.03502651575743611,0.5037174247594413,0.6,0.003703703703703704,0.0004618896827865897,high
primary,board_momentum_max_ma10_lag5,0.03502651575743611,0.5037174247594413,0.6,0.003703703703703704,0.0004618896827865897,high
primary,board_momentum_mean_ma20_lag5,0.03502651575743611,0.5037174247594413,0.6,0.003703703703703704,0.0004618896827865897,high
primary,market_state_weak_accel_lag2,0.0346395222487458,0.20598330450844932,0.6923076923076923,0.00962962962962963,0.013276061086857239,high
primary,market_state_weak_accel_lag1,0.034428758089288414,0.20453194792223758,0.6923076923076923,0.00962962962962963,0.014541208120977579,high
primary,market_adv_ratio_lag2,0.03435575049693578,0.22510463267479694,0.6190476190476191,0.07777777777777778,-0.002097048946141542,high
primary,fx_jpy_cny_lag2,0.03424246397826102,0.2229063566808232,0.5982142857142857,0.08296296296296296,0.009773516441109511,high
primary,market_state_volatile_ma5_lag5,0.03400049081659834,0.3178344241086447,0.7272727272727273,0.008148148148148147,0.0016159400945200853,high
primary,ind_pct_up_lag2,0.03393189953092599,0.22142139659709495,0.625,0.08296296296296296,-0.012853006523414614,high
primary,market_state_weak_z20_lag5,0.033777371942551454,0.203001789570777,0.6923076923076923,0.00962962962962963,0.013354103360645292,high
primary,sf_total_lag2,0.03376278244436733,0.23699604104555072,0.5769230769230769,0.01925925925925926,0.024787150857546455,high
primary,market_state_volatile_ma10_lag1,0.03354261511712235,0.23339935369609,0.6,0.007407407407407408,0.00776236358153395,high
primary,market_state_weak_accel_lag3,0.033165608687987146,0.1997080911136261,0.6923076923076923,0.00962962962962963,0.017789485481064925,high
primary,net_zt_proportion_lag20,0.033027813815355384,0.2760326213559659,0.75,0.002962962962962963,0.020647055823469297,high
primary,market_state_weak_ma10_lag2,0.032905230308827464,0.23929823990877283,0.5833333333333334,0.008888888888888889,-0.003918722365542172,high
primary,sumn_10d,0.032820548182901685,0.1741030941741085,0.5674074074074074,1.0,0.033196612802716546,high
primary,ind_return_mean_lag2,0.0319218679613664,0.2067300495291083,0.6194690265486725,0.0837037037037037,-0.011632636436427167,high
primary,vsumn_60d,0.03176436920619286,0.2048109535654907,0.5837037037037037,1.0,0.009707968491493597,high
primary,seal_quality,0.031095265810515943,0.1837718854687933,0.5861297539149888,0.6622222222222223,0.02409219023287791,high
primary,limit_up_streak,0.031035215659641305,0.1833690708201815,0.5850111856823266,0.6622222222222223,0.024016046206771013,high
primary,is_limit_up,0.0310229898560062,0.18329201641205287,0.5850111856823266,0.6622222222222223,0.02402798358593357,high
primary,market_state_normal_ma5_lag2,0.030776021492503483,0.19724467786592437,0.5,0.005925925925925926,-0.0009677711293320033,high
primary,market_state_normal_lag3,0.030740605246869616,0.1634732687337304,0.75,0.002962962962962963,-0.007563132945711128,high
primary,shibor_9M_lag1,0.030556837916388208,0.18909948252863198,0.5833333333333334,0.05333333333333334,-0.004548103398660136,high
primary,shibor_1W_lag1,0.030317817467677054,0.18689041778888868,0.5974025974025974,0.05703703703703704,0.003313336739208704,high
primary,sf_total_lag3,0.030217737771199207,0.20693945836833477,0.5454545454545454,0.024444444444444446,0.03034597384352482,high
primary,buy_signal,0.030048563881874664,0.17609641782019073,0.5592592592592592,1.0,0.022838449761204856,high
primary,market_state_normal_ma20_lag5,0.02989532285021747,0.2869766826456112,0.5833333333333334,0.008888888888888889,0.010191523845008378,high
primary,market_state_normal_std20_lag5,0.02989532285021747,0.2869766826456112,0.5833333333333334,0.008888888888888889,0.010191523845008378,high
primary,vsumn_30d,0.029586258552739355,0.19679847724039343,0.5762962962962963,1.0,0.006499656937316081,high
primary,market_state_weak_std20,0.029328697423126493,0.18936372527826797,0.6153846153846154,0.00962962962962963,0.006665179827765275,high
primary,market_state_normal_ma5_lag1,0.02911375644559786,0.1610755115309283,0.5714285714285714,0.005185185185185185,-0.011128271483492588,high
primary,dv_last_direction_std20,0.028780307660417666,0.2341191159875191,0.5555555555555556,0.04666666666666667,-0.014581386245803284,high
primary,market_state_normal_accel_lag1,0.02863273573031578,0.19734503402649925,0.5384615384615384,0.00962962962962963,-0.021785046632519522,high
primary,market_state_normal_accel_lag20,0.028609421410683865,2.476280860025061,1.0,0.0014814814814814814,0.011984012793546302,high
primary,market_state_normal_ma20_lag20,0.028609421410683865,2.476280860025061,1.0,0.0014814814814814814,0.011984012793546302,high
primary,market_state_normal_ma10_lag20,0.028609421410683865,2.476280860025061,1.0,0.0014814814814814814,0.011984012793546302,high
primary,market_state_normal_std20_lag20,0.028609421410683865,2.476280860025061,1.0,0.0014814814814814814,0.011984012793546302,high
primary,market_state_normal_ma5_lag20,0.028609421410683865,2.476280860025061,1.0,0.0014814814814814814,0.011984012793546302,high
primary,market_state_volatile_ma5,0.027885069085494135,0.1447747799619218,0.5,0.0044444444444444444,-0.00444066370093278,high
primary,bond_us_5y_ma5,0.02785631955921489,0.1905404960650619,0.5843373493975904,0.12296296296296297,-0.00750287990413259,high
primary,ind_pct_up,0.027459201078311023,0.16304114475189704,0.5609756097560976,0.03037037037037037,0.014877502653197755,high
primary,dv_last_direction_accel,0.0274453620819095,0.2227073446591899,0.5555555555555556,0.04666666666666667,0.012936407757885855,high
primary,market_state_volatile_ma10_lag2,0.02668419835990367,0.1770637038017501,0.5833333333333334,0.008888888888888889,0.0038152590847469166,high
primary,comment_score_lag20,0.02651079391780364,0.11903778061985118,0.5151515151515151,0.024444444444444446,0.012786019995927184,high
primary,shibor_9M,0.026471534007505692,0.15922319615484543,0.5897435897435898,0.028888888888888888,-0.005112864865354716,high
primary,cntn_5d,0.0264594949653729,0.1631911086884548,0.56,1.0,0.02292705809449545,high
primary,market_state_normal_ma10_lag5,0.026175543321449835,0.23638597892876118,0.5833333333333334,0.008888888888888889,0.010171917929911548,high
primary,imin_5d,0.025886435393906743,0.15517868565847034,0.5581912527798369,0.9992592592592593,0.020416103062757856,high
primary,comment_score_lag1,0.025794520984763203,0.13619516098476864,0.625,0.035555555555555556,-0.014027311211228511,high
primary,shibor_O_N_lag1,0.02574625425666408,0.15510165874942022,0.5733333333333334,0.05555555555555555,-0.00592709168696179,high
primary,net_zt_proportion_std20,0.025655097014880633,0.2781797346785251,0.5384615384615384,0.00962962962962963,0.007743450861264431,high
primary,shibor_2W_lag1,0.02495232128717212,0.15258074211547135,0.5769230769230769,0.057777777777777775,0.007739582327823425,high
primary,ind_return_std,0.02476819348226666,0.1467000870350592,0.5609756097560976,0.03037037037037037,-0.005371309644151899,high
primary,bond_us_2y_ma5,0.024750059750324502,0.1647179610276059,0.5652173913043478,0.11925925925925926,-0.007543655903018601,high
primary,shibor_1Y_lag1,0.02405144202151488,0.14906124668049725,0.581081081081081,0.054814814814814816,-0.006157539307482603,high
primary,retail_panic,0.023973341745774965,0.21438796459244966,0.5826771653543307,0.09407407407407407,0.009154432692420682,high
primary,vsumn_20d,0.02366750544894726,0.15565719291319555,0.5614814814814815,1.0,0.00620342687156779,high
primary,shibor_O_N_lag2,0.023660801185727626,0.14958696927716617,0.5412844036697247,0.08074074074074074,-0.009016784133496984,high
primary,cpi_yoy_lag1,0.02353261054397253,0.161840591560813,0.5333333333333333,0.011111111111111112,0.0011282849164803142,high
primary,dual_concentration_signal_ma5,0.0234531174037658,0.16338913006694689,0.5769230769230769,0.8281481481481482,0.025216240108734793,high
primary,fx_jpy_cny_lag3,0.023219113177635486,0.14668943078441704,0.5763888888888888,0.10666666666666667,0.00897595619498969,high
primary,imin_10d,0.023206084077126498,0.1376462830390533,0.5451851851851852,1.0,0.02400711868224218,high
primary,avg_account_cap_z_lag20,0.02294544659948256,0.19369958636076398,0.5955056179775281,0.06592592592592593,-0.00605934290959728,high
primary,mkt_cap_total_z_lag20,0.02294544659948256,0.19369958636076398,0.5955056179775281,0.06592592592592593,-0.021175704662062055,high
primary,dual_concentration_signal,0.022672848034219824,0.15922283390826816,0.5521023765996343,0.8103703703703704,0.02425465133323336,high
primary,dual_concentration_signal_ma10,0.02263653362228277,0.15670875621128333,0.5713028169014085,0.8414814814814815,0.02537726372607409,high
primary,consecutive_zt_lag5,0.02222579091052214,0.11885762825030452,0.5,0.005925925925925926,0.01032822937299083,high
primary,seal_strength_lag5,0.022089936870131395,0.11824220420131108,0.5,0.005925925925925926,0.010326839290779061,high
primary,is_zt_lag5,0.022089936870131395,0.11824220420131108,0.5,0.005925925925925926,0.010326839290779061,high
primary,seal_success_lag5,0.022089936870131395,0.11824220420131108,0.5,0.005925925925925926,0.010326839290779061,high
primary,bond_cn_10y2y_spread_lag3,0.02179538887728193,0.1368914841840919,0.5594405594405595,0.10592592592592592,-0.001857980333817599,high
primary,menv_bond_10y2y_spread_lag3,0.02179538887728193,0.1368914841840919,0.5594405594405595,0.10592592592592592,-0.001857980333817599,high
primary,dual_concentration_signal_ma20,0.0217369085311648,0.14892232410980952,0.5634648370497427,0.8637037037037038,0.02197668243947076,high
primary,HN_z,0.021316702132073758,0.13184862867780586,0.5473032714412025,0.8377777777777777,0.012603045074563519,high
primary,news_sent_streak_lag20,0.021251921429485256,0.18414632253299393,0.5652173913043478,0.06814814814814815,-0.0012610914511190091,high
primary,shibor_1W_lag10,0.02124798322897719,0.15277963590328225,0.5637982195845698,0.24962962962962962,-0.004655459862799151,high
primary,HN_z_ma20,0.02122962007513911,0.13065613304165494,0.546160483175151,0.8585185185185186,0.012115710769755018,high
primary,menv_bond_10y2y_spread_ma5_lag2,0.021228150512263313,0.14406507029840196,0.5493562231759657,0.1725925925925926,-0.002497482643077969,high
primary,fx_eur_cny_lag1,0.02118335783876227,0.12754873223078922,0.5512820512820513,0.057777777777777775,0.006849752362139833,high
primary,gdp_cn_yoy_accel,0.021175442544804555,0.15855050716492972,0.5853658536585366,0.03037037037037037,-0.00933202049406483,high
primary,market_state_normal_ma5,0.021079306750966198,0.12322291917412558,0.6,0.003703703703703704,-0.007398203216799624,high
primary,menv_us_cn_10y_spread_ma5,0.02080270323656958,0.1391597512395269,0.5454545454545454,0.13037037037037036,0.004510837617642008,high
primary,HN_z_ma5,0.02056351098181334,0.1266867254336699,0.5456942003514939,0.8429629629629629,0.01282584925524057,high
primary,HN_z_ma10,0.020558589030881834,0.12642056439578356,0.5398075240594926,0.8466666666666667,0.012749630273515038,high
primary,ind_return_max_lag2,0.02052929893258263,0.130593710122637,0.6194690265486725,0.0837037037037037,-0.002113752995143448,high
primary,bond_us_5y_ma10,0.020303888035845288,0.14581713962933687,0.6006600660066007,0.22444444444444445,-0.005523941563221208,high
primary,shibor_6M_lag1,0.020008424181035784,0.12614481841176833,0.5588235294117647,0.05037037037037037,-0.004731235438270955,high
primary,menv_m1_m2_spread_z20_lag3,0.018834470755917907,0.13955718697801514,0.5681233933161953,0.28814814814814815,0.03522333697386041,high
primary,menv_m1_m2_spread_accel_lag1,0.01760725764756381,0.1311696951803575,0.5779036827195467,0.2614814814814815,0.033059918209301875,high
primary,imin_30d,0.017516967419121753,0.10230412361093788,0.522962962962963,1.0,0.02567696419466293,high
primary,menv_m1_m2_spread_accel,0.01690032558841514,0.12704214218818838,0.5748502994011976,0.2474074074074074,0.033112324418503924,high
primary,ind_return_skew,0.01661258010459456,0.0991873826143231,0.5609756097560976,0.03037037037037037,-0.034661178277606286,high
primary,menv_m1_m2_spread_accel_lag2,0.016605127363482967,0.12408624022454785,0.568733153638814,0.2748148148148148,0.030680672593835518,high
primary,m1_yoy_accel,0.016497415788093488,0.12299727486776117,0.5815384615384616,0.24074074074074073,0.02272908330552218,high
primary,menv_m1_m2_spread_z20_lag2,0.01613221947916081,0.12012869154353809,0.5579514824797843,0.2748148148148148,0.02819260897940843,high
primary,pledge_risk_accel,0.015578441031649109,0.1241591651790562,0.5634920634920635,0.09333333333333334,0.02651875113133273,high
primary,pe_pb_divergence_lag3,0.014892034800386119,0.10285800011808435,0.5288888888888889,1.0,0.0212008295579448,high
primary,pe_pb_divergence_lag1,0.014850523259634858,0.1027454802088486,0.5370370370370371,1.0,0.022893343288276774,high
primary,pe_pb_divergence_lag2,0.014598103673002957,0.10084498424182751,0.5266666666666666,1.0,0.021916345191427287,high
primary,menv_m1_m2_spread_z20,0.014347239154931008,0.10746531514869691,0.5688622754491018,0.2474074074074074,0.0350354784817302,high
primary,menv_m1_m2_spread_z20_lag1,0.013990001394993342,0.10363902946913935,0.5637393767705382,0.2614814814814815,0.03645686829810315,high
primary,menv_m1_m2_spread_accel_lag10,0.013912658208761496,0.10259701878015996,0.5501022494887525,0.3622222222222222,0.04368041421576124,high
primary,pe_pb_divergence,0.013280405545729856,0.09158630014412733,0.5318518518518518,1.0,0.022140835906858197,high
primary,menv_m1_m2_spread_accel_lag3,0.013116258932910104,0.09842496801631873,0.5552699228791774,0.28814814814814815,0.030558548094019745,high
primary,market_adv_ratio_lag5,0.012838193198602644,0.0859428829526033,0.5544041450777202,0.14296296296296296,-0.026583663850351547,high
primary,menv_m1_m2_spread_z20_lag5,0.012377850444204273,0.0924479502701461,0.5495283018867925,0.31407407407407406,0.02771806283931416,high
primary,menv_m1_m2_spread_z20_lag10,0.012306541722796983,0.08976496042507592,0.5408163265306123,0.362962962962963,0.053635975757660215,high
primary,imin_60d,0.012055314569448578,0.07027249512670179,0.5222222222222223,1.0,0.028293470263683694,high
primary,fx_jpy_cny_accel,0.011932078423983564,0.08988379071130928,0.550185873605948,0.3985185185185185,0.02761567556178175,high
primary,m1_yoy_z20,0.009893148434134219,0.07340918615714535,0.5531914893617021,0.2437037037037037,0.020125626281997575,high
primary,margin_trend_4q_lag20,0.009575859626838218,0.06982315954194092,0.5207407407407407,1.0,-0.023052521078990862,high
primary,investor_new_z_z20,0.009061641635361734,0.07012257579901161,0.5211864406779662,0.1748148148148148,-0.025934261200289636,high
primary,ind_return_max_lag5,0.00902890282849232,0.05873379502688305,0.5388349514563107,0.15259259259259259,-0.020728794480582468,high
primary,f_score_lag3,0.00902860777128369,0.07081441757961845,0.5325264750378215,0.48962962962962964,0.02040692938628496,high
primary,bond_us_2y_z20,0.00900675493481646,0.06797591089373953,0.5264150943396226,0.3925925925925926,-0.025861540492898582,high
primary,menv_regime_z_accel_lag2,0.008971790890196252,0.07180759851926431,0.5435313262815297,0.9103703703703704,0.022039270467351303,high
primary,max_60d,0.008926749639012202,0.04231964704992973,0.5103703703703704,1.0,0.036431083386802995,high
primary,menv_regime_z_accel_lag3,0.008271023578950125,0.06599308641929909,0.5271255060728745,0.9148148148148149,0.02162168769579328,high
primary,ind_return_max_std20,0.008131885368937513,0.06153676585608462,0.5223048327137546,0.3985185185185185,0.02602971765180432,high
primary,menv_bond_10y2y_spread_z20_lag2,0.008059326323554144,0.06220344302147736,0.5260416666666666,0.4266666666666667,-0.02395257502053701,high
primary,menv_bond_10y2y_spread_z20_lag1,0.007470299786091244,0.056512796208666484,0.517921146953405,0.41333333333333333,-0.035572937869451766,high
primary,investor_new_num_z20,0.007399586778901218,0.05724682444480952,0.5166666666666667,0.17777777777777778,-0.023723619432574033,high
primary,menv_m1_m2_spread_accel_lag5,0.00685077124584745,0.05052774934440152,0.5283018867924528,0.31407407407407406,0.03318272877595437,high
primary,sector_breadth_z_lag5,0.006665050421905246,0.03721903170322167,0.4962962962962963,1.0,-0.022296312742724044,high
primary,menv_regime_z_lag3,0.0062299786928245535,0.04778654370446632,0.527027027027027,0.8222222222222222,0.022559145409267827,high
primary,menv_regime_z_lag2,0.005731304598475346,0.04387269412745469,0.51952770208901,0.8155555555555556,0.028250831799850374,high
primary,menv_regime_z_ma5,0.0056042446108233125,0.043087264312958555,0.5259391771019678,0.8281481481481482,0.021282930585974004,high
primary,menv_bond_10y2y_spread_z20,0.005593500787249965,0.04241592928055688,0.5139664804469274,0.3977777777777778,-0.024435415431144174,high
primary,bond_cn_10y2y_spread_z20,0.005593500787249965,0.04241592928055688,0.5139664804469274,0.3977777777777778,-0.024435415431144174,high
primary,avg_account_cap_z_accel,0.005203219639437407,0.040194097686860164,0.5169491525423728,0.1748148148148148,-0.0215502141214315,high
primary,mkt_cap_total_z_accel,0.005203219639437407,0.040194097686860164,0.5169491525423728,0.1748148148148148,-0.02240552645056285,high
primary,ind_return_mean_lag5,0.005181794476534951,0.03453924754593568,0.5145631067961165,0.15259259259259259,-0.023072610939525597,high
primary,menv_regime_z_ma5_lag3,0.004911133128187027,0.03818294331025285,0.5131578947368421,0.8444444444444444,0.022074080109588445,high
primary,ind_pct_up_accel,0.004847001774826968,0.03548503355480281,0.4906716417910448,0.397037037037037,-0.03153907302095373,high
primary,f_score_lag5,0.004684947553233832,0.03723019315608469,0.5227272727272727,0.4888888888888889,0.02637832399923485,high
primary,ind_return_mean_accel,0.004390704811511484,0.032639348406610265,0.5037174721189591,0.3985185185185185,-0.038644767914359876,high
primary,sector_breadth_z_lag3,0.004298561834838105,0.024715618100409485,0.5248332097850259,0.9992592592592593,-0.029646965778974566,high
primary,f_score_lag10,0.004236990011300282,0.03398638874042931,0.5414781297134238,0.4911111111111111,0.029602597625450207,high
primary,momentum_5d_z20_lag1,0.0041222287627370804,0.023440266392940865,0.5133333333333333,1.0,-0.03732662243437892,high
primary,market_adv_ratio_std20,0.0038747252724462412,0.02928311928400863,0.5028142589118199,0.39481481481481484,0.029849570261014792,high
primary,menv_regime_z_ma5_lag2,0.0036978199190179414,0.02831983580895681,0.5092674315975286,0.8392592592592593,0.025031054066159707,high
primary,menv_regime_z_lag5,0.003448617620802121,0.026711133078907656,0.5062166962699822,0.8340740740740741,0.023005605611607076,high
primary,menv_regime_z_std20_lag10,0.003344356302296318,0.026699938342121764,0.5138339920948617,0.937037037037037,-0.03174118901742914,high
primary,sector_breadth_raw_std20,0.0033193758921000456,0.01918803064719787,0.4918518518518519,1.0,0.02718431643314662,high
primary,max_30d,0.0032825596261730964,0.01582723691474932,0.5007407407407407,1.0,0.028171947749471127,high
primary,pledge_margin_dist_lag10,0.0031732059932241046,0.0223506277716006,0.502962962962963,1.0,-0.029495218847984433,high
primary,pledge_margin_dist_lag5,0.003152118998578113,0.02229331895897151,0.5022222222222222,1.0,-0.029604774434620385,high
primary,pledge_margin_dist_ma5,0.003145668431690845,0.022269054900421602,0.502962962962963,1.0,-0.03280288761657783,high
primary,pledge_margin_dist_lag1,0.003076760839457979,0.021766708539700176,0.502962962962963,1.0,-0.032418821550036156,high
primary,pledge_margin_dist_lag3,0.003034861601792808,0.021446832592670974,0.5044444444444445,1.0,-0.030621267148991622,high
primary,has_gap_effective_yield_ma20,0.0030220189202820992,0.023622992525361822,0.5048255382331106,0.9977777777777778,0.03421004307371231,high
primary,pledge_margin_dist_lag2,0.00298881495106034,0.021132819575659576,0.502962962962963,1.0,-0.03348164937850555,high
primary,pledge_margin_dist_ma10,0.0029295380184106495,0.02070136996118348,0.5022222222222222,1.0,-0.03212361155734894,high
primary,pledge_margin_dist_ma20,0.0029120522047013557,0.020582111656504778,0.5,1.0,-0.03165257279848655,high
primary,momentum_5d_accel_lag1,0.0029099292482107127,0.016420218412134178,0.52,1.0,-0.02920468996842386,high
primary,pledge_margin_dist,0.0028649989109824575,0.0202721114160003,0.5022222222222222,1.0,-0.0340272235302876,high
primary,sector_breadth_z_std20,0.002837177555436842,0.01640470577611939,0.49037037037037035,1.0,0.026944533723653474,high
primary,ind_return_max_accel,0.002783844611171633,0.020690977246925125,0.483271375464684,0.3985185185185185,-0.040588226292994085,high
primary,menv_regime_z_ma5_lag1,0.002710363856779362,0.02080338318130104,0.5142095914742452,0.8340740740740741,0.02349901218761285,high
primary,menv_regime_z_ma10,0.0024811059841216322,0.01913895613067809,0.5034662045060658,0.8548148148148148,0.021807592458662584,high
primary,ind_return_skew_ma5,0.002262358381387428,0.014755216142096477,0.4602272727272727,0.13037037037037036,-0.030776314270338535,high
primary,pledge_margin_dist_lag20,0.0021592567424262733,0.015193777918503742,0.49777777777777776,1.0,-0.031071891384843488,high
primary,menv_cpi_z_accel_lag3,0.0021307545475675797,0.01701158749623186,0.5137795275590551,0.7525925925925926,0.02199007458390449,high
primary,dv_last_direction_ma5,0.0019277587603457559,0.01570766038623964,0.5022222222222222,1.0,0.026948720224139203,high
primary,sf_total_ma5,0.0017886304534770559,0.012864855463039301,0.47692307692307695,0.04814814814814815,0.02131497404030099,high
primary,momentum_5d_z20_lag2,0.0015900096983922835,0.009156176605318471,0.5059259259259259,1.0,-0.03822837052769857,high
primary,momentum_5d_accel,0.001579903830985891,0.00888026073118185,0.5088888888888888,1.0,-0.03542033241735318,high
primary,days_since_last_ex_div_z20,0.0015779342605228835,0.012373974054709126,0.5034305317324185,0.8637037037037038,0.022223376138297772,high
primary,ind_pct_up_lag5,0.0015286736430992274,0.010068367165724852,0.5049019607843137,0.1511111111111111,-0.02481909682199002,high
primary,menv_regime_z_lag1,0.0013698765747310812,0.010395756346634366,0.5018315018315018,0.8088888888888889,0.02147747940404106,high
primary,momentum_5d_lag2,0.0013542397491826622,0.007541277746362151,0.5029673590504451,0.9985185185185185,-0.030639633904596623,high
primary,up_count_std20,0.001347215530144742,0.007399825567221597,0.4911111111111111,1.0,0.026462804365752123,high
primary,menv_bond_10y2y_spread_accel_lag1,0.0013389786253129067,0.010114564081104024,0.510752688172043,0.41333333333333333,-0.023258882708834035,high
primary,down_count_std20,0.0013115761066428886,0.007205122495775755,0.4888888888888889,1.0,0.02772432760638339,high
primary,menv_cpi_z_z20_lag10,0.001249626006288172,0.010071566746684604,0.5165250236071766,0.7844444444444445,0.03149724199550864,high
primary,ind_return_min_std20,0.0012060489020923656,0.008966349501576746,0.5092936802973977,0.3985185185185185,0.035146869896535496,high
primary,ind_dispersion_20d_lag20,0.00113440049039809,0.008489714161226878,0.518783542039356,0.4140740740740741,-0.023534851037055847,high
primary,north_hold_pct_lag2,0.000861166717858547,0.004739988323057485,0.5023696682464455,0.6251851851851852,-0.023149507762662287,high
primary,high_low_ratio_lag10,0.0008430098738611174,0.005363671010584144,0.4642857142857143,0.06222222222222222,0.020327407199049432,high
primary,menv_regime_z_ma10_lag1,0.0006574379211584434,0.005165215991465645,0.5038759689922481,0.86,0.021873447165508077,high
primary,dv_days_since_z20,0.0006316561605286742,0.005125491795083916,0.5164011246485474,0.7903703703703704,0.02373298362951294,high
primary,ind_pct_up_std20,0.00037562349931110934,0.00279295396063059,0.4832089552238806,0.397037037037037,0.039731406291306406,high
primary,max_20d,0.0003202441289849159,0.0015701523730353752,0.49407407407407405,1.0,0.022943496361737953,high
primary,momentum_5d_std20_lag3,0.00024668578743639947,0.0015416941196179851,0.5014814814814815,1.0,0.023811453202972843,high
primary,fx_eur_cny_accel,0.00011186998846580229,0.0008424930198384024,0.5251396648044693,0.3977777777777778,0.02433197640956839,high
primary,bond_cn_10y_z20,-3.988611668493567e-06,-2.9873809808805442e-05,0.4722222222222222,0.4,-0.024852466635550217,high
primary,menv_regime_z_ma10_lag2,-0.00011648482092892761,-0.000916928152546653,0.4991438356164384,0.8651851851851852,0.02188517532666252,high
primary,ind_return_std_lag10,-0.0001337029091023626,-0.0009396929274222615,0.5059171597633136,0.25037037037037035,-0.021933418581078695,high
primary,momentum_5d_accel_lag20,-0.00014381462049919974,-0.0008194483587657521,0.49703703703703705,1.0,-0.02790193635733018,high
primary,menv_cpi_z_z20_lag3,-0.00014819233242565607,-0.0011855814190605066,0.5009842519685039,0.7525925925925926,0.03166245955692672,high
primary,momentum_5d_z20,-0.00015757606281664637,-0.0009023305651661008,0.5066666666666667,1.0,-0.022230044486849596,high
primary,momentum_5d_lag1,-0.0003322078128027156,-0.001826350748886016,0.504083147735709,0.9977777777777778,-0.034646090028383876,high
primary,momentum_5d_std20_lag5,-0.0005562995102004497,-0.0034681952743743807,0.5044444444444445,1.0,0.02170829993231565,high
primary,momentum_5d_std20_lag1,-0.0005733654215652568,-0.003537628082372175,0.49777777777777776,1.0,0.025063216043368874,high
primary,momentum_5d_std20_lag2,-0.0006645617007461618,-0.004104294136397544,0.49777777777777776,1.0,0.02351693837919486,high
primary,momentum_5d_lag20,-0.000782428579978871,-0.00436500096981132,0.49777777777777776,1.0,-0.03138936149235097,high
primary,shibor_O_N_z20,-0.0008924446434882494,-0.00675325045425432,0.5065176908752328,0.3977777777777778,-0.022521745602747063,high
primary,menv_cpi_z_accel_lag5,-0.0009231057224685264,-0.007405529853690091,0.4961165048543689,0.762962962962963,0.020494514206026902,high
primary,menv_cpi_z_z20_lag5,-0.000983048447735367,-0.00790603556940227,0.4941747572815534,0.762962962962963,0.029595073482916602,high
primary,momentum_5d_ma5_lag20,-0.0011198172122826601,-0.006226344875142219,0.4962962962962963,1.0,-0.03575359043400139,high
primary,menv_cpi_z_accel_lag1,-0.0011452645806157029,-0.009122937713531506,0.5059880239520959,0.7422222222222222,0.03528791124738169,high
primary,margin_trend_4q_lag2,-0.0012213915226671806,-0.008867858814150975,0.5074074074074074,1.0,0.025309296799339208,high
primary,ind_return_max_ma5,-0.001615834995238185,-0.010594623100627044,0.4715909090909091,0.13037037037037036,-0.03484786179154264,high
primary,north_hold_pct_ma5,-0.001799899100469048,-0.00979488963759532,0.49660633484162897,0.6548148148148148,-0.020427376999438637,high
primary,menv_cpi_z_z20_lag2,-0.0018567864231529472,-0.01476038590489388,0.49554013875123887,0.7474074074074074,0.03617110555623567,high
primary,ind_return_mean_std20,-0.0018649466736923369,-0.013800735087614802,0.4851301115241636,0.3985185185185185,0.0393401309276376,high
primary,menv_cpi_z_accel_lag2,-0.0018707639001885753,-0.014827286766665759,0.49950445986124875,0.7474074074074074,0.027669825112074598,high
primary,ind_return_max_ma10,-0.0018837735869398618,-0.013608389346973802,0.46645367412140576,0.23185185185185186,-0.027502550430214396,high
primary,margin_trend_4q_lag3,-0.001960038936750604,-0.014247522519494762,0.5037037037037037,1.0,0.023901227077843014,high
primary,menv_bond_10y2y_spread_accel,-0.0020723266061971023,-0.015599440861391577,0.5121042830540037,0.3977777777777778,-0.026983084941244507,high
primary,bond_cn_10y2y_spread_accel,-0.0020723266061971023,-0.015599440861391577,0.5121042830540037,0.3977777777777778,-0.026983084941244507,high
primary,momentum_20d_std20_lag1,-0.0020975202795204977,-0.012899249632221298,0.4925925925925926,1.0,0.02013472902055848,high
primary,change_pct_accel,-0.0021265536110416793,-0.011997662150266463,0.5066666666666667,1.0,-0.02758595477607542,high
primary,menv_cpi_z_z20,-0.00218169325953765,-0.01728908154520254,0.49295774647887325,0.7362962962962963,0.03638900692297844,high
primary,momentum_5d_ma10_lag20,-0.0022228352603011173,-0.012541888648411928,0.49925925925925924,1.0,-0.024323120235249702,high
primary,momentum_5d_ma5,-0.0022750841326666625,-0.012593957700980039,0.5103703703703704,1.0,-0.024373925439414752,high
primary,dv_days_since_accel,-0.0024553465073064297,-0.019790618058181095,0.5004686035613871,0.7903703703703704,0.022033810880849894,high
primary,menv_cpi_z_z20_lag1,-0.0026701945795655027,-0.02099774495600343,0.49500998003992014,0.7422222222222222,0.040234687886539125,high
primary,margin_trend_4q_lag1,-0.0029102796514112136,-0.0212195064546981,0.5022222222222222,1.0,0.025981278367568045,high
primary,momentum_5d_std20,-0.002951272361556849,-0.01833428978408739,0.4925925925925926,1.0,0.029532310013406733,high
primary,change_pct_std20,-0.0030680376668845303,-0.019322115205257295,0.48962962962962964,1.0,0.028481068937802532,high
primary,ind_return_skew_ma10,-0.003096379134852108,-0.022106395071406514,0.4728434504792332,0.23185185185185186,-0.023227330706607607,high
primary,pledge_margin_dist_std20,-0.0031041486469522406,-0.021444044315279975,0.48148148148148145,1.0,-0.023896646290961943,high
primary,debt_ratio_lag5,-0.0031516832959319016,-0.02420809324425125,0.4749455337690632,0.34,0.0204723439689665,high
primary,m2_yoy_std20,-0.003207230700639353,-0.024268956337941,0.45893719806763283,0.30666666666666664,-0.02964169190204649,high
primary,momentum_20d_std20,-0.0033372930631295986,-0.020450355048173458,0.4925925925925926,1.0,0.024053109904757636,high
primary,north_hold_pct_ma20,-0.0034863295393331036,-0.018926336674823813,0.4949944382647386,0.6659259259259259,-0.02233244264389336,high
primary,menv_cpi_z_accel,-0.003517091356469347,-0.02779376345467866,0.4969818913480885,0.7362962962962963,0.03981439926364565,high
primary,gross_margin_lag10,-0.003616192265351637,-0.026746773775617964,0.5074626865671642,0.3474074074074074,0.02923662098872869,high
primary,ind_pct_up_ma5,-0.0037681578865385525,-0.02496208475194792,0.49714285714285716,0.12962962962962962,-0.023350288783424662,high
primary,menv_fx_usd_cny_z_std20_lag2,-0.0037988924777737527,-0.029981632657811338,0.4906427990235964,0.9103703703703704,0.02283539047901652,high
primary,momentum_20d_lag20,-0.003825269656991225,-0.021340853116725005,0.49777777777777776,1.0,-0.0247123151938967,high
primary,debt_ratio_lag10,-0.0038624520477269194,-0.029676296633958828,0.488272921108742,0.3474074074074074,0.030618565868067642,high
primary,momentum_5d,-0.0038773205286874455,-0.02127089263238339,0.49777117384843983,0.997037037037037,-0.02133471535735346,high
primary,menv_fx_usd_cny_z_std20,-0.003959788507171595,-0.03087747857864052,0.49219391947411667,0.9014814814814814,0.0250442552325698,high
primary,fx_eur_cny_z20,-0.004105820942526626,-0.030799495764108044,0.5174953959484346,0.4022222222222222,0.03203207586688174,high
primary,ind_return_mean_lag3,-0.004243960538198038,-0.026853714761103056,0.4482758620689655,0.10740740740740741,-0.03476434417745702,high
primary,momentum_5d_z20_lag20,-0.00434697444452821,-0.02505561464027949,0.48962962962962964,1.0,-0.0262147891386218,high
primary,ind_return_skew_z20,-0.004363126552009804,-0.032170592719371546,0.4851301115241636,0.3985185185185185,-0.028786217283889116,high
primary,momentum_252d_lag2,-0.004432708855074488,-0.024945961737294985,0.49332344213649854,0.9985185185185185,-0.020189863282953854,high
primary,change_pct_ma5,-0.004504252671293393,-0.02480195443932654,0.4948148148148148,1.0,-0.021460317817083907,high
primary,menv_fx_usd_cny_z_std20_lag1,-0.004580894450080629,-0.03594220895633856,0.4938675388389207,0.9059259259259259,0.024509022878444038,high
primary,momentum_252d_ma20,-0.004713370513903119,-0.02622234365589433,0.49703703703703705,1.0,-0.020021269353219524,high
primary,menv_fx_usd_cny_z_std20_lag3,-0.004830346448918839,-0.03901991631059051,0.4801619433198381,0.9148148148148149,0.021132263195452916,high
primary,momentum_252d_ma5,-0.004873451077943676,-0.027399117495699895,0.49333333333333335,1.0,-0.020266719932531645,high
primary,cpi_yoy_std20,-0.004916881888027074,-0.040686831330928326,0.4812398042414356,0.4540740740740741,-0.029632277005127487,high
primary,momentum_20d_ma20,-0.0050178032717584226,-0.02763532998328568,0.48962962962962964,1.0,-0.022530364827647316,high
primary,momentum_20d_ma20_lag1,-0.005041016564300404,-0.02769057460138838,0.4925925925925926,1.0,-0.022726308367152746,high
primary,fx_hkd_cny_std20,-0.0050827801886896935,-0.038761412780758495,0.46537842190016104,0.46,0.021591939661562143,high
primary,momentum_20d_ma20_lag5,-0.00509875436790877,-0.028057800899180942,0.4874074074074074,1.0,-0.02200828502197693,high
primary,momentum_252d_ma5_lag1,-0.0051431287916190805,-0.02886090621890766,0.4925925925925926,1.0,-0.020074017750623778,high
primary,margin_trend_4q,-0.005324806995635898,-0.03875453134475713,0.4888888888888889,1.0,0.02615173369905961,high
primary,ind_return_min_accel,-0.005382092049143309,-0.03971856177733826,0.45724907063197023,0.3985185185185185,-0.025133711235908816,high
primary,market_adv_ratio_lag3,-0.005450533906618068,-0.03502987909263925,0.4444444444444444,0.1,-0.030957294836707915,high
primary,momentum_252d_lag3,-0.005559287760836648,-0.031217466058722297,0.48851000741289846,0.9992592592592593,-0.020336549350984574,high
primary,momentum_20d_ma20_lag10,-0.005776709792170693,-0.03231499594742256,0.4866666666666667,1.0,-0.02285612034122658,high
primary,ps_ttm_lag20,-0.005777987454593921,-0.04353187592452153,0.4792592592592593,1.0,-0.03357579079449928,high
primary,momentum_5d_ma20_lag20,-0.005805878774532689,-0.03261663285469592,0.48962962962962964,1.0,-0.02203926762508856,high
primary,momentum_20d_ma5_lag20,-0.005828075166043526,-0.032636479936277954,0.4888888888888889,1.0,-0.022047458522550543,high
primary,obv,-0.005836317543704392,-0.045135227461865185,0.4762962962962963,1.0,-0.030503253829255044,high
primary,ind_matched_return_lag1,-0.00590492507634994,-0.02139610704375333,0.4932935916542474,0.9940740740740741,-0.020072380477362643,high
primary,momentum_252d_ma10,-0.005905164425355474,-0.033094272527426555,0.49037037037037035,1.0,-0.020184268058992313,high
primary,momentum_20d_ma20_lag2,-0.00617907635434816,-0.033895501058604414,0.4925925925925926,1.0,-0.022949757271626736,high
primary,momentum_60d_ma5_lag20,-0.006201600835474442,-0.034329745120254884,0.4888888888888889,1.0,-0.02401634822621656,high
primary,ind_return_skew_accel,-0.00625265165406723,-0.04639244134296224,0.4516728624535316,0.3985185185185185,-0.02712443726138255,high
primary,momentum_20d_ma20_lag3,-0.006436762490190787,-0.03531876017705252,0.49037037037037035,1.0,-0.02240306110408851,high
primary,menv_shibor_1m_z_std20_lag20,-0.006622716539094433,-0.05184119230346923,0.49151234567901236,0.96,0.025322353043452324,high
primary,momentum_20d_std20_lag20,-0.006623710425765984,-0.041107321249096794,0.4962962962962963,1.0,-0.031523866199510565,high
primary,mkt_cap_total_z_z20,-0.006668070451059852,-0.051881940089234246,0.4703389830508475,0.1748148148148148,-0.02351400835399727,high
primary,momentum_60d_lag20,-0.006767190496671295,-0.03748397147885945,0.48148148148148145,1.0,-0.024020319861823024,high
primary,ps_ttm_lag10,-0.006932013160145118,-0.051947642338684166,0.4703703703703704,1.0,-0.0365741032191341,high
primary,momentum_60d_ma10_lag10,-0.007048973283477603,-0.038980527172988624,0.4911111111111111,1.0,-0.02008276965764952,high
primary,fx_usd_cny_std20,-0.007125615402498255,-0.05482118535139669,0.4750378214826021,0.48962962962962964,0.022321286266856286,high
primary,ps_ttm_lag5,-0.007236224067196091,-0.05414873708140521,0.4688888888888889,1.0,-0.04056360841752627,high
primary,roa_lag10,-0.007663311785007543,-0.04711614870120491,0.47974413646055436,0.3474074074074074,0.021140521681262583,high
primary,ps_ttm_lag3,-0.007778253116310133,-0.058231083390474496,0.46074074074074073,1.0,-0.04521077327005074,high
primary,momentum_60d_ma10_lag20,-0.007866528547167437,-0.04400403576006648,0.4762962962962963,1.0,-0.02188127521577019,high
primary,momentum_60d_lag2,-0.007920178491156423,-0.044249861387892386,0.49332344213649854,0.9985185185185185,-0.02223839121677008,high
primary,ps_ttm_lag2,-0.008036476562466172,-0.060154769375458834,0.46444444444444444,1.0,-0.04612641194421694,high
primary,menv_fx_usd_cny_z_std20_lag5,-0.00809258790354883,-0.063762996869007,0.4771084337349398,0.9222222222222223,0.021213120591746105,high
primary,margin_balance_ma5,-0.008105375115649209,-0.04248678523819203,0.48518518518518516,1.0,-0.02064443263443693,high
primary,margin_balance_lag2,-0.008119859848144,-0.042560937289190214,0.482962962962963,1.0,-0.020476932006595155,high
primary,klow2,-0.008120084480965285,-0.05626692350218199,0.46444444444444444,1.0,-0.031211708502107686,high
primary,margin_balance_lag1,-0.008179660636442569,-0.0428986050989424,0.48814814814814816,1.0,-0.021600158841911257,high
primary,ps_ttm_lag1,-0.008264323104192778,-0.061852937960237823,0.4614814814814815,1.0,-0.04844702204645794,high
primary,margin_balance,-0.008333739982610115,-0.04368585205043787,0.48814814814814816,1.0,-0.022318138059854397,high
primary,momentum_60d_ma20_lag10,-0.00852490165048781,-0.047711628017858464,0.48074074074074075,1.0,-0.02102648784265419,high
primary,ps_ttm,-0.00874758753978878,-0.06538987668518778,0.4674074074074074,1.0,-0.04955560255394437,high
primary,short_balance_std20,-0.008934306540429855,-0.053273198432286846,0.47333333333333333,1.0,-0.020339058141467952,high
primary,stock_vs_industry_lag10,-0.009003266195373526,-0.033265502117803616,0.48628613787991104,0.9992592592592593,-0.021120443752552093,high
primary,momentum_60d_lag1,-0.009068756640005836,-0.05032969057339191,0.4862657757980698,0.9977777777777778,-0.022354248729399912,high
primary,momentum_60d_ma20_lag20,-0.009168715062934148,-0.05114379258723732,0.47185185185185186,1.0,-0.021674796495417696,high
primary,momentum_60d_ma5,-0.009199232338997181,-0.05074112951752362,0.48444444444444446,1.0,-0.02109358246398607,high
primary,momentum_60d_lag3,-0.009937447896478411,-0.055424175802870304,0.49295774647887325,0.9992592592592593,-0.021259040987495557,high
primary,short_balance,-0.009963683737403951,-0.05782834570592568,0.4674074074074074,1.0,-0.020242664783734505,high
primary,ind_pct_up_lag3,-0.010438912215530458,-0.06593181848180396,0.4236111111111111,0.10666666666666667,-0.03675075132206544,high
primary,menv_us_cn_10y_spread_z20_lag5,-0.01128329958173376,-0.08507064125658331,0.454983922829582,0.46074074074074073,-0.020319436669728963,high
primary,investor_new_z_accel,-0.011835583884678681,-0.09151850192419775,0.4703389830508475,0.1748148148148148,-0.0313049745023697,high
primary,investor_new_num_accel,-0.011864856398834668,-0.09175411150570033,0.4703389830508475,0.1748148148148148,-0.02782042629295332,high
primary,menv_bond_10y2y_spread_std20_lag10,-0.012611384526584555,-0.09898077046557567,0.46164978292329956,0.5118518518518519,0.02317547035501701,high
primary,rsi_12_lag20,-0.012649379707485224,-0.06933947888826196,0.4785185185185185,1.0,-0.02920755659272455,high
primary,market_state_normal_accel_lag3,-0.012835145370587045,-0.08804565785246392,0.38461538461538464,0.00962962962962963,-0.026701263778302564,high
primary,ma_120,-0.013586687243082873,-0.07407313268748718,0.4688888888888889,1.0,-0.040238497392811864,high
primary,north_hold_pct_std20,-0.013773930866325274,-0.07896988595202356,0.4638487208008899,0.6659259259259259,-0.025554823199642283,high
primary,ind_return_max_lag3,-0.014090574503025572,-0.08832221220150724,0.4206896551724138,0.10740740740740741,-0.033978062465180564,high
primary,ind_return_min_lag3,-0.014494298650863446,-0.09171686660668546,0.42758620689655175,0.10740740740740741,-0.02516095093562774,high
primary,ma_60,-0.014657870722353089,-0.07884638725769444,0.4696296296296296,1.0,-0.048326848096080864,high
primary,low_lag20,-0.014660375992088213,-0.07850536068627303,0.4703703703703704,1.0,-0.047507934726895254,high
primary,boll_lower,-0.014668329548554463,-0.07897713010752733,0.4674074074074074,1.0,-0.055187515060818836,high
primary,open_lag20,-0.01488387219609914,-0.07965651348732282,0.4703703703703704,1.0,-0.04725840339618052,high
primary,ind_return_mean_ma5,-0.014941609484251954,-0.09811577123298848,0.4715909090909091,0.13037037037037036,-0.026705838812811366,high
primary,close_lag20,-0.015199024207749188,-0.0813658077445792,0.4711111111111111,1.0,-0.04782059049909232,high
primary,is_sector_leader_ma10,-0.015418578229221346,-0.11642320763242016,0.4407796101949025,0.9881481481481481,-0.023135192130997146,high
primary,high_lag20,-0.015451984632669015,-0.08270783445675185,0.47185185185185186,1.0,-0.047033135597602194,high
primary,is_sector_leader_ma5,-0.015570800798408096,-0.11394716042344383,0.4403292181069959,0.9,-0.021096668350088416,high
primary,low_lag10,-0.01609415957293419,-0.08597809429890006,0.46814814814814815,1.0,-0.05194419008595681,high
primary,open_lag10,-0.016515583961530758,-0.08820100625412226,0.46370370370370373,1.0,-0.051407436154440836,high
primary,kdj_d_9,-0.016628605143273793,-0.08833174662664027,0.4696296296296296,1.0,-0.024839720008577627,high
primary,close_lag10,-0.016686561318985233,-0.08920063738737052,0.4659259259259259,1.0,-0.05245226664174971,high
primary,low_lag5,-0.016920404515088434,-0.09039809705862738,0.46296296296296297,1.0,-0.05687244533111004,high
primary,cntp_60d,-0.016939561684337606,-0.09882777705637938,0.4674074074074074,1.0,-0.021762736482850157,high
primary,is_sector_leader_ma20,-0.016987269109615698,-0.13158843662895015,0.44592592592592595,1.0,-0.022628204347079645,high
primary,sf_total_ma10,-0.017043988050767657,-0.12815362482123768,0.4154929577464789,0.10518518518518519,0.022950020793236013,high
primary,high_lag10,-0.01707578901637565,-0.0912647946183497,0.46370370370370373,1.0,-0.05163611862419139,high
primary,ema_26,-0.0170803728165158,-0.09145888989340785,0.4651851851851852,1.0,-0.062045142075559535,high
primary,open_lag5,-0.017141219741379426,-0.09148942971641702,0.4659259259259259,1.0,-0.05660185574430572,high
primary,boll_mid,-0.01715991308304464,-0.09180991285883289,0.46074074074074073,1.0,-0.05963828842747425,high
primary,ma_20,-0.01715991308304464,-0.09180991285883289,0.46074074074074073,1.0,-0.05963828842747425,high
primary,pb_percentile_252d_lag20,-0.017214676895227078,-0.09115170757493819,0.4659259259259259,1.0,-0.023352095253681322,high
primary,margin_balance_z20,-0.017559904087710677,-0.10796369718166036,0.4540740740740741,1.0,-0.022500814450058523,high
primary,close_lag5,-0.01767729699279479,-0.09440512712057167,0.45925925925925926,1.0,-0.05854374035872243,high
primary,low_lag3,-0.01791930800427605,-0.09551044605432481,0.46296296296296297,1.0,-0.06381812040514565,high
primary,high_lag5,-0.018017229430780813,-0.09615230054980442,0.4585185185185185,1.0,-0.0577246902106332,high
primary,low_lag2,-0.018046735968530823,-0.09626907090446418,0.4622222222222222,1.0,-0.06673161093022073,high
primary,ma_10,-0.01822678224202928,-0.09738793159529978,0.4622222222222222,1.0,-0.06424345386995868,high
primary,open_lag3,-0.018286380806739777,-0.09749704397998246,0.4622222222222222,1.0,-0.06251579202803552,high
primary,ema_12,-0.01828831377283171,-0.09768339643260668,0.46296296296296297,1.0,-0.06657784940750092,high
primary,low_lag1,-0.01834994182476819,-0.09789917585279945,0.46074074074074073,1.0,-0.06821843426006709,high
primary,open_lag2,-0.018351591105048606,-0.09788232639607167,0.4614814814814815,1.0,-0.06575422186671812,high
primary,kdj_d_14,-0.018363569033647303,-0.09645723748638604,0.4666666666666667,1.0,-0.02315666277465335,high
primary,close_lag3,-0.0184580996601352,-0.09843148863510137,0.45925925925925926,1.0,-0.06465415838883785,high
primary,open_lag1,-0.018755306449067245,-0.1000456610373125,0.45925925925925926,1.0,-0.06772452061548646,high
primary,close_lag2,-0.01877321662151355,-0.10022020573589284,0.46074074074074073,1.0,-0.06805195607229231,high
primary,cntd_30d,-0.01890050780208513,-0.11281086476371846,0.4622222222222222,1.0,-0.020712537531768556,high
primary,high_lag3,-0.01892948597205582,-0.10090747744928504,0.45925925925925926,1.0,-0.0637584878153827,high
primary,high_lag2,-0.019062359589224507,-0.10172443913791228,0.45925925925925926,1.0,-0.06712540681279919,high
primary,pb_mrq_lag20,-0.019118201507921553,-0.09778320554774958,0.46444444444444444,1.0,-0.041419652408753185,high
primary,rsi_12_lag5,-0.019120698665992673,-0.09968993737267318,0.46814814814814815,1.0,-0.021690209108389574,high
primary,ma_5,-0.01920224755439975,-0.10256663427579893,0.46296296296296297,1.0,-0.06981445794971337,high
primary,boll_upper,-0.019282036114422436,-0.10262614662627816,0.45555555555555555,1.0,-0.05589708411617754,high
primary,close_lag1,-0.019346276855413087,-0.10328523395340519,0.46,1.0,-0.06892097182404211,high
primary,market_state_weak_z20_lag20,-0.019632678282539902,-0.16198318210243545,0.5,0.002962962962962963,-0.020652708112519454,high
primary,permanent_impact_ma10,-0.019922828757048525,-0.10341930842624056,0.4585185185185185,1.0,-0.025540617901759884,high
primary,high_lag1,-0.020109947857113418,-0.10734576440527528,0.4585185185185185,1.0,-0.06910314188117293,high
primary,news_sent_x_macd,-0.020123593118226663,-0.16920212935803514,0.4128113879003559,0.20814814814814814,-0.007916079950460075,high
primary,cntd_10d,-0.02013988609091715,-0.12414181092603253,0.4562962962962963,1.0,-0.019057804737770617,high
primary,margin_buy_lag20,-0.020227833891385015,-0.10488950301644726,0.46,1.0,-0.026509542109230316,high
primary,news_sent_volume,-0.020247390619563887,-0.16088051194743316,0.41637010676156583,0.20814814814814814,-0.008657874144234901,high
primary,permanent_impact_ma5,-0.020248034287787424,-0.10528083115068142,0.4488888888888889,1.0,-0.02574382049870044,high
primary,rsi_12_lag3,-0.02031343550155608,-0.10644109667905523,0.45555555555555555,1.0,-0.03009566647931136,high
primary,net_zt_proportion_lag3,-0.02040674948639487,-0.10353732326802474,0.5,0.005925925925925926,-0.007446104870686532,high
primary,gdp_cn_yoy_lag2,-0.020428604293369082,-0.15904779731034932,0.2,0.003703703703703704,-0.0017087651716639549,high
primary,lhb_count_5d_lag2,-0.02050188597930302,-0.12672355157925802,0.45410628019323673,0.92,-0.017185832218073144,high
primary,pb_mrq_lag10,-0.020665597640122053,-0.10538391391482682,0.46814814814814815,1.0,-0.04614428450792083,high
primary,menv_m1_m2_spread_ma20_lag5,-0.02077703322808395,-0.15531293449766595,0.41766109785202865,0.31037037037037035,-0.00045305590207039907,high
primary,lhb_is_sustained_lag2,-0.020802699249128413,-0.12689742403373702,0.43333333333333335,0.2222222222222222,-0.008093808039642164,high
primary,guba_attention_z,-0.020952194660697834,-0.16546008945276788,0.43037037037037035,1.0,-0.016001135125159074,high
primary,vol_up_ratio_20,-0.021036428258327355,-0.1363492536977915,0.4474074074074074,1.0,-0.011147917116031532,high
primary,north_net_buy_std20,-0.021059768269082672,-0.1077803427369355,0.45050055617352613,0.6659259259259259,-0.031090729759747433,high
primary,cord_10d,-0.021083272694496745,-0.15802582762905187,0.43925925925925924,1.0,-0.022794454369998017,high
primary,ind_return_std_lag3,-0.021091012326992193,-0.13365037255386134,0.4413793103448276,0.10740740740740741,-0.007011721595238459,high
primary,menv_m1_m2_spread_ma5_lag1,-0.021194876940952723,-0.15466326086830198,0.3972602739726027,0.05407407407407407,0.008055082478461609,high
primary,cord_30d,-0.021210209651481914,-0.15610536047327175,0.4362962962962963,1.0,-0.01969115619502342,high
primary,sentiment_std_ma5,-0.02122478365949407,-0.1768633857758779,0.43286573146292584,0.36962962962962964,-0.00999843411346838,high
primary,imxd_60d,-0.02125531747416673,-0.1150031804137447,0.46296296296296297,1.0,-0.03202448860617894,high
primary,m1_yoy_ma20,-0.02145585843145375,-0.1621884344969395,0.4,0.24074074074074073,-0.0036962648999688667,high
primary,pb_mrq_lag5,-0.02158887031169737,-0.11040256260947949,0.4703703703703704,1.0,-0.05121993328391703,high
primary,market_adv_ratio_lag1,-0.02158953007906904,-0.13388948856179886,0.4305555555555556,0.05333333333333334,0.0012261734738562094,high
primary,cord_20d,-0.021815885568353087,-0.16153546913016373,0.44296296296296295,1.0,-0.021217287955570756,high
primary,lhb_present_lag2,-0.021835198141400527,-0.13547276293074564,0.421957671957672,0.56,-0.010782862863186608,high
primary,bond_cn_5y,-0.021842549848116705,-0.1308593369713679,0.4146341463414634,0.03037037037037037,-0.0076610667032314,high
primary,market_state_volatile_lag5,-0.021852923386793923,-0.1314904565188535,0.5714285714285714,0.005185185185185185,-0.00031614547533464034,high
primary,lhb_count_5d_lag3,-0.021863674294120897,-0.13715087051380914,0.4605475040257649,0.92,-0.01934538987473076,high
primary,lhb_buy_ratio_lag2,-0.021878553783574353,-0.1356492069167189,0.42592592592592593,0.56,-0.010787771170231998,high
primary,volume_lag20,-0.021893515631971196,-0.12826436547500877,0.4540740740740741,1.0,-0.018818816444246506,high
primary,lhb_count_5d_lag1,-0.02200504276685852,-0.13528840261195663,0.43397745571658614,0.92,-0.02098058671457609,high
primary,sentiment_mean_lag3,-0.0220182574937198,-0.18869812809427428,0.420863309352518,0.20592592592592593,-0.011649866041800759,high
primary,ind_return_mean_lag1,-0.022042900654088142,-0.13453082403834976,0.3974358974358974,0.057777777777777775,-0.009204016407220331,high
primary,news_sent_x_roc20_lag1,-0.0220483650443516,-0.18075573462824862,0.4244604316546763,0.20592592592592593,-0.0012570070781977253,high
primary,ind_return_max_lag1,-0.022112172630841944,-0.1346885826816458,0.4230769230769231,0.057777777777777775,-0.01117352830502148,high
primary,news_sent_volume_lag3,-0.02216142499960452,-0.18981864974326929,0.41007194244604317,0.20592592592592593,-0.011680018798533346,high
primary,menv_m1_m2_spread_ma5_lag20,-0.022188338059104327,-0.16857291591713702,0.4186046511627907,0.15925925925925927,-0.00847316655788283,high
primary,macd_hist,-0.02221658286107033,-0.11910165287873252,0.45037037037037037,1.0,-0.025931727757065988,high
primary,pb_mrq_lag3,-0.022241383355757836,-0.11352242332654892,0.46074074074074073,1.0,-0.05723496987228969,high
primary,cb_0_ma20_lag1,-0.02227935395905541,-0.12546693992969593,0.4444444444444444,0.006666666666666667,0.015483371151096216,high
primary,cb_0_ma10_lag1,-0.02227935395905541,-0.12546693992969593,0.4444444444444444,0.006666666666666667,0.015483371151096216,high
primary,cb_0_std20_lag1,-0.02227935395905541,-0.12546693992969593,0.4444444444444444,0.006666666666666667,0.015483371151096216,high
primary,cntp_20d,-0.02229209601516273,-0.13632827544888124,0.4488888888888889,1.0,-0.013506083485652154,high
primary,has_news,-0.02239234953097217,-0.16568836841020432,0.4276094276094276,0.22,-0.017025700065945903,high
primary,news_net_bullish_lag1,-0.0224364009171493,-0.1891074019054148,0.44244604316546765,0.20592592592592593,-0.012374171820437863,high
primary,pb_mrq_lag2,-0.022449273724109663,-0.1143331878878452,0.4622222222222222,1.0,-0.05857852479118643,high
primary,corr_30d,-0.022507676980755266,-0.14606845058702206,0.4577777777777778,1.0,-0.020001212704228347,high
primary,shibor_9M_std20,-0.022513380385549217,-0.17218668523052436,0.4358108108108108,0.43851851851851853,0.014068973312411592,high
primary,rsi_12_lag2,-0.02252783304374809,-0.11683295463366662,0.45111111111111113,1.0,-0.03368542170614283,high
primary,news_guba_ratio_lag1,-0.02267655892774431,-0.18639498747267544,0.41522491349480967,0.21407407407407408,-0.01722870404709521,high
primary,news_net_bullish_lag3,-0.022688079731770804,-0.193634966385557,0.42391304347826086,0.20444444444444446,-0.011874028655592242,high
primary,news_net_bullish,-0.022931571954907446,-0.18312112502530797,0.41935483870967744,0.20666666666666667,-0.010860790763337127,high
primary,sector_vol_volatility_ma20,-0.022981928711964597,-0.15955780504486705,0.43333333333333335,1.0,-0.011929779202623291,high
primary,pb_mrq_lag1,-0.023064198519979495,-0.11750538725386375,0.4614814814814815,1.0,-0.06123678073137127,high
primary,board_momentum_max_std20_lag1,-0.023079069991857784,-0.1201503854808803,0.4444444444444444,0.006666666666666667,0.017429881522958688,high
primary,board_momentum_mean_std20_lag1,-0.023079069991857784,-0.1201503854808803,0.4444444444444444,0.006666666666666667,0.017429881522958688,high
primary,sector_vol_volatility_ma10,-0.023092433416939753,-0.16567492621658478,0.43851851851851853,1.0,-0.014395545613746856,high
primary,cntp_30d,-0.023126536932946078,-0.13957258878449005,0.44666666666666666,1.0,-0.023128573648783714,high
primary,pb_percentile_252d_lag10,-0.023162236006791726,-0.11806658370818385,0.46444444444444444,1.0,-0.023995108480139218,high
primary,news_sent_bull_vol,-0.023165060655582725,-0.1817862809378716,0.4219409282700422,0.17555555555555555,-0.010156526710995631,high
primary,news_disagreement,-0.023226898226309457,-0.1833598682024865,0.4109090909090909,0.2037037037037037,-0.006368046559884847,high
primary,concept_zt_ratio_ma20,-0.023235689919863557,-0.14680290284668557,0.4782608695652174,0.017037037037037038,0.00044999669925464164,high
primary,cntp_10d,-0.023266037663442356,-0.14502830467516983,0.45555555555555555,1.0,-0.020693307081035527,high
primary,sentiment_std,-0.023306389198839907,-0.18323378862386783,0.4036363636363636,0.2037037037037037,-0.006443613140201918,high
primary,ind_return_skew_lag1,-0.023317078756526756,-0.14148398703813495,0.41025641025641024,0.057777777777777775,0.0017363363822249795,high
primary,positive_ratio_lag1,-0.02333314526268906,-0.19248750687562652,0.43272727272727274,0.2037037037037037,-0.01341562899838333,high
primary,board_momentum_max_accel,-0.02338370201993215,-0.1588680769066545,0.5,0.007407407407407408,-0.008247770154496282,high
primary,board_change_pct_accel,-0.02338370201993215,-0.1588680769066545,0.5,0.007407407407407408,-0.008247770154496282,high
primary,board_momentum_mean_accel,-0.02338370201993215,-0.1588680769066545,0.5,0.007407407407407408,-0.008247770154496282,high
primary,menv_us_cn_10y_spread_lag1,-0.023442761524396193,-0.14137964100838202,0.44871794871794873,0.057777777777777775,0.004083081841801915,high
primary,positive_ratio,-0.023476936841513096,-0.18948488699922378,0.4057971014492754,0.20444444444444446,-0.010276719435180489,high
primary,imax_60d,-0.023538182535263363,-0.13611229343028364,0.4525925925925926,1.0,-0.024272898563420152,high
primary,news_count,-0.023539630581368556,-0.18775650122858045,0.41379310344827586,0.21481481481481482,-0.015888350034246018,high
primary,pb_mrq,-0.023637338908356537,-0.120337816954318,0.46296296296296297,1.0,-0.06277783367749992,high
primary,vsumd_20d,-0.02366750544894726,-0.15565719291319555,0.43851851851851853,1.0,-0.00620342687156779,high
primary,vsump_20d,-0.02366750544894726,-0.15565719291319555,0.43851851851851853,1.0,-0.00620342687156779,high
primary,cpi_yoy_ma10,-0.02390641057250198,-0.1928202418131181,0.46,0.07407407407407407,-0.0043879893611622825,high
primary,limit_up_count_5d,-0.024023913721142525,-0.1479490240751399,0.4296520423600605,0.9792592592592593,-0.01626106722464665,high
primary,imax_10d,-0.024060002789408477,-0.14434194120823782,0.4437037037037037,1.0,-0.02241069362590072,high
primary,market_state_normal_ma10_lag2,-0.024067736018610432,-0.1733807681429061,0.5454545454545454,0.008148148148148147,0.0023436951155607574,high
primary,bond_cn_5y_lag1,-0.024313510489333334,-0.14878355360307163,0.4025974025974026,0.05703703703703704,-0.006847393751756739,high
primary,corr_20d,-0.024352229835610074,-0.16056289803487037,0.4488888888888889,1.0,-0.02194062424842687,high
primary,margin_balance_std20,-0.024420613264032776,-0.12801183427917207,0.4474074074074074,1.0,-0.02257440562456773,high
primary,concept_zt_ratio_std20,-0.024500667015347283,-0.15936685269260464,0.43478260869565216,0.017037037037037038,0.000387976737473626,high
primary,bond_cn_10y_lag2,-0.024686942825994686,-0.16004784325628912,0.41964285714285715,0.08296296296296296,-0.00908899878955074,high
primary,kdj_k_9,-0.024747660560253744,-0.1322860058680668,0.44222222222222224,1.0,-0.02962194562025331,high
primary,news_sent_bull_vol_lag1,-0.02477562132216993,-0.2083464319262967,0.423728813559322,0.1748148148148148,-0.014306091788974165,high
primary,market_state_normal_ma10_lag1,-0.024799968951334142,-0.21999781481595987,0.36363636363636365,0.008148148148148147,0.005619937670997754,high
primary,market_state_volatile_ma5_lag3,-0.02485337611100117,-0.16203307001663025,0.4,0.007407407407407408,0.002245429663655694,high
primary,kdj_k_14,-0.024928454118575125,-0.13143415641589135,0.44592592592592595,1.0,-0.028271473802884816,high
primary,imax_5d,-0.025041016145885105,-0.1492898145260315,0.44180874722016306,0.9992592592592593,-0.017726977540298252,high
primary,cpi_yoy_lag3,-0.025044928608325502,-0.1792219881276848,0.4,0.018518518518518517,-0.0044577136796191495,high
primary,beta_60d,-0.025065761821045657,-0.11966039252583548,0.4451851851851852,1.0,-0.03371409867291862,high
primary,market_state_weak_ma5_lag10,-0.025072033323015958,-0.30490546726123013,0.5,0.005925925925925926,-0.016678613035002354,high
primary,stock_vs_industry_std20,-0.02511503210543467,-0.08071683491964987,0.46775389177168275,0.9992592592592593,-0.010130836854406564,high
primary,atr_14_lag20,-0.025188859252738432,-0.1295624169513964,0.4414814814814815,1.0,-0.03499199510068106,high
primary,lhb_buy_ratio_ma5,-0.025229327282943588,-0.15385830912375345,0.4178743961352657,0.92,-0.02251005091474037,high
primary,lhb_present_ma5,-0.025235736508812535,-0.15392644614778556,0.41867954911433175,0.92,-0.02250900645981062,high
primary,lhb_count_5d,-0.025235736508812535,-0.15392644614778556,0.41867954911433175,0.92,-0.02250900645981062,high
primary,concept_zt_ratio_accel,-0.025284950579181724,-0.174040851270748,0.43478260869565216,0.017037037037037038,-0.023004572237420806,high
primary,m1_yoy_ma10,-0.025309690226085754,-0.1927096326181357,0.381294964028777,0.10296296296296296,-0.0005029404246886587,high
primary,lhb_is_wave_lag2,-0.025452212724060144,-0.1571719055027744,0.4318181818181818,0.16296296296296298,-0.012808812496067391,high
primary,lhb_is_drop_lag20,-0.02548307054774515,-0.19841778087744386,0.40298507462686567,0.1985185185185185,-0.007804786651302985,high
primary,permanent_impact_ma20,-0.025508248535677142,-0.12769911075021617,0.44,1.0,-0.023087628786570058,high
primary,menv_m1_m2_spread_ma5_lag3,-0.02552093797887516,-0.20048163187771137,0.3870967741935484,0.06888888888888889,0.007576715004093288,high
primary,menv_m1_m2_spread_ma5_lag5,-0.025638043246523894,-0.19645001909380108,0.3879310344827586,0.08592592592592592,0.005394307610827623,high
primary,sector_vol_volatility_ma5,-0.025658860270228623,-0.18740143705616916,0.43407407407407406,1.0,-0.016358244918764926,high
primary,beta_20d,-0.025934243159603756,-0.13008155029880314,0.44592592592592595,1.0,-0.027685028449301846,high
primary,news_disagreement_lag1,-0.02601482118548678,-0.22513240220410102,0.4197080291970803,0.20296296296296296,-0.01298313940939152,high
primary,cord_5d,-0.026111210990365005,-0.20467521636452807,0.422962962962963,1.0,-0.02418844889149397,high
primary,sentiment_std_lag1,-0.026207498226509623,-0.22641801333290604,0.4233576642335766,0.20296296296296296,-0.013022014523730866,high
primary,market_state_normal_ma10,-0.026265552000934635,-0.21280714471979661,0.36363636363636365,0.008148148148148147,0.0007387696180662877,high
primary,menv_m1_m2_spread_ma20,-0.026375488281360788,-0.20254126567610492,0.39221556886227543,0.2474074074074074,0.004219792510537243,high
primary,menv_m1_m2_spread_ma5_lag2,-0.026421461000683412,-0.20226308480149804,0.37349397590361444,0.061481481481481484,0.00819539702392216,high
primary,news_count_lag1,-0.026459951152878605,-0.21684906218086664,0.3944636678200692,0.21407407407407408,-0.017430702553911964,high
primary,pb_percentile_252d_lag5,-0.026464184866788927,-0.1351991919075203,0.4533333333333333,1.0,-0.028429435711004758,high
primary,menv_m1_m2_spread_ma20_lag1,-0.026486714247253674,-0.20177600647590524,0.38920454545454547,0.2607407407407407,0.0038149494547446913,high
primary,lhb_is_wave_lag5,-0.02652852629419401,-0.17548653435069098,0.41363636363636364,0.16296296296296298,-0.013542024403835588,high
primary,menv_m1_m2_spread_ma10_lag3,-0.026847270452393997,-0.21343213975369368,0.3850267379679144,0.1385185185185185,0.006822129062994747,high
primary,menv_m1_m2_spread_ma20_lag3,-0.026885755057796487,-0.2032225298178175,0.39378238341968913,0.2859259259259259,0.0016146535557429078,high
primary,m1_yoy_lag20,-0.027034284872171258,-0.2163145399463367,0.3465346534653465,0.07481481481481482,-0.010015255645258491,high
primary,flow_market_cap_adj_std20,-0.027048635162863245,-0.1699573824177476,0.422962962962963,1.0,-0.028372915907524415,high
primary,corr_10d,-0.027121219583295133,-0.18551303982622305,0.44074074074074077,1.0,-0.026640674058449432,high
primary,is_zb_lag1,-0.02726787358926695,-0.1942445191115474,0.2857142857142857,0.005185185185185185,-0.003306848302801158,high
primary,lhb_buy_ratio_ma10,-0.027274766442585405,-0.16343855125900714,0.438386855862584,0.9918518518518519,-0.02308111544656837,high
primary,concept_zt_count_accel,-0.027301631964443004,-0.191550225415275,0.43478260869565216,0.017037037037037038,-0.023004572237420806,high
primary,lhb_is_wave_lag10,-0.027333148073843985,-0.19813081027972096,0.410958904109589,0.1622222222222222,-0.011197029135961262,high
primary,market_state_weak_z20,-0.027348823117517483,-0.15586878333489657,0.46153846153846156,0.00962962962962963,-0.00285174622892037,high
primary,margin_buy_lag10,-0.027381788629057633,-0.13959565137637914,0.4451851851851852,1.0,-0.03228331845693902,high
primary,imxd_20d,-0.027417552443653855,-0.1521566096164355,0.43777777777777777,1.0,-0.023522366404011688,high
primary,lhb_present_ma10,-0.027440377466024415,-0.16444600221096195,0.4361463778939507,0.9918518518518519,-0.023224704528073598,high
primary,macd_dea,-0.027448291728019273,-0.13536663138123356,0.4585185185185185,1.0,-0.03572345437378458,high
primary,lhb_is_wave_ma20,-0.027512913160883175,-0.18475912731349903,0.4354026845637584,0.882962962962963,-0.02350081313829057,high
primary,lhb_is_wave_std20,-0.027512913160883175,-0.18475912731349903,0.4354026845637584,0.882962962962963,-0.023488283875299717,high
primary,lhb_is_wave_ma5,-0.027554216121126865,-0.17370389012774756,0.417298937784522,0.48814814814814816,-0.023058818257545924,high
primary,lhb_count_5d_ma5,-0.027561000893182377,-0.16644978462622215,0.4426106526631658,0.9874074074074074,-0.02328117616768794,high
primary,corr_5d,-0.0276128662547672,-0.19406569216864655,0.41185185185185186,1.0,-0.025622814099484775,high
primary,menv_m1_m2_spread_ma10_lag2,-0.027651466170140745,-0.2145189366298145,0.3815028901734104,0.12814814814814815,0.007840930190661708,high
primary,sector_vol_volatility,-0.027775746433185484,-0.20496430403551896,0.41679049034175336,0.997037037037037,-0.016994165623452632,high
primary,rsi_12_lag1,-0.02782261827776144,-0.14024598731206253,0.43925925925925924,1.0,-0.03196590142900374,high
primary,imax_20d,-0.02785260718266769,-0.1629453725955162,0.4362962962962963,1.0,-0.021814076535426608,high
primary,imxd_30d,-0.027898285033733018,-0.15443053716703606,0.44074074074074077,1.0,-0.029294296446304678,high
primary,market_state_volatile_ma10_lag5,-0.027933976464649922,-0.23803312148152292,0.3076923076923077,0.00962962962962963,0.0016815608906080935,high
primary,bond_cn_2y,-0.02795721567253669,-0.1684153554159401,0.3902439024390244,0.03037037037037037,-0.008028634824926476,high
primary,imxd_10d,-0.027958562484507374,-0.1589939273473615,0.4288888888888889,1.0,-0.028249594070606326,high
primary,gap_up_pct,-0.02804315596340621,-0.202278220822034,0.41259259259259257,1.0,-0.013117905817372048,high
primary,lhb_buy_ratio_lag1,-0.02822391829750744,-0.17760680024209916,0.42251655629139073,0.5592592592592592,-0.019934194207834738,high
primary,lhb_present_lag1,-0.028229891802427073,-0.17762020474622894,0.4198675496688742,0.5592592592592592,-0.01997808943414628,high
primary,imax_30d,-0.02828094704975695,-0.17076553716647688,0.43925925925925924,1.0,-0.026236447322203378,high
primary,margin_buy_lag5,-0.028524682807261524,-0.1444697845576215,0.4451851851851852,1.0,-0.02608273781606528,high
primary,lhb_count_5d_ma10,-0.02884642140403017,-0.17178037637235277,0.43851851851851853,1.0,-0.02242927125755915,high
primary,menv_m1_m2_spread_lag20,-0.028855815889560387,-0.22682249103518887,0.37142857142857144,0.07777777777777778,-0.0077872758668983385,high
primary,menv_m1_m2_spread_ma20_lag2,-0.028879161852875,-0.217111639214675,0.3875338753387534,0.2733333333333333,0.0026127994135349006,high
primary,beta_30d,-0.02889640103442155,-0.14255804859725957,0.45037037037037037,1.0,-0.03190318460976728,high
primary,investor_new_num_lag3,-0.02890364351593157,-0.2074070417302449,0.4074074074074074,0.02,-0.011312876842177404,high
primary,investor_new_z_lag3,-0.02890364351593157,-0.2074070417302449,0.4074074074074074,0.02,-0.017608287151768428,high
primary,pb_percentile_252d_lag2,-0.029033657417742737,-0.14983243136464403,0.46296296296296297,1.0,-0.03587948960618782,high
primary,m1_yoy_lag1,-0.029091664564289618,-0.191841248839192,0.42105263157894735,0.014074074074074074,-0.00031732930983101993,high
primary,investor_new_z_lag2,-0.02909218227715714,-0.2158829980097796,0.391304347826087,0.017037037037037038,-0.018123793377913925,high
primary,investor_new_num_lag2,-0.02909218227715714,-0.2158829980097796,0.391304347826087,0.017037037037037038,-0.012902919751840703,high
primary,lhb_net_amount_std20,-0.029149237187281678,-0.17477935211206705,0.43037037037037035,1.0,-0.020691386489065152,high
primary,lhb_buy_ratio_std20,-0.02941560561523469,-0.17642875531335103,0.4274074074074074,1.0,-0.020391902654966498,high
primary,volume_lag10,-0.029418563617155377,-0.17082282958021908,0.4348148148148148,1.0,-0.025996727965519197,high
primary,atr_14_lag10,-0.029485448929651343,-0.15096854632330708,0.4362962962962963,1.0,-0.02757485618483302,high
primary,menv_m1_m2_spread_ma10_lag1,-0.029495308283063966,-0.22431089669394366,0.375,0.11851851851851852,0.008597804807893602,high
primary,lhb_present_std20,-0.029505326647014208,-0.1770433068193417,0.42592592592592593,1.0,-0.02041975516034643,high
primary,cntd_5d,-0.029510075428556548,-0.1807994226652207,0.43777777777777777,1.0,-0.024265365539277,high
primary,lhb_count_5d_std20,-0.029571048400589103,-0.1743324021215321,0.43777777777777777,1.0,-0.020233430531835083,high
primary,lhb_present_ma20,-0.029573675575283564,-0.17752037186856115,0.42592592592592593,1.0,-0.020479324480429134,high
primary,vsumd_30d,-0.029586258552739355,-0.19679847724039343,0.4237037037037037,1.0,-0.006499656937316081,high
primary,vsump_30d,-0.029586258552739355,-0.19679847724039343,0.4237037037037037,1.0,-0.006499656937316081,high
primary,kdj_j_14,-0.029587511075249224,-0.16014021224061553,0.4348148148148148,1.0,-0.029296985048365264,high
primary,lhb_buy_ratio_ma20,-0.029601662741633908,-0.17760675412076193,0.42592592592592593,1.0,-0.020526683293359518,high
primary,lhb_count_5d_ma20,-0.029605895997745064,-0.17460285768391495,0.43851851851851853,1.0,-0.020375701468602726,high
primary,ksft2,-0.02961546843749938,-0.17523717830275876,0.4096296296296296,1.0,-0.02002972084456216,high
primary,trix,-0.029632131155197167,-0.1409994795991907,0.44814814814814813,1.0,-0.03522851530630221,high
primary,market_state_weak_std20_lag10,-0.029675903278183872,-0.1719294262266634,0.46153846153846156,0.00962962962962963,0.016695394464251466,high
primary,pb_percentile_252d_lag3,-0.029698195480060946,-0.1531509036056043,0.45037037037037037,1.0,-0.03582863688123527,high
primary,beta_10d,-0.029755736997767724,-0.15317413152021297,0.4325925925925926,1.0,-0.03894874867581551,high
primary,kdj_j_9,-0.030000378020596234,-0.1618726793894622,0.4348148148148148,1.0,-0.028232213030671038,high
primary,imxd_5d,-0.030003749802500264,-0.16997570019677807,0.43037037037037035,1.0,-0.0221748727059917,high
primary,investor_new_z,-0.030217787630106806,-0.23010176599644294,0.3333333333333333,0.0044444444444444444,-0.01766730536426438,high
primary,investor_new_num,-0.030217787630106806,-0.23010176599644294,0.3333333333333333,0.0044444444444444444,-0.011819973691179968,high
primary,lhb_is_wave_ma10,-0.030259543811872243,-0.19563756379993216,0.4213362068965517,0.6874074074074074,-0.029986210460328226,high
primary,pb_percentile_252d_lag1,-0.030616891511193525,-0.1590288508361706,0.44962962962962966,1.0,-0.03797743977855272,high
primary,margin_buy_lag3,-0.030965760913327284,-0.15685534616952676,0.4274074074074074,1.0,-0.03366691333509036,high
primary,net_zt_proportion_ma10,-0.030987545689396663,-0.18895685677330679,0.3076923076923077,0.00962962962962963,0.007537330399472972,high
primary,cntp_5d,-0.03125072492159763,-0.19341705018313224,0.43037037037037035,1.0,-0.024523070189062652,high
primary,ksft,-0.0312694893925666,-0.17124209317665987,0.4103703703703704,1.0,-0.01964989351777891,high
primary,margin_buy_lag1,-0.03129735171253021,-0.15903115552359184,0.43333333333333335,1.0,-0.0329050278723252,high
primary,margin_buy_ma20,-0.03136750201494566,-0.15465090295824108,0.43777777777777777,1.0,-0.03532131943605857,high
primary,kmid2,-0.03154932233977041,-0.178036095556453,0.4266666666666667,1.0,-0.012682059947999286,high
primary,margin_buy_lag2,-0.031603731148002655,-0.161226151891295,0.44074074074074077,1.0,-0.034227645733110865,high
primary,cb_0_accel_lag2,-0.031642441531585595,-0.18848469661935177,0.5,0.005925925925925926,0.006555638816567202,high
primary,vsump_60d,-0.03176436920619286,-0.2048109535654907,0.4162962962962963,1.0,-0.009707968491493597,high
primary,vsumd_60d,-0.03176436920619286,-0.2048109535654907,0.4162962962962963,1.0,-0.009707968491493597,high
primary,high_low_ratio_lag5,-0.031894096902858333,-0.19728229953295887,0.37037037037037035,0.04,0.011013448047976155,high
primary,lhb_is_drop_lag1,-0.03191367492350657,-0.21856495281749413,0.3962962962962963,0.2,-0.01002444481378252,high
primary,macd_dif,-0.032015878844070415,-0.15785507357097997,0.4414814814814815,1.0,-0.04202130144349865,high
primary,pb_percentile_252d,-0.03205263755186964,-0.16545012729600375,0.45037037037037037,1.0,-0.038401614280667476,high
primary,bond_us_10y_lag1,-0.03216213049882109,-0.19571824482984498,0.4189189189189189,0.054814814814814816,-0.00459264066154493,high
primary,cpi_yoy_lag10,-0.03238487742099183,-0.23623423365125912,0.4583333333333333,0.035555555555555556,-0.006257883505759879,high
primary,sump_10d,-0.03281947535879519,-0.17410075622616997,0.4325925925925926,1.0,-0.03319664260123034,high
primary,sumd_10d,-0.03281964994665937,-0.17409972316800426,0.4325925925925926,1.0,-0.03319694549667405,high
primary,market_state_weak_ma20_lag10,-0.033119104852075615,-0.20192454921212885,0.3076923076923077,0.00962962962962963,-0.016729170204221665,high
primary,atr_14_lag5,-0.03334223308483835,-0.16948452172108144,0.4288888888888889,1.0,-0.03486962185623087,high
primary,volume_lag5,-0.033614379502575314,-0.19356491447724053,0.4288888888888889,1.0,-0.02756935429779096,high
primary,margin_buy_ma10,-0.03367331332564014,-0.16666521511712992,0.43333333333333335,1.0,-0.03570064500011976,high
primary,menv_m1_m2_spread_ma10,-0.03372412917726221,-0.2619271828148044,0.35374149659863946,0.10888888888888888,0.007480108272217162,high
primary,volume_lag3,-0.03395004106639715,-0.19721076170942012,0.4177777777777778,1.0,-0.029585690583557124,high
primary,volume_lag2,-0.03410185726822667,-0.20111812196451076,0.42,1.0,-0.025546684478487243,high
primary,market_state_volatile_accel_lag1,-0.034190946834323464,-0.23750640894521677,0.38461538461538464,0.00962962962962963,-0.0043159959581260425,high
primary,market_state_normal_ma5_lag3,-0.03425134953976712,-0.2327146460341767,0.5,0.005925925925925926,-0.011760040989288035,high
primary,margin_buy,-0.034404701790442346,-0.17565514387992784,0.42814814814814817,1.0,-0.03114565793514059,high
primary,margin_buy_ma5,-0.034603209796839,-0.17297192564460223,0.44,1.0,-0.036823721795003955,high
primary,main_ratio_std20,-0.03486120072230178,-0.17042695065087726,0.4237037037037037,1.0,-0.040742925334839045,high
primary,main_net_std20,-0.03486120072230178,-0.17042695065087726,0.4237037037037037,1.0,-0.040742974343370396,high
primary,volume_ma5,-0.03523064464272883,-0.20081139818320928,0.4177777777777778,1.0,-0.029547120348961252,high
primary,cmo_14,-0.03524201214314562,-0.18371301145120034,0.43333333333333335,1.0,-0.035486565050164884,high
primary,sumd_60d,-0.03549466514419856,-0.1774717770629358,0.42962962962962964,1.0,-0.03717299010919624,high
primary,sump_60d,-0.03549769236085782,-0.177488046221397,0.42962962962962964,1.0,-0.037174426944803655,high
primary,atr_14_lag3,-0.03563046277843784,-0.1812418248576268,0.4274074074074074,1.0,-0.038215675787806644,high
primary,sump_20d,-0.035638525577049454,-0.1847502762551608,0.42074074074074075,1.0,-0.03225336713874205,high
primary,sumd_20d,-0.035640778214043635,-0.18476600373996008,0.42074074074074075,1.0,-0.03225318827752144,high
primary,margin_buy_std20,-0.03578460396503818,-0.18097993048017033,0.4274074074074074,1.0,-0.03508593993083385,high
primary,kmid,-0.03599574960689361,-0.19448839453033137,0.4177777777777778,1.0,-0.016405246380983195,high
primary,investor_new_z_ma5,-0.03645700605485843,-0.26694597355231237,0.3958333333333333,0.035555555555555556,-0.017005916099136528,high
primary,investor_new_num_ma5,-0.03645700605485843,-0.26694597355231237,0.3958333333333333,0.035555555555555556,-0.011182324807534479,high
primary,resi_30d,-0.036532576044272076,-0.18861071404679358,0.42148148148148146,1.0,-0.028616950967508104,high
primary,ind_return_min_lag1,-0.03654982845539184,-0.22546273615133955,0.3717948717948718,0.057777777777777775,0.001365514474268408,high
primary,beta_5d,-0.03672336363367572,-0.18734185736792153,0.42074074074074075,1.0,-0.025886656468754654,high
primary,atr_14_lag2,-0.03674931659232423,-0.18741507537683502,0.4192592592592593,1.0,-0.03864635313029994,high
primary,lhb_is_wave,-0.037298017046259443,-0.2248581139943761,0.4063926940639269,0.1622222222222222,-0.019003467585524913,high
primary,limit_up_count_20d,-0.03733991096812443,-0.22327772486209158,0.42148148148148146,1.0,-0.02028724333285174,high
primary,concept_board_height_accel,-0.03734587479512913,-0.23091007546277673,0.5,0.016296296296296295,-0.026009763289785815,high
primary,rsv_20d,-0.037476240242326306,-0.197310686208182,0.43037037037037035,1.0,-0.029991825577518543,high
primary,wr_20,-0.03747852461005208,-0.19733079464135983,0.42962962962962964,1.0,-0.029990468997779702,high
primary,bond_us_2y_lag1,-0.03773115512860703,-0.23112693214591515,0.3972602739726027,0.05407407407407407,-0.009237759169461124,high
primary,volume_lag1,-0.03799062393194497,-0.2210938222168144,0.42,1.0,-0.027066008576684602,high
primary,resi_60d,-0.03807603579238565,-0.19681481745801904,0.4318518518518519,1.0,-0.029511118208346843,high
primary,rsv_30d,-0.03817606839175844,-0.19731715071500514,0.42148148148148146,1.0,-0.0327631421027947,high
primary,cpi_yoy_lag5,-0.03858853911986096,-0.3000129961617728,0.42857142857142855,0.025925925925925925,-0.005849689192172992,high
primary,atr_14_lag1,-0.038617422585906974,-0.19727310600446682,0.4185185185185185,1.0,-0.039412343330825064,high
primary,kup,-0.03863245217750997,-0.24372836927906502,0.3925925925925926,1.0,-0.019534030220747435,high
primary,comment_score_std20,-0.03866582495313667,-0.19387072968574426,0.4528301886792453,0.03925925925925926,-0.007062661026382111,high
primary,resi_20d,-0.03894610659960591,-0.20422134550273519,0.4140740740740741,1.0,-0.03170789753805805,high
primary,market_state_volatile_ma10_lag10,-0.039107700978531015,-0.27038372936360006,0.46153846153846156,0.00962962962962963,0.016695113778058223,high
primary,menv_m1_m2_spread_lag1,-0.039603482071289026,-0.2653596604664804,0.42105263157894735,0.014074074074074074,0.006412415766571977,high
primary,sumd_5d,-0.03977496440101305,-0.21346622869327317,0.41333333333333333,1.0,-0.034845966963696524,high
primary,sump_5d,-0.03977607045869879,-0.21347473646576004,0.41333333333333333,1.0,-0.03484506864733952,high
primary,is_dt_ma5,-0.04038823105383409,-0.20559794439260987,0.4,0.011111111111111112,-0.029667401602083865,high
primary,roc_20,-0.04040552973632496,-0.20100661160899239,0.4051851851851852,1.0,-0.03664190587163909,high
primary,rsv_60d,-0.04053203860547209,-0.205209957241798,0.4177777777777778,1.0,-0.041625585313560656,high
primary,atr_14,-0.0405937084350265,-0.20845776599618035,0.4140740740740741,1.0,-0.040992010123888346,high
primary,resi_10d,-0.040861398921339595,-0.21923113135605687,0.4,1.0,-0.014124411316125355,high
primary,resi_5d,-0.0410381995390184,-0.22838653043052226,0.4022222222222222,1.0,-0.016102236034838492,high
primary,sump_30d,-0.04132978258988706,-0.2101802975117524,0.4311111111111111,1.0,-0.04396369529917762,high
primary,sumd_30d,-0.0413309444042291,-0.21018687450554002,0.4311111111111111,1.0,-0.04396335672349666,high
primary,wr_10,-0.041388956416545795,-0.22181396290602182,0.4162962962962963,1.0,-0.03229869751620394,high
primary,rsv_10d,-0.04138898296452124,-0.22181236758376577,0.4162962962962963,1.0,-0.03229826790660641,high
primary,market_state_volatile_accel_lag2,-0.041441541372375955,-0.3048732269438813,0.46153846153846156,0.00962962962962963,-0.019305251527330012,high
primary,roc_12,-0.04168572897768667,-0.21163679631368534,0.4111111111111111,1.0,-0.03951294450264821,high
primary,lhb_is_wave_lag1,-0.04179488937570905,-0.265704323417415,0.3698630136986301,0.1622222222222222,-0.018023370933520293,high
primary,rsv_5d,-0.042786869603945996,-0.23310454355642607,0.4066666666666667,1.0,-0.02749544925434284,high
primary,klow,-0.04387432196192974,-0.2803907282032016,0.3748148148148148,1.0,-0.042576067091152824,high
primary,bond_us_5y_lag1,-0.0454370845152647,-0.2841253062302829,0.3888888888888889,0.05333333333333334,-0.008144811326061768,high
primary,consecutive_zt_accel,-0.04570129317030889,-0.24390532330639486,0.391304347826087,0.017037037037037038,-0.025776669593207,high
primary,net_zt_proportion_lag5,-0.04597029724291004,-0.24044419066849904,0.4,0.007407407407407408,-0.008423873100017699,high
primary,cci_20,-0.04602530836996148,-0.23827237649955582,0.40074074074074073,1.0,-0.03742159776326587,high
primary,seal_success_accel,-0.04612934778249186,-0.24635962246346907,0.391304347826087,0.017037037037037038,-0.025777151850789333,high
primary,seal_strength_accel,-0.04612934778249186,-0.24635962246346907,0.391304347826087,0.017037037037037038,-0.025777151850789333,high
primary,roc_6,-0.04634244047798874,-0.23325037357185321,0.3985185185185185,1.0,-0.04395494104486145,high
primary,cci_14,-0.047094732139383914,-0.24642803174971373,0.41259259259259257,1.0,-0.03680133963148388,high
primary,seal_intensity_accel,-0.04769919198096481,-0.25624396408699346,0.391304347826087,0.017037037037037038,-0.025783915000704833,high
primary,bias_ma20,-0.04913767807836629,-0.2397834472681831,0.41703703703703704,1.0,-0.04517743327226168,high
primary,boll_pct,-0.049151807847812236,-0.2550031969625763,0.39925925925925926,1.0,-0.039127664027521505,high
primary,bias_ma60,-0.049703293138048145,-0.23359922280045534,0.4059259259259259,1.0,-0.05425241166551374,high
primary,permanent_impact_std20,-0.04984723388898262,-0.23692715662470587,0.4059259259259259,1.0,-0.014449060767228234,high
primary,rank_60d,-0.05001274312894568,-0.25437493822966084,0.4014814814814815,1.0,-0.04580997919966987,high
primary,pdi,-0.05004302694268702,-0.28535822591483995,0.3933333333333333,1.0,-0.04062947725983486,high
primary,rsi_12,-0.05005263239056464,-0.25045271555894283,0.4088888888888889,1.0,-0.04782247444283841,high
primary,rank_20d,-0.050167822568169256,-0.2629844917443753,0.39555555555555555,1.0,-0.03590899325852452,high
primary,rank_30d,-0.05026085657079241,-0.2604889843142679,0.3940740740740741,1.0,-0.03797366244966377,high
primary,market_state_normal_lag20,-0.05049740752318278,-0.5569963537114107,0.5,0.0014814814814814814,0.000803985775342988,high
primary,rsi_6,-0.05081856129053251,-0.2605594197059298,0.40370370370370373,1.0,-0.043171301686698346,high
primary,rsi_24,-0.05089508495447726,-0.24879934225497488,0.4066666666666667,1.0,-0.05317677600723827,high
primary,market_state_normal_ma5_lag5,-0.05109642095764164,-0.5977786540398791,0.2,0.007407407407407408,0.006374963670244092,high
primary,concept_board_height_ma10,-0.051160262627208665,-0.2774528169701808,0.3888888888888889,0.013333333333333334,-0.03132081745034788,high
primary,vol_5,-0.05136609888084908,-0.2861457959715599,0.3874074074074074,1.0,-0.010801145961679515,high
primary,vol_20,-0.05142724861909179,-0.25365039239509896,0.3933333333333333,1.0,-0.009905980286082972,high
primary,market_state_normal_accel_lag5,-0.052178850445068856,-0.4352286221150889,0.3076923076923077,0.00962962962962963,0.0015211110524031696,high
primary,bias_ma10,-0.052204676175965664,-0.25758569447627655,0.4051851851851852,1.0,-0.04535270743505461,high
primary,rank_10d,-0.05358385007639773,-0.28859419586045193,0.3851851851851852,1.0,-0.036492802101588104,high
primary,sf_total,-0.05395581624979327,-0.37283014314709206,0.38461538461538464,0.00962962962962963,0.011896696577686706,high
primary,turnover_proxy,-0.05404693817362205,-0.3105991559725724,0.3814814814814815,1.0,-0.03498542554720286,high
primary,cb_0_ma20_lag2,-0.05438747063232067,-0.3405905901063465,0.375,0.005925925925925926,0.012037128625054652,high
primary,cb_0_std20_lag2,-0.05438747063232067,-0.3405905901063465,0.375,0.005925925925925926,0.012037128625054652,high
primary,cb_0_ma10_lag2,-0.05438747063232067,-0.3405905901063465,0.375,0.005925925925925926,0.012037128625054652,high
primary,market_state_weak,-0.05454138965355918,-0.2397280625048458,0.4,0.003703703703703704,-0.006349863632174438,high
primary,amount_ma5,-0.055003916540803804,-0.2686178380195272,0.3888888888888889,1.0,-0.050224357463646105,high
primary,rank_5d,-0.05506844762528215,-0.30935842319772666,0.36619718309859156,0.9992592592592593,-0.029411647933480257,high
primary,bias_ma5,-0.055255682660719584,-0.28118340553042304,0.37925925925925924,1.0,-0.03488187150845464,high
primary,avg_account_cap_z,-0.05545486563875435,-0.451528242398242,0.3333333333333333,0.0044444444444444444,-0.007341729990569498,high
primary,mkt_cap_total_z,-0.05545486563875435,-0.451528242398242,0.3333333333333333,0.0044444444444444444,-0.01672701690904759,high
primary,gdp_cn_yoy_ma20,-0.05574123122475473,-0.43867261709720096,0.2682926829268293,0.03037037037037037,0.00043101596674700003,high
primary,board_height_20d_lag20,-0.05621630025867788,-0.7422628239740768,0.3333333333333333,0.0022222222222222222,0.012113094649762401,high
primary,has_gap_flow_market_cap_adj,-0.05636573797308745,-0.26249433113939696,0.25,0.002962962962962963,0.004740721614983535,high
primary,cb_0_accel_lag3,-0.056893086388641954,-0.38536407908554404,0.42857142857142855,0.005185185185185185,0.00026245600349563113,high
primary,cb_0_ma5_lag2,-0.05777511947597866,-0.325397123345534,0.3333333333333333,0.0044444444444444444,0.0107618316492433,high
primary,turnover,-0.057784468460372704,-0.3224153945692895,0.3748148148148148,1.0,-0.04681675810426496,high
primary,is_yzt_lag3,-0.057831010672619254,-0.3807556931996742,0.25,0.005925925925925926,-0.016340443064663583,high
primary,market_state_volatile_ma5_lag1,-0.05836320002771157,-0.3245536441349376,0.375,0.005925925925925926,-0.000741720260265096,high
primary,is_yzt,-0.058658909360619016,-0.38771794676725113,0.25,0.005925925925925926,-0.00591849073819297,high
primary,klen,-0.058766810409077115,-0.31688346329113354,0.3748148148148148,1.0,-0.021743925136970727,high
primary,consecutive_zt_lag10,-0.06138885828568928,-0.4515073720040543,0.375,0.005925925925925926,-0.018995552615826226,high
primary,seal_success_lag10,-0.06148672314732348,-0.45200667327290744,0.375,0.005925925925925926,-0.018994013521326857,high
primary,is_zt_lag10,-0.06148672314732348,-0.45200667327290744,0.375,0.005925925925925926,-0.018994013521326857,high
primary,seal_strength_lag10,-0.06148672314732348,-0.45200667327290744,0.375,0.005925925925925926,-0.018994013521326857,high
primary,is_limit_down,-0.0624628854349582,-0.3884502464027734,0.3263157894736842,0.2111111111111111,-0.023247163115308334,high
primary,board_height_20d_lag5,-0.06283603691806666,-0.3131871398230065,0.3333333333333333,0.013333333333333334,-0.0020421391030212227,high
primary,board_momentum_mean_std20_lag2,-0.06420376271185645,-0.3953111731159726,0.375,0.005925925925925926,0.01320986611226613,high
primary,board_momentum_max_std20_lag2,-0.06420376271185645,-0.3953111731159726,0.375,0.005925925925925926,0.01320986611226613,high
primary,is_zb_lag2,-0.06566415783955945,-0.7702261205021678,0.2857142857142857,0.005185185185185185,-0.005211607458983354,high
primary,is_zb_ma20,-0.06576235138600162,-0.43748484948983113,0.34782608695652173,0.017037037037037038,-0.016271012375994084,high
primary,is_dt_lag10,-0.06652808589446235,-0.4365138626476335,0.25,0.002962962962962963,0.004997679606474068,high
primary,is_yzt_ma10,-0.06767960263263063,-0.36930521958523516,0.391304347826087,0.017037037037037038,-0.023757664458549176,high
primary,net_zt_proportion_ma5,-0.06835475263785658,-0.38848186374689864,0.3333333333333333,0.006666666666666667,-0.004550759717084755,high
primary,is_dt_ma10,-0.06910332606899829,-0.3706578048815276,0.3181818181818182,0.016296296296296295,-0.036052916690701126,high
primary,high_low_ratio_lag3,-0.06968402007584126,-0.43971885593419124,0.275,0.02962962962962963,0.014005020554361772,high
primary,is_dt_ma20,-0.07108201610045335,-0.38314176768306335,0.3333333333333333,0.017777777777777778,-0.029652328095144825,high
primary,seal_strength_lag20,-0.07260695783720837,-1.3481197805322402,0.0,0.0022222222222222222,0.001015632542260558,high
primary,is_zt_lag20,-0.07260695783720837,-1.3481197805322402,0.0,0.0022222222222222222,0.001015632542260558,high
primary,seal_success_lag20,-0.07260695783720837,-1.3481197805322402,0.0,0.0022222222222222222,0.001015632542260558,high
primary,consecutive_zt_lag20,-0.07323216749265847,-1.3597144969262576,0.0,0.0022222222222222222,0.0010119720061201585,high
primary,menv_m1_m2_spread,-0.07326407567589069,-0.538832335855453,0.3076923076923077,0.00962962962962963,0.004928157478575298,high
primary,gdp_cn_yoy_lag3,-0.07356051386772393,-0.4733896550561051,0.16666666666666666,0.0044444444444444444,-0.0009176995531640402,high
primary,concept_board_height_ma20,-0.07732182881398099,-0.49831576184283466,0.2727272727272727,0.016296296296296295,-0.034538663418149824,high
primary,concept_board_height_std20,-0.07732182881398099,-0.49831576184283466,0.2727272727272727,0.016296296296296295,-0.034538663418149824,high
primary,market_state_weak_lag10,-0.0781590708651125,-0.9568960362208423,0.25,0.002962962962962963,-0.01667974832073164,high
primary,is_zb_ma5,-0.08122296323600502,-0.5808246701163925,0.3333333333333333,0.013333333333333334,-0.02823168160413002,high
primary,board_height_20d_accel,-0.08154384286310239,-0.40029665637839407,0.43478260869565216,0.017037037037037038,-0.027685753327650393,high
primary,market_state_volatile_lag3,-0.08391505848060592,-0.42169258866691295,0.2,0.003703703703703704,-0.002568103957554184,high
primary,is_zb_lag3,-0.08404029590436089,-0.6792948221790953,0.2857142857142857,0.005185185185185185,-0.02522948497937427,high
primary,concept_board_height,-0.08416141915350417,-0.5841479202538103,0.25,0.002962962962962963,-0.020669404590351204,high
primary,is_zb_ma10,-0.08457342084328312,-0.587180359202711,0.30434782608695654,0.017037037037037038,-0.027785182497127064,high
primary,cb_0_ma20_lag5,-0.08561045137122317,-0.8850372922726343,0.2,0.003703703703703704,0.015799944853513565,high
primary,cb_0_ma10_lag5,-0.08561045137122317,-0.8850372922726343,0.2,0.003703703703703704,0.015799944853513565,high
primary,cb_0_std20_lag5,-0.08561045137122317,-0.8850372922726343,0.2,0.003703703703703704,0.015799944853513565,high
primary,cb_0_ma5_lag5,-0.08561045137122317,-0.8850372922726343,0.2,0.003703703703703704,0.015799944853513565,high
primary,cb_0_accel_lag5,-0.08561045137122317,-0.8850372922726343,0.2,0.003703703703703704,0.015799944853513565,high
primary,m1_yoy,-0.08675896313956653,-0.6789685413217392,0.23076923076923078,0.00962962962962963,-0.0018557470577488275,high
primary,market_state_volatile_ma5_lag2,-0.08702252945484047,-0.6501454877666677,0.4444444444444444,0.006666666666666667,-0.003102748987872774,high
primary,board_height_20d_lag10,-0.08737332371949222,-0.5123486142217651,0.3076923076923077,0.00962962962962963,-0.008849812593989701,high
primary,board_height_20d_lag3,-0.08751132844692286,-0.4587826248642268,0.3157894736842105,0.014074074074074074,-0.017140925254892816,high
primary,seal_intensity_ma10,-0.0889266414681933,-0.46967771321411733,0.391304347826087,0.017037037037037038,-0.027942788323319354,high
primary,consecutive_zt_ma10,-0.08917470403467276,-0.4721218928843238,0.391304347826087,0.017037037037037038,-0.02795006321181716,high
primary,is_zt_ma10,-0.08953411069456062,-0.47279296596021936,0.391304347826087,0.017037037037037038,-0.027950667323560323,high
primary,seal_strength_ma10,-0.08953411069456062,-0.47279296596021936,0.391304347826087,0.017037037037037038,-0.027950667323560323,high
primary,seal_success_ma10,-0.08953411069456062,-0.47279296596021936,0.391304347826087,0.017037037037037038,-0.027950667323560323,high
primary,cb_0_ma5_lag3,-0.08957359077880557,-0.665550175151411,0.3333333333333333,0.0044444444444444444,0.004833469608167842,high
primary,is_yzt_ma5,-0.08998848645016759,-0.5259953014311256,0.3333333333333333,0.013333333333333334,-0.026479165676893842,high
primary,gdp_cn_yoy_lag5,-0.09155337470658809,-0.6437750971591963,0.125,0.005925925925925926,-0.004211737236244753,high
primary,is_yzt_ma20,-0.09215641025934336,-0.464668590869613,0.375,0.017777777777777778,-0.022701981384207894,high
primary,market_state_weak_lag20,-0.09281766786521367,-1.337030996498663,0.0,0.002962962962962963,-0.020656380792708862,high
primary,board_height_20d_lag2,-0.09349260164104702,-0.47698643609262703,0.3157894736842105,0.014074074074074074,-0.01698568087655171,high
primary,is_dt,-0.09499975165366747,-0.6478327756211044,0.3333333333333333,0.0022222222222222222,-0.018824545211485053,high
primary,gdp_cn_yoy_ma5,-0.09551378947254782,-0.7852023287899917,0.18181818181818182,0.008148148148148147,-0.0008088065743450765,high
primary,cb_0_std20_lag3,-0.09672513195510617,-0.7721949055330897,0.2857142857142857,0.005185185185185185,0.008511812001458053,high
primary,cb_0_ma10_lag3,-0.09672513195510617,-0.7721949055330897,0.2857142857142857,0.005185185185185185,0.008511812001458053,high
primary,cb_0_ma20_lag3,-0.09672513195510617,-0.7721949055330897,0.2857142857142857,0.005185185185185185,0.008511812001458053,high
primary,avg_concept_heat_lag3,-0.09955863533363682,-0.5052346872271797,0.5,0.0014814814814814814,-0.00923104946608028,high
primary,has_hot_board_lag3,-0.09955863533363682,-0.5052346872271797,0.5,0.0014814814814814814,-0.00923104946608028,high
primary,board_overlap_score_lag3,-0.09955863533363682,-0.5052346872271797,0.5,0.0014814814814814814,-0.00923104946608028,high
primary,board_count_lag3,-0.09955863533363682,-0.5052346872271797,0.5,0.0014814814814814814,-0.00923104946608028,high
primary,is_yzt_lag20,-0.09972220285858914,-1.0199054684533906,0.25,0.002962962962962963,0.0006338291693557577,high
primary,cb_0_lag3,-0.10051052456401367,-0.5939325842364307,0.5,0.0014814814814814814,-0.01239514586135418,high
primary,is_zb,-0.10206860228093773,-0.9981345300092364,0.2857142857142857,0.005185185185185185,-0.018228703862243283,high
primary,market_state_weak_ma10_lag20,-0.10228030856501599,-1.3769690565617798,0.0,0.002962962962962963,-0.02066000247122728,high
primary,market_state_weak_ma5_lag20,-0.10228030856501599,-1.3769690565617798,0.0,0.002962962962962963,-0.02066000247122728,high
primary,market_state_weak_ma20_lag20,-0.10228030856501599,-1.3769690565617798,0.0,0.002962962962962963,-0.02066000247122728,high
primary,market_state_weak_accel_lag20,-0.10228030856501599,-1.3769690565617798,0.0,0.002962962962962963,-0.02066000247122728,high
primary,gdp_cn_yoy_lag10,-0.10337677174253554,-0.6606030529474747,0.3,0.007407407407407408,0.0015975406767788805,high
primary,has_gap_flow_market_cap_adj_ma20,-0.10411716064251288,-0.5916062759044853,0.125,0.005925925925925926,0.01878228922669707,high
primary,has_gap_flow_market_cap_adj_ma10,-0.10411716064251288,-0.5916062759044853,0.125,0.005925925925925926,0.01878228922669707,high
primary,has_gap_flow_market_cap_adj_ma5,-0.10411716064251288,-0.5916062759044853,0.125,0.005925925925925926,0.018776821160361105,high
primary,board_height_20d_lag1,-0.10572041420770456,-0.5470187146922684,0.3157894736842105,0.014074074074074074,-0.029070443042427452,high
primary,is_dt_lag1,-0.10642123834752444,-0.5359557566269575,0.3333333333333333,0.0022222222222222222,-0.03764363774951763,high
primary,gdp_cn_yoy_ma10,-0.10754305992544232,-0.9410313573562332,0.19047619047619047,0.015555555555555555,-0.00211159053192798,high
primary,board_momentum_mean_std20_lag5,-0.10822407687693132,-1.212330036346191,0.2,0.003703703703703704,0.017881262132638628,high
primary,board_momentum_max_std20_lag5,-0.10822407687693132,-1.212330036346191,0.2,0.003703703703703704,0.017881262132638628,high
primary,market_state_volatile_lag2,-0.10847070965607951,-0.6898383830269161,0.3333333333333333,0.0022222222222222222,-0.02203735366314069,high
primary,board_momentum_max_std20_lag3,-0.10972024133401757,-0.9446303036825353,0.2857142857142857,0.005185185185185185,0.010179038396112436,high
primary,board_momentum_mean_std20_lag3,-0.10972024133401757,-0.9446303036825353,0.2857142857142857,0.005185185185185185,0.010179038396112436,high
primary,consecutive_zt_lag3,-0.11029921873089929,-0.9868613953504581,0.125,0.005925925925925926,-0.026796332021365533,high
primary,is_yzt_lag1,-0.11072728835694665,-1.0733499280071823,0.125,0.005925925925925926,-0.01639009405430734,high
primary,is_zt_lag3,-0.11076129918957434,-0.9946803752982831,0.125,0.005925925925925926,-0.026796923272819052,high
primary,seal_success_lag3,-0.11076129918957434,-0.9946803752982831,0.125,0.005925925925925926,-0.026796923272819052,high
primary,seal_strength_lag3,-0.11076129918957434,-0.9946803752982831,0.125,0.005925925925925926,-0.026796923272819052,high
primary,is_yzt_lag10,-0.11093917803844737,-1.630836263499934,0.2222222222222222,0.006666666666666667,-0.019341709461414867,high
primary,board_height_20d_ma5,-0.11275533106010557,-0.5804047744315867,0.30434782608695654,0.017037037037037038,-0.025180197264981503,high
primary,consecutive_zt_lag1,-0.11293539654987246,-1.4470167721677765,0.125,0.005925925925925926,-0.01867967940336989,high
primary,seal_success_lag1,-0.11302774692148349,-1.4512436689434933,0.125,0.005925925925925926,-0.018681394631861015,high
primary,seal_strength_lag1,-0.11302774692148349,-1.4512436689434933,0.125,0.005925925925925926,-0.018681394631861015,high
primary,is_zt_lag1,-0.11302774692148349,-1.4512436689434933,0.125,0.005925925925925926,-0.018681394631861015,high
primary,board_height_20d,-0.12262159423724135,-0.60406644479621,0.2631578947368421,0.014074074074074074,-0.03425250433115486,high
primary,board_height_20d_ma10,-0.1239771996233917,-0.6372812516131673,0.30434782608695654,0.017037037037037038,-0.02655697683681405,high
primary,board_height_20d_ma20,-0.1246390032619182,-0.637088423571217,0.30434782608695654,0.017037037037037038,-0.026442832440742525,high
primary,concept_board_height_ma5,-0.12550528685115345,-0.9010459733802675,0.15384615384615385,0.00962962962962963,-0.05039868734950992,high
primary,board_height_20d_std20,-0.12663537963382296,-0.6614345867259565,0.30434782608695654,0.017037037037037038,-0.026674324422385022,high
primary,seal_intensity_std20,-0.1266611057747362,-0.6441647084412908,0.2608695652173913,0.017037037037037038,-0.028783223540993927,high
primary,seal_intensity_ma20,-0.1267530316694853,-0.6428738134120222,0.2608695652173913,0.017037037037037038,-0.028783223540993927,high
primary,seal_intensity,-0.1274094150709313,-0.8442833349495634,0.125,0.005925925925925926,-0.02193466023420563,high
primary,consecutive_zt,-0.1274868957652679,-0.8445483561139445,0.125,0.005925925925925926,-0.02193421290524766,high
primary,is_zt,-0.12750624341638328,-0.8446789566706003,0.125,0.005925925925925926,-0.02193387761133543,high
primary,seal_strength,-0.12750624341638328,-0.8446789566706003,0.125,0.005925925925925926,-0.02193387761133543,high
primary,seal_success,-0.12750624341638328,-0.8446789566706003,0.125,0.005925925925925926,-0.02193387761133543,high
primary,seal_success_std20,-0.12798550914663145,-0.6491657512106439,0.2608695652173913,0.017037037037037038,-0.028783349193635784,high
primary,seal_strength_std20,-0.12798550914663145,-0.6491657512106439,0.2608695652173913,0.017037037037037038,-0.028783349193635784,high
primary,seal_strength_ma20,-0.12798550914663145,-0.6491657512106439,0.2608695652173913,0.017037037037037038,-0.028783349193635784,high
primary,seal_success_ma20,-0.12798550914663145,-0.6491657512106439,0.2608695652173913,0.017037037037037038,-0.028783349193635784,high
primary,is_zt_ma20,-0.12798550914663145,-0.6491657512106439,0.2608695652173913,0.017037037037037038,-0.028783349193635784,high
primary,consecutive_zt_ma20,-0.12806740469846623,-0.6503537321925905,0.2608695652173913,0.017037037037037038,-0.02878314138927629,high
primary,consecutive_zt_std20,-0.1280856231206626,-0.6504433671150992,0.2608695652173913,0.017037037037037038,-0.02878314138927629,high
primary,consecutive_zt_lag2,-0.12996701675666691,-1.444372046120709,0.0,0.005925925925925926,-0.023803403244750727,high
primary,seal_strength_lag2,-0.13014647802089313,-1.4415054085662853,0.0,0.005925925925925926,-0.02380186834880384,high
primary,is_zt_lag2,-0.13014647802089313,-1.4415054085662853,0.0,0.005925925925925926,-0.02380186834880384,high
primary,seal_success_lag2,-0.13014647802089313,-1.4415054085662853,0.0,0.005925925925925926,-0.02380186834880384,high
primary,is_yzt_lag2,-0.13121575777908484,-1.5348766800903089,0.0,0.005925925925925926,-0.03134854673816763,high
primary,consecutive_zt_ma5,-0.14371382952709771,-0.9131818269739546,0.2777777777777778,0.013333333333333334,-0.04684376335720181,high
primary,seal_strength_ma5,-0.14386474049525655,-0.9149720979359496,0.2777777777777778,0.013333333333333334,-0.04684421198120188,high
primary,seal_success_ma5,-0.14386474049525655,-0.9149720979359496,0.2777777777777778,0.013333333333333334,-0.04684421198120188,high
primary,is_zt_ma5,-0.14386474049525655,-0.9149720979359496,0.2777777777777778,0.013333333333333334,-0.04684421198120188,high
primary,board_momentum_max_lag1,-0.14400790632553206,-50.57445163250769,0.0,0.0014814814814814814,-0.007936556231162375,high
primary,board_momentum_mean_lag1,-0.14400790632553206,-50.57445163250769,0.0,0.0014814814814814814,-0.007936556231162375,high
primary,seal_intensity_ma5,-0.1441628058130228,-0.919540370059598,0.2777777777777778,0.013333333333333334,-0.046849840608136524,high
primary,is_dt_lag5,-0.164423948800521,-2.7581732318683754,0.0,0.002962962962962963,-0.045030842297062994,high
primary,is_dt_lag20,-0.1680932592256112,0.0,0.0,0.0007407407407407407,-0.039946108400393504,high
primary,cb_0_lag5,-0.1706544163053891,-1.632375849720616,0.0,0.0014814814814814814,0.004100771358091025,high
primary,board_count_lag5,-0.17402168514800856,-2.466042135259728,0.0,0.0014814814814814814,0.00854412788541386,high
primary,avg_concept_heat_lag5,-0.17402168514800856,-2.466042135259728,0.0,0.0014814814814814814,0.00854412788541386,high
primary,board_overlap_score_lag5,-0.17402168514800856,-2.466042135259728,0.0,0.0014814814814814814,0.00854412788541386,high
primary,has_hot_board_lag5,-0.17402168514800856,-2.466042135259728,0.0,0.0014814814814814814,0.00854412788541386,high
primary,is_dt_lag2,-0.20668334934809054,-5.118661603989336,0.0,0.0022222222222222222,-0.058268020637705496,high
primary,day_of_month,,,,0.0,0.024765656340762825,high
primary,bt_count_20d_ma20,,,,0.0,0.04064753144086041,high
primary,bt_days_since_ma5,,,,0.0,0.07287475104192971,high
primary,bt_days_since_accel,,,,0.0,0.05776679206087624,high
primary,bt_intensity_20d_std20,,,,0.0,0.0499528768209016,high
primary,cb_1_lag5,,,,0.0,0.02028430165633263,high
primary,sent_dispersion_z20,,,,0.0,0.02417166017555064,high
primary,bt_count_20d_ma10,,,,0.0,0.02450434125958346,high
primary,cb_1_lag1,,,,0.0,0.020053139143872425,high
primary,bt_intensity_20d_ma20,,,,0.0,0.04860453788439044,high
primary,bt_days_since_ma20,,,,0.0,0.07114373541935705,high
primary,bt_count_20d_std20,,,,0.0,0.042122909486090036,high
primary,cb_1_ma5_lag1,,,,0.0,0.020367735437993962,high
primary,market_state_normal,,,,0.0,-0.021061865351225565,high
primary,bt_days_since,,,,0.0,0.0724249510758749,high
primary,bt_intensity_20d_ma5,,,,0.0,0.02403691665648241,high
primary,bt_intensity_20d_ma10,,,,0.0,0.03048492752803438,high
primary,bt_days_since_ma10,,,,0.0,0.07227794572644297,high
primary,bt_days_since_std20,,,,0.0,0.06159184181335283,high
primary,concept_zt_count,0.019785898233890147,0.1391542393748041,0.6923076923076923,0.00962962962962963,-0.0039010257235178704,medium
primary,menv_bond_10y2y_spread_ma5_lag1,0.019634664189884802,0.13192040181841014,0.5560975609756098,0.15185185185185185,-0.0032306905545461577,medium
primary,ind_dispersion_20d_lag2,0.019452531815584144,0.12359830429779756,0.5575221238938053,0.0837037037037037,0.00471915109734687,medium
primary,ind_return_min_lag2,0.019143474524684328,0.12254938025213748,0.584070796460177,0.0837037037037037,0.00021598067366414625,medium
primary,m2_yoy_lag3,0.019096198086435114,0.12912594976007827,0.5151515151515151,0.024444444444444446,-0.014991440460545366,medium
primary,market_state_weak_ma20_lag5,0.019002064421549072,0.11661636718444228,0.5384615384615384,0.00962962962962963,-0.0018756531848498441,medium
primary,profit_yoy,0.01895032420008837,0.13752369930504507,0.5395033860045146,0.32814814814814813,-0.0002683081300710742,medium
primary,ind_return_std_lag2,0.01846026881589275,0.11716786600879929,0.5663716814159292,0.0837037037037037,-0.00919959956385552,medium
primary,shibor_2W,0.01832278179080627,0.11076123604635955,0.5609756097560976,0.03037037037037037,0.0018839191893453605,medium
primary,bond_us_10y2y_spread,0.018271209954640384,0.1111946383091488,0.5526315789473685,0.028148148148148148,0.007867959124098671,medium
primary,profit_yoy_lag3,0.017952065763233747,0.12581836142664282,0.5474613686534217,0.33555555555555555,0.0018484589366983008,medium
primary,board_momentum_max_ma5_lag2,0.017895385031990046,0.19415838358093912,0.8333333333333334,0.0044444444444444444,-0.010093859535245067,medium
primary,board_momentum_mean_ma5_lag2,0.017895385031990046,0.19415838358093912,0.8333333333333334,0.0044444444444444444,-0.010093859535245067,medium
primary,vma_60d,0.017692868636515778,0.11429543864821443,0.5355555555555556,1.0,0.004836690157272569,medium
primary,menv_bond_10y2y_spread_ma5_lag3,0.017620955208648693,0.12172871309279844,0.5402298850574713,0.19333333333333333,-0.0030894827319461397,medium
primary,market_turnover_z,0.01761645364006992,0.10495674121143364,0.5365853658536586,0.03037037037037037,0.01218721682018035,medium
primary,comment_score_accel,0.01759007079463828,0.09219109770453246,0.5849056603773585,0.03925925925925926,-0.01759084005900271,medium
primary,shibor_1Y_lag3,0.017533819296304032,0.11265168558127106,0.5766423357664233,0.10148148148148148,-0.005860752529907443,medium
primary,menv_us_cn_10y_spread_ma10,0.017495461178310193,0.12547814999837043,0.5686900958466453,0.23185185185185186,0.004966096129773249,medium
primary,board_momentum_max_accel_lag2,0.017417099313361616,0.2653589232571118,0.75,0.005925925925925926,-0.007675685486939671,medium
primary,board_momentum_mean_accel_lag2,0.017417099313361616,0.2653589232571118,0.75,0.005925925925925926,-0.007675685486939671,medium
primary,bond_us_10y2y_spread_ma10,0.017318887595903106,0.12414381188728907,0.5714285714285714,0.22296296296296297,0.006739073800796412,medium
primary,imin_20d,0.017083983041143405,0.10192939285427867,0.5288888888888889,1.0,0.016358409952257867,medium
primary,retail_panic_lag2,0.017027800840386322,0.15095627409047627,0.5905511811023622,0.09407407407407407,0.007907171239777256,medium
primary,bond_us_2y_ma10,0.01699226889806729,0.12037775029713185,0.5870307167235495,0.21703703703703703,-0.006067428936284666,medium
primary,menv_us_cn_10y_spread_ma5_lag3,0.016907387409079717,0.11861963953144337,0.5610687022900763,0.19407407407407407,0.004797588125336505,medium
primary,roe,0.016891867148759045,0.09647611887348664,0.5282167042889391,0.32814814814814813,-0.010834327119503172,medium
primary,vsumn_10d,0.016840857899571664,0.1160304083789589,0.5466666666666666,1.0,-0.0035965933964386314,medium
primary,market_state_weak_ma10_lag5,0.01682624552460259,0.15788054297692247,0.5833333333333334,0.008888888888888889,-0.0017566639052457138,medium
primary,profit_yoy_lag2,0.016823634090802002,0.11898918996430095,0.5412026726057907,0.3325925925925926,-0.00018640263248851443,medium
primary,shibor_9M_z20,0.016791044026162005,0.1275245100592324,0.5616666666666666,0.4444444444444444,0.008545786442781667,medium
primary,roa,0.016602559848544533,0.10469957368931666,0.5349887133182845,0.32814814814814813,-0.013063797008586934,medium
primary,profit_yoy_lag1,0.0165320551153271,0.11866057768139496,0.531390134529148,0.33037037037037037,-0.0005378813151235588,medium
primary,concept_zt_ratio,0.016504453721079813,0.11615730892870474,0.6923076923076923,0.00962962962962963,-0.0039010257235178704,medium
primary,market_state_normal_ma20,0.016406475830993965,0.19092994805228894,0.5384615384615384,0.00962962962962963,0.0040075599429553735,medium
primary,market_state_normal_std20,0.016406475830993965,0.19092994805228894,0.5384615384615384,0.00962962962962963,0.0040075599429553735,medium
primary,cntn_10d,0.016393444020088164,0.10099815183212109,0.5318518518518518,1.0,0.017219159373565808,medium
primary,bond_us_10y_ma5,0.01621256821587271,0.10950544156309096,0.5529411764705883,0.1259259259259259,-0.0034483669909818964,medium
primary,avg_account_cap_z_lag1,0.016115078851162045,0.12367588259861394,0.5333333333333333,0.011111111111111112,-0.004697942484064177,medium
primary,mkt_cap_total_z_lag1,0.016115078851162045,0.12367588259861394,0.5333333333333333,0.011111111111111112,-0.016124863586753847,medium
primary,bond_us_10y2y_spread_lag2,0.016113683018313563,0.10249565346355216,0.5346534653465347,0.07481481481481482,0.006321263102942643,medium
primary,bond_us_10y_ma10,0.016086358421326125,0.11714156364305862,0.5915032679738562,0.22666666666666666,-0.0023914366868360007,medium
primary,north_net_buy_lag5,0.01596766162619085,0.11061251686681862,0.5349112426035503,0.6259259259259259,0.015687863110316193,medium
primary,bond_us_10y2y_spread_lag5,0.01593423597798152,0.106256938900545,0.5497382198952879,0.14148148148148149,0.006302989565273949,medium
primary,shibor_1W,0.01582845401163398,0.09594319385475288,0.55,0.02962962962962963,0.0019799008458358134,medium
primary,bond_us_10y_lag2,0.01569215511756364,0.09969972483044884,0.5523809523809524,0.07777777777777778,-0.002950339342395871,medium
primary,shibor_1W_lag2,0.01567206547399896,0.09904572506246706,0.5625,0.08296296296296296,0.000854253490729807,medium
primary,ind_return_std_z20,0.015532882068146665,0.11724297908925717,0.550185873605948,0.3985185185185185,-0.005159991369295718,medium
primary,PCRC_ma20,0.015325701008037191,0.10231950552484367,0.5366695427092321,0.8585185185185186,0.007748587815925545,medium
primary,menv_us_cn_10y_spread_ma5_lag2,0.015248503733351732,0.10486020836391526,0.5512820512820513,0.17333333333333334,0.004781785039815285,medium
primary,avg_account_cap_z_ma5,0.015139338921377423,0.10772267183429912,0.5208333333333334,0.035555555555555556,-0.0043370671507424515,medium
primary,mkt_cap_total_z_ma5,0.015139338921377423,0.10772267183429912,0.5208333333333334,0.035555555555555556,-0.016270049201933756,medium
primary,shibor_9M_lag3,0.015113901764422155,0.09619953427349881,0.5703703703703704,0.1,-0.004102606780592962,medium
primary,shibor_6M_lag3,0.015094187483462881,0.0965357905101807,0.5806451612903226,0.09185185185185185,-0.004901314499088917,medium
primary,m1_yoy_lag3,0.01501199984258304,0.10142249697805322,0.5161290322580645,0.022962962962962963,0.0010212840590295956,medium
primary,ind_dispersion_20d_ma5,0.01483622108289223,0.09823924683227903,0.5568181818181818,0.13037037037037036,0.007677702213364659,medium
primary,net_margin,0.014820670294636889,0.09590788814643403,0.5259593679458239,0.32814814814814813,-0.009387889233376138,medium
primary,bond_us_10y_ma20,0.014814217570983283,0.11388741667195654,0.550561797752809,0.39555555555555555,-0.00028893151767616867,medium
primary,menv_us_cn_10y_spread,0.014802206100355599,0.08829454400898414,0.5365853658536586,0.03037037037037037,0.0036247794973016155,medium
primary,m2_yoy_lag20,0.014696397743904514,0.11433282455847646,0.5,0.08,-0.01193750062171826,medium
primary,PCRC_ma5,0.014684792776207874,0.0982620512399846,0.538664323374341,0.8429629629629629,0.007300631100599161,medium
primary,retail_panic_lag1,0.014679099550687778,0.13124991114408738,0.5748031496062992,0.09407407407407407,0.010272266665250811,medium
primary,PCRC_ma10,0.01466940018152845,0.09811975247194538,0.5363079615048119,0.8466666666666667,0.007926121360867688,medium
primary,PCRC,0.014565518386533173,0.09729765724534623,0.537577365163572,0.8377777777777777,0.00708332761372581,medium
primary,bond_us_30y_lag2,0.014519819323510348,0.0940521603658991,0.5471698113207547,0.07851851851851852,0.0038860805521444023,medium
primary,market_state_weak_ma5,0.01442047384572921,0.07287663204218986,0.5555555555555556,0.006666666666666667,-0.003604435403035815,medium
primary,revenue_yoy,0.014389731310010968,0.10935153516795872,0.5349887133182845,0.32814814814814813,-0.007296047010448156,medium
primary,consecutive_quarter_decline_z20,0.014373004329460558,0.10017839902268282,0.547085201793722,0.33037037037037037,-0.0011656205838128043,medium
primary,revenue_yoy_lag3,0.014280970773838353,0.10755067505939682,0.5386313465783664,0.33555555555555555,-0.003681381564146445,medium
primary,menv_us_cn_10y_spread_ma5_lag5,0.014279929463881088,0.10304211570894413,0.5654952076677316,0.23185185185185186,0.005517125827363848,medium
primary,pe_pb_divergence_lag5,0.014266952439959152,0.09768344285990378,0.5333333333333333,1.0,0.019439748457456458,medium
primary,roa_lag1,0.014173111555676582,0.08872819476381466,0.5336322869955157,0.33037037037037037,-0.009169840592498838,medium
primary,ind_dispersion_20d_accel,0.014144053864837263,0.10737485182035876,0.5520446096654275,0.3985185185185185,0.018532435101070985,medium
primary,market_state_weak_ma5_lag5,0.013996772636750589,0.10260524117979015,0.5714285714285714,0.005185185185185185,-0.0016675846940302822,medium
primary,roa_lag3,0.013990403024660833,0.08580842239314519,0.5209713024282561,0.33555555555555555,0.003958668748659431,medium
primary,menv_us_cn_10y_spread_lag3,0.013721216033816937,0.08675284099513558,0.5241379310344828,0.10740740740740741,0.004619788891791553,medium
primary,growth_quality,0.013652025629398996,0.1033614316976767,0.5214446952595937,0.32814814814814813,-0.008023182389617583,medium
primary,fx_eur_cny_ma10,0.0136469685365444,0.09837397747772615,0.532051282051282,0.2311111111111111,0.004238108176182279,medium
primary,avg_shares_accel,0.013640387323085897,0.09698597144686821,0.53125,0.35555555555555557,0.0073698079921558956,medium
primary,menv_us_cn_10y_spread_lag2,0.013556190118211934,0.0866730900051329,0.5398230088495575,0.0837037037037037,0.0051163452199173304,medium
primary,vstd_60d,0.013512314974944708,0.08850038524936067,0.5392592592592592,1.0,0.00268314153747099,medium
primary,news_sent_bear_vol_lag3,0.013505446089665566,0.10828328461979297,0.5555555555555556,0.12,0.0036013140927048048,medium
primary,ind_matched_return_lag5,0.013461587077636781,0.049021066300346486,0.5193164933135216,0.997037037037037,-0.00715698920584028,medium
primary,news_sent_streak_lag5,0.013411195260978065,0.11040790399424176,0.5408163265306123,0.0725925925925926,-0.002679860977821954,medium
primary,cntn_30d,0.013393464401642158,0.07985232175195353,0.5237037037037037,1.0,0.01760355105593444,medium
primary,bond_us_5y_ma20,0.013341136025539352,0.1017576258971009,0.5435606060606061,0.39111111111111113,-0.005236135800109083,medium
primary,vsumn_5d,0.013340220879571523,0.09128228238683728,0.5481481481481482,1.0,0.0003085021445840094,medium
primary,market_state_weak_z20_lag3,0.013246077774099661,0.07764408468497717,0.6153846153846154,0.00962962962962963,0.005783583902706016,medium
primary,fx_usd_cny_lag1,0.013244310057831185,0.08048556706695915,0.5384615384615384,0.057777777777777775,0.01783367571055917,medium
primary,revenue_yoy_lag1,0.013193222223904951,0.0993934995931547,0.5269058295964125,0.33037037037037037,-0.0057599977860370135,medium
primary,growth_quality_lag3,0.01301870757553024,0.09862836571402243,0.5342163355408388,0.33555555555555555,-0.003972862916355945,medium
primary,sf_total_lag1,0.01292736327062186,0.0840161223090145,0.5789473684210527,0.014074074074074074,0.015695174299017605,medium
primary,bond_us_30y_ma20,0.012910485273386322,0.09753348599411277,0.551594746716698,0.39481481481481484,0.004782365850588746,medium
primary,market_state_weak_accel,0.012783810943321398,0.07468301856502725,0.6153846153846154,0.00962962962962963,0.005594884359740433,medium
primary,consecutive_quarter_decline_accel,0.012728031696854226,0.09810469828927088,0.5498084291187739,0.38666666666666666,0.0035216293632621305,medium
primary,net_margin_lag3,0.012718311534222556,0.08083292295919688,0.5143487858719646,0.33555555555555555,0.004140358853787775,medium
primary,eps,0.01266890759871078,0.06830932298915883,0.5304740406320542,0.32814814814814813,-0.010240757679597616,medium
primary,bond_cn_5y_lag5,0.012644423057075596,0.08476241828276054,0.5414634146341464,0.15185185185185185,-0.0038324790495941593,medium
primary,shibor_1W_ma5,0.012639208232559157,0.08353455423901099,0.5428571428571428,0.12962962962962962,-0.0007310467585580407,medium
primary,roe_lag3,0.012533314136697428,0.07033760303813724,0.5143487858719646,0.33555555555555555,0.001917299987460661,medium
primary,bond_us_30y_lag10,0.012509922370149818,0.09078450421155781,0.5329153605015674,0.2362962962962963,0.006540311926547174,medium
primary,bond_us_30y_ma5,0.012502544589268902,0.08508487833586732,0.5411764705882353,0.1259259259259259,0.003687565138452426,medium
primary,fx_usd_cny_ma5,0.012485733445694319,0.08207832070111669,0.52,0.12962962962962962,0.016697071926032724,medium
primary,growth_quality_lag1,0.012435205815021676,0.09334094062246166,0.5201793721973094,0.33037037037037037,-0.006440318335683795,medium
primary,guba_sent_skew_lag1,0.012426356113228579,0.10674906437548141,0.5481481481481482,1.0,0.008910330173770456,medium
primary,cntn_20d,0.012385985779244666,0.07559221052106713,0.5244444444444445,1.0,0.008823513522270232,medium
primary,comment_score,0.012181811794021348,0.06753037662261178,0.5625,0.035555555555555556,-0.010862547588106161,medium
primary,deep_value_lag1,0.012065507312836114,0.09599574802953818,0.5388679245283019,0.9814814814814815,0.01747183935990675,medium
primary,news_net_bullish_lag5,0.012045588703657961,0.10201984054985679,0.5328467153284672,0.20296296296296296,0.0024082826891636973,medium
primary,f_score,0.012031365543178992,0.09615587230071922,0.5418569254185692,0.4866666666666667,-0.003694678798490222,medium
primary,has_gap_unlock_return_30d,0.011962102531249167,0.09330830415098339,0.5400291120815138,0.5088888888888888,0.002363583860733311,medium
primary,has_gap_is_vc_backed,0.011962102531249167,0.09330830415098339,0.5400291120815138,0.5088888888888888,0.002363583860733311,medium
primary,has_gap_free_ratio,0.011962102531249167,0.09330830415098339,0.5400291120815138,0.5088888888888888,0.002363583860733311,medium
primary,has_gap_able_shares,0.011962102531249167,0.09330830415098339,0.5400291120815138,0.5088888888888888,0.002363583860733311,medium
primary,has_gap_free_shares,0.011962102531249167,0.09330830415098339,0.5400291120815138,0.5088888888888888,0.002363583860733311,medium
primary,roe_lag1,0.011937217403403016,0.06760435977751167,0.5201793721973094,0.33037037037037037,-0.007955417422614831,medium
primary,deep_value,0.011931280622864601,0.09328407443668305,0.5283018867924528,0.9814814814814815,0.016227638353242518,medium
primary,bond_us_5y_lag2,0.011909784340700455,0.07518079211440912,0.5428571428571428,0.07777777777777778,-0.006374442374782308,medium
primary,net_margin_lag1,0.011882857828646658,0.07581524691746577,0.5224215246636771,0.33037037037037037,-0.006766422839753647,medium
primary,consecutive_quarter_decline_ma5,0.01185314491692889,0.09032886901206805,0.5414551607445008,0.8755555555555555,0.008613730757859256,medium
primary,ind_return_max,0.011836203921001659,0.06952997900846826,0.5365853658536586,0.03037037037037037,-0.015602857913655264,medium
primary,dual_concentration_signal_std20,0.011785368910845634,0.08933533244220825,0.5415944540727903,0.8548148148148148,0.008061880602923318,medium
primary,consecutive_quarter_decline_ma10,0.011784061776103128,0.08951733423701824,0.5501263689974726,0.8792592592592593,0.008604453028092516,medium
primary,revenue_yoy_lag2,0.01173538666633209,0.08913148020483236,0.5256124721603563,0.3325925925925926,-0.005837814310853344,medium
primary,fx_eur_cny_lag5,0.011697958472536,0.07791475873211437,0.5242718446601942,0.15259259259259259,0.002538312690923546,medium
primary,bond_cn_2y_lag5,0.011678670408374808,0.07737556404187465,0.5392156862745098,0.1511111111111111,-0.007631057961704534,medium
primary,roa_lag2,0.011615753170966345,0.07195007844948356,0.5233853006681515,0.3325925925925926,-0.005045018111237627,medium
primary,vma_30d,0.011571420734337286,0.07627957974022907,0.5303703703703704,1.0,-0.0016337882663343014,medium
primary,profit_yoy_lag5,0.011566053667708485,0.08053575078002737,0.5403050108932462,0.34,0.0028026042124460943,medium
primary,comment_score_lag3,0.011526271773220768,0.05715710205940326,0.5833333333333334,0.035555555555555556,-0.0087618187027864,medium
primary,pe_pb_divergence_lag10,0.011524714756774504,0.07858155646517016,0.5296296296296297,1.0,0.015292068267366527,medium
primary,shibor_2W_ma5,0.011493934068796376,0.07693887506000792,0.5170454545454546,0.13037037037037036,0.005331499560710561,medium
primary,consecutive_quarter_decline,0.011445058157374666,0.08726066933142133,0.5395744680851063,0.8703703703703703,0.0074261133451978475,medium
primary,net_margin_lag2,0.011395091464426282,0.07172712807217206,0.5211581291759465,0.3325925925925926,-0.002976263373832535,medium
primary,ind_dispersion_20d_z20,0.011366923580572829,0.08625342905138628,0.5297397769516728,0.3985185185185185,0.016618340749556353,medium
primary,effective_yield_std20,0.011355952871141245,0.07488550013985182,0.5185185185185185,1.0,0.0049144280710784844,medium
primary,deep_value_lag2,0.011298331986364702,0.09085481240307557,0.5433962264150943,0.9814814814814815,0.016037480527820384,medium
primary,fx_gbp_cny_lag1,0.011185840636718755,0.06745606110129335,0.5128205128205128,0.057777777777777775,0.011667989088298062,medium
primary,consecutive_quarter_decline_ma20,0.011144277019085116,0.08461648020784948,0.5380116959064327,0.8866666666666667,0.006346580339357324,medium
primary,earnings_quality,0.011135404821487938,0.0882593788094889,0.5327313769751693,0.32814814814814813,0.005251597432015192,medium
primary,shibor_2W_lag2,0.011057148215678757,0.06940934885110106,0.5132743362831859,0.0837037037037037,0.005424323248786471,medium
primary,menv_bond_10y2y_spread_ma10,0.011043629401178076,0.07918618655532354,0.5256410256410257,0.2311111111111111,-0.004022771367763215,medium
primary,bond_cn_10y2y_spread_ma10,0.011043629401178076,0.07918618655532354,0.5256410256410257,0.2311111111111111,-0.004022771367763215,medium
primary,news_pos_momentum_lag2,0.01091250264412682,0.09122717793810614,0.5595959595959596,0.36666666666666664,0.012191566481310328,medium
primary,f_score_lag1,0.010892855483391748,0.0860202805061597,0.5447647951441578,0.48814814814814816,0.005899542704380239,medium
primary,growth_quality_lag2,0.01088213529994042,0.08279726537266165,0.5233853006681515,0.3325925925925926,-0.006354384089922502,medium
primary,deep_value_lag3,0.010850867668179377,0.08593757440261211,0.5313207547169811,0.9814814814814815,0.016430100038943574,medium
primary,bond_us_30y,0.010786702622093854,0.06413468847994996,0.5,0.02962962962962963,0.0026634866063296437,medium
primary,news_sent_volume_lag5,0.010770267583442949,0.09178210860796088,0.532608695652174,0.20444444444444446,0.001848602642924577,medium
primary,north_net_buy_ma20,0.010752430468757505,0.07790758789625638,0.5339265850945495,0.6659259259259259,0.006656224628355279,medium
primary,guba_sent_skew_lag2,0.010649779944190016,0.09172963842905356,0.5311111111111111,1.0,0.007753507001111539,medium
primary,ind_return_mean,0.010638080221557288,0.062462770327897016,0.5365853658536586,0.03037037037037037,0.013390317801036592,medium
primary,shibor_1Y_z20,0.010630419457812228,0.08083760470688157,0.5390070921985816,0.4177777777777778,0.008770493841566085,medium
primary,fx_eur_cny_ma5,0.010602010042674807,0.0701227910939381,0.5227272727272727,0.13037037037037036,0.0060363528038010926,medium
primary,investor_new_num_lag10,0.010574130491838203,0.08551236032151421,0.5517241379310345,0.04296296296296296,-0.007203928931369391,medium
primary,investor_new_z_lag10,0.010574130491838203,0.08551236032151421,0.5517241379310345,0.04296296296296296,-0.008034633451790002,medium
primary,effective_yield_ma10,0.010558585696462473,0.06494255576725552,0.5185185185185185,1.0,0.01199629824431301,medium
primary,effective_yield,0.010556701024058483,0.06497566423453842,0.5166790214974055,0.9992592592592593,0.011872052746635827,medium
primary,effective_yield_ma5,0.010548393820991054,0.064878918856109,0.5162962962962963,1.0,0.011788114770818078,medium
primary,menv_us_cn_10y_spread_ma20_lag10,0.010541693606755127,0.08008308406511729,0.5303468208092486,0.5125925925925926,0.004338054298645441,medium
primary,has_gap_unlock_return_30d_ma5,0.010530801907804185,0.08374522219259313,0.5311004784688995,0.6192592592592593,0.01332333375057952,medium
primary,has_gap_free_shares_ma5,0.010530801907804185,0.08374522219259313,0.5311004784688995,0.6192592592592593,0.01332333375057952,medium
primary,has_gap_able_shares_ma5,0.010530801907804185,0.08374522219259313,0.5311004784688995,0.6192592592592593,0.01332333375057952,medium
primary,has_gap_is_vc_backed_ma5,0.010530801907804185,0.08374522219259313,0.5311004784688995,0.6192592592592593,0.01332333375057952,medium
primary,has_gap_free_ratio_ma5,0.010530801907804185,0.08374522219259313,0.5311004784688995,0.6192592592592593,0.01332333375057952,medium
primary,momentum_252d_accel_lag2,0.010508690935309806,0.059255421209035805,0.5111111111111111,1.0,0.0029963823623705478,medium
primary,avg_shares,0.010497684522754739,0.06456134825562375,0.5163572060123784,0.8377777777777777,0.00813917182093199,medium
primary,effective_yield_ma20,0.01046745750334975,0.06438316767097242,0.5214814814814814,1.0,0.012242405454360976,medium
primary,sentiment_mean_lag5,0.0104551840451631,0.08924446161037256,0.5253623188405797,0.20444444444444446,0.0018375828466782255,medium
primary,news_sent_streak_lag10,0.010451722569571381,0.09399282872727445,0.5714285714285714,0.0725925925925926,-0.004378112921061114,medium
primary,guba_sent_skew_lag3,0.01039370619506399,0.08885508232417323,0.5370370370370371,1.0,0.007931036518893972,medium
primary,bond_us_10y_lag10,0.010372612643964812,0.07488926287234131,0.5329153605015674,0.2362962962962963,0.002949345273660687,medium
primary,menv_us_cn_10y_spread_ma10_lag2,0.010355184192443159,0.07637315242961168,0.5537190082644629,0.2688888888888889,0.0052187267604237005,medium
primary,market_state_normal_ma20_lag1,0.01033874004401354,0.1081815308122782,0.5384615384615384,0.00962962962962963,0.005723490233595223,medium
primary,market_state_normal_std20_lag1,0.01033874004401354,0.1081815308122782,0.5384615384615384,0.00962962962962963,0.005723490233595223,medium
primary,flow_z_lag2,0.010287169315943501,0.06761050568536388,0.5256124721603563,0.9977777777777778,0.0034378833942708756,medium
primary,avg_shares_ma10,0.01025502011997253,0.06303045792881248,0.5170603674540682,0.8466666666666667,0.010503293017719103,medium
primary,eps_lag3,0.01024729646174477,0.054847502242373294,0.5165562913907285,0.33555555555555555,0.0026677968077229225,medium
primary,market_state_weak_z20_lag1,0.010246030725487196,0.05982969757178857,0.5384615384615384,0.00962962962962963,0.00028613317871301465,medium
primary,has_gap_amount_ratio_ma20,0.01023715572738517,0.07550353948949623,0.542962962962963,1.0,0.010301294486279783,medium
primary,fx_gbp_cny,0.010228144649402153,0.06088267573622366,0.5121951219512195,0.03037037037037037,0.0108293265608387,medium
primary,has_gap_premium_pct_wavg_ma20,0.010221950019423987,0.07540071148008387,0.542962962962963,1.0,0.010292175952646965,medium
primary,has_gap_temporary_impact_ma20,0.010221950019423987,0.07540071148008387,0.542962962962963,1.0,0.010292175952646965,medium
primary,has_gap_total_volume_ma20,0.010221950019423987,0.07540071148008387,0.542962962962963,1.0,0.010292175952646965,medium
primary,has_gap_premium_pct_mean_ma20,0.010221950019423987,0.07540071148008387,0.542962962962963,1.0,0.010292175952646965,medium
primary,has_gap_trade_count_ma20,0.010221950019423987,0.07540071148008387,0.542962962962963,1.0,0.010292175952646965,medium
primary,has_gap_total_amount_ma20,0.010221950019423987,0.07540071148008387,0.542962962962963,1.0,0.010292175952646965,medium
primary,comment_score_ma5,0.010219867581531261,0.05083191483904949,0.5283018867924528,0.03925925925925926,-0.006897937131558352,medium
primary,pe_pb_divergence_lag20,0.01017167292085265,0.0698750776666389,0.5288888888888889,1.0,0.015719089302286573,medium
primary,bond_us_2y_lag2,0.010113419302992489,0.06452501491515213,0.5480769230769231,0.07703703703703704,-0.007239293831533528,medium
primary,consecutive_quarter_decline_std20,0.010110747838117409,0.08063850175713443,0.5413290113452188,0.457037037037037,-0.006857568108374017,medium
primary,menv_us_cn_10y_spread_lag10,0.010067824755220873,0.07283684855534493,0.5236686390532544,0.25037037037037035,0.006931752207594691,medium
primary,fx_jpy_cny,0.010059467561881273,0.05987500142824595,0.5365853658536586,0.03037037037037037,0.0118563309225596,medium
primary,market_state_normal_accel,0.009890836572963873,0.08420379895763039,0.5384615384615384,0.00962962962962963,-0.016930361089279485,medium
primary,avg_shares_ma5,0.00984278387043193,0.06059768091655788,0.5149384885764499,0.8429629629629629,0.010918434029835054,medium
primary,roa_lag5,0.009806240618915538,0.06002987847918842,0.5119825708061002,0.34,0.011479172069501989,medium
primary,news_count_momentum_lag2,0.009675995315419617,0.08032999590356009,0.5613682092555332,0.36814814814814817,0.011950849110205221,medium
primary,fx_jpy_cny_lag1,0.009663220823992132,0.05823283694553869,0.5,0.057777777777777775,0.012365137082923371,medium
primary,shibor_1W_std20,0.009107681166479325,0.0680362074888447,0.5233644859813084,0.3962962962962963,0.014184594529079362,medium
primary,market_state_weak_z20_lag2,0.008956796311238708,0.05245309390967581,0.5384615384615384,0.00962962962962963,0.012674332260517332,medium
primary,high_low_ratio_lag2,0.008871689306959592,0.050222834903185604,0.59375,0.023703703703703703,0.016326652358295585,medium
primary,fx_usd_cny_lag3,0.008817145981427525,0.05602796076667247,0.5379310344827586,0.10740740740740741,0.016735640337133872,medium
primary,fx_hkd_cny,0.008648029346082565,0.05202987955910865,0.4878048780487805,0.03037037037037037,0.015161403850713087,medium
primary,investor_new_z_lag20,0.008643897868229524,0.07182256907860811,0.5393258426966292,0.06592592592592593,0.010247119001557404,medium
primary,menv_cpi_z_ma5_lag10,0.008598069355740742,0.06947894249022507,0.5262054507337526,0.7066666666666667,-0.010762871090102696,medium
primary,f_score_lag2,0.008556070866852358,0.06743539356042352,0.5393939393939394,0.4888888888888889,0.012808459373955309,medium
primary,net_margin_lag20,0.008486283530296517,0.056510786307182884,0.53099173553719,0.3585185185185185,0.014065540353506994,medium
primary,roe_lag20,0.008452699213477384,0.051215771307634564,0.5330578512396694,0.3585185185185185,0.014653504887121754,medium
primary,bond_cn_5y_z20,0.008388622017922861,0.06418276015907465,0.5092592592592593,0.4,-0.01434615914029511,medium
primary,fx_gbp_cny_lag3,0.008248063705316565,0.05154437068583759,0.5310344827586206,0.10740740740740741,0.010045570401480552,medium
primary,rsqr_5d,0.008171807179105244,0.055808149071174006,0.5111111111111111,1.0,0.01605143870945707,medium
primary,revenue_trend_4q_lag5,0.008046186415282059,0.06316210741695012,0.5125925925925926,1.0,0.01723436960259614,medium
primary,ind_matched_return_lag10,0.00794148585244782,0.028218369795829847,0.5122312824314307,0.9992592592592593,0.01244299687710027,medium
primary,revenue_trend_4q_lag3,0.007733535869540942,0.06120511398120693,0.5162962962962963,1.0,0.016909167425338857,medium
primary,fx_usd_cny_lag5,0.00772299628909713,0.051418954501174306,0.49514563106796117,0.15259259259259259,0.017064015213273817,medium
primary,fx_usd_cny_ma10,0.007664522666617028,0.056494739790965524,0.5224358974358975,0.2311111111111111,0.01490916547504175,medium
primary,revenue_trend_4q_lag2,0.007505572073395578,0.05935545821697404,0.5222222222222223,1.0,0.01623045558292797,medium
primary,shibor_3M_z20,0.007499518087810494,0.05762129058343789,0.5315161839863713,0.4348148148148148,0.01627505122273818,medium
primary,ind_matched_return_lag3,0.007490438191470933,0.027699203205865042,0.5029761904761905,0.9955555555555555,-0.016403472900639815,medium
primary,roa_lag20,0.007309840279739778,0.047774207980492145,0.5247933884297521,0.3585185185185185,0.01805509231603978,medium
primary,revenue_trend_4q_lag1,0.007204281041538547,0.05688315060352963,0.5214814814814814,1.0,0.01546294936509729,medium
primary,menv_bond_10y2y_spread_accel_lag3,0.007174853575349102,0.054129266775736894,0.5422297297297297,0.43851851851851853,-0.014032996867733072,medium
primary,revenue_trend_4q,0.0071028541991892185,0.05588459284674928,0.5296296296296297,1.0,0.014373420779042884,medium
primary,m2_yoy_ma5,0.00704318988720299,0.050719579067319866,0.49230769230769234,0.04814814814814815,-0.014276730074520544,medium
primary,momentum_5d_accel_lag10,0.0069668838954208,0.04050068678799601,0.5066666666666667,1.0,0.01683205908611719,medium
primary,eps_lag20,0.006966587897073039,0.04050374974021471,0.5227272727272727,0.3585185185185185,0.014502293973601765,medium
primary,ind_pct_up_z20,0.006832875788114229,0.05046953862623661,0.5,0.397037037037037,0.015113882391303943,medium
primary,news_attention_z_lag2,0.006806337011821534,0.05340324337303035,0.5263835263835264,0.5755555555555556,0.011341466642808478,medium
primary,menv_bond_10y2y_spread_accel_lag2,0.006717975110257379,0.05084838706978829,0.5356521739130434,0.42592592592592593,-0.018218531074964402,medium
primary,m2_yoy_lag2,0.006712086524837146,0.045893476983256125,0.4230769230769231,0.01925925925925926,-0.016375342005079847,medium
primary,sf_total_accel,0.006617704752554507,0.049945541522269904,0.5393939393939394,0.24444444444444444,0.015238001225196548,medium
primary,news_neg_momentum_lag2,0.006563772284065925,0.05362056866366447,0.5482546201232033,0.36074074074074075,0.01023937800002115,medium
primary,ind_return_skew_ma20,0.006560053139687019,0.048340989258637924,0.5148698884758365,0.3985185185185185,-0.013995879079306928,medium
primary,fx_hkd_cny_ma5,0.006444785826453674,0.042679653170917216,0.48863636363636365,0.13037037037037036,0.015431035396179505,medium
primary,bond_cn_30y_accel,0.006420099355532936,0.04779811109198313,0.5083798882681564,0.3977777777777778,-0.013901645571860105,medium
primary,gap_down_pct,0.006317512904050952,0.044841817857824075,0.5281899109792285,0.9985185185185185,0.01654672034960008,medium
primary,menv_regime_z_ma20,0.006023613816277082,0.0474010677509839,0.5094494658997535,0.9014814814814814,0.014691961231892337,medium
primary,bond_us_2y_accel,0.006020349523972015,0.04557881870254881,0.5066162570888468,0.39185185185185184,-0.016067162760529767,medium
primary,menv_regime_z_ma20_lag1,0.00601335267090143,0.04773282812402758,0.5118560915780866,0.9059259259259259,0.013068352565889013,medium
primary,deep_value_lag20,0.00591183353034474,0.04574122364848255,0.519245283018868,0.9814814814814815,0.011438233747137413,medium
primary,shibor_6M_z20,0.0058229864720402745,0.04471100360567611,0.5298126064735945,0.4348148148148148,0.01788904188976993,medium
primary,news_count_momentum_lag10,0.005813207741657472,0.05109698142224796,0.5194274028629857,0.3622222222222222,0.010212016707272457,medium
primary,up_count_accel,0.00575966703777169,0.03229749308718649,0.5214814814814814,1.0,-0.01815707120050258,medium
primary,has_gap_close_ma10,0.005728771206843329,0.04948524407520691,0.5244444444444445,1.0,0.01495475339425601,medium
primary,has_gap_close,0.005711847523053885,0.049453334837551766,0.5219005196733482,0.9977777777777778,0.010189067360932991,medium
primary,fx_hkd_cny_ma10,0.005660679002165958,0.04136932851259483,0.5271565495207667,0.23185185185185186,0.014423181730730372,medium
primary,has_gap_close_ma5,0.005585860791818161,0.048246092088130174,0.5237037037037037,1.0,0.01601012271883342,medium
primary,is_yzt_lag5,0.005558682279412162,0.04321079665415585,0.5,0.005925925925925926,-0.01188565363401917,medium
primary,has_gap_close_ma20,0.005553376772990672,0.048028252808992714,0.5251851851851852,1.0,0.013784141120312418,medium
primary,has_gap_bonus_rmb_ma5,0.005540769615465672,0.04326463935858512,0.5272904483430799,0.76,0.010906479612392786,medium
primary,has_gap_bonus_ratio_ma5,0.005540769615465672,0.04326463935858512,0.5272904483430799,0.76,0.010906479612392786,medium
primary,has_gap_transfer_ratio_ma5,0.005540769615465672,0.04326463935858512,0.5272904483430799,0.76,0.010906479612392786,medium
primary,ind_return_std_accel,0.0055157099392390534,0.04158860337030191,0.5241635687732342,0.3985185185185185,-0.011880248821225159,medium
primary,has_gap_dividend_yield_ma5,0.00551373195792096,0.04314523630369465,0.5272904483430799,0.76,0.010973185215264306,medium
primary,bond_cn_30y_z20,0.005265939353137162,0.038848240418101046,0.5027726432532348,0.40074074074074073,-0.01640955917946744,medium
primary,is_zb_lag10,0.005226943149221508,0.04113082835184542,0.5,0.005925925925925926,0.011520090693128758,medium
primary,cntn_60d,0.005222465502802836,0.030828012352398397,0.5051851851851852,1.0,0.014912038767052539,medium
primary,mkt_cap_total_z_ma20,0.00513189200536723,0.04040946926977124,0.5169491525423728,0.1748148148148148,-0.013842542200809733,medium
primary,fx_gbp_cny_lag10,0.005076700742944379,0.036314552294852566,0.5295857988165681,0.25037037037037035,0.011906305032762738,medium
primary,ind_return_std_std20,0.005056037543883389,0.03774052589536909,0.5148698884758365,0.3985185185185185,0.01384367072060338,medium
primary,fx_gbp_cny_ma10,0.005005064360237989,0.03607388156577213,0.5079872204472844,0.23185185185185186,0.010865611197789206,medium
primary,momentum_60d_std20,0.0049779394371619184,0.030860959357078544,0.4985185185185185,1.0,0.014038066116845863,medium
primary,bond_cn_10y_lag1,0.004941923594024896,0.029529058473030813,0.5,0.057777777777777775,-0.010079025253980477,medium
primary,menv_shibor_1m_z_accel_lag20,0.004837668450395394,0.03759243103595491,0.5092592592592593,0.96,0.015709626868762542,medium
primary,menv_regime_z_accel_lag1,0.004835410752584084,0.038594678917002384,0.5249386753883892,0.9059259259259259,0.016786954336084556,medium
primary,menv_cpi_z_ma10_lag10,0.004740571289942673,0.03787938601269264,0.5140562248995983,0.7377777777777778,-0.0161386659820344,medium
primary,market_adv_ratio_lag20,0.004398329137624849,0.03261322795156053,0.5137614678899083,0.40370370370370373,0.014996568460210708,medium
primary,momentum_252d_z20,0.004324057827387042,0.024594647898665667,0.5118518518518519,1.0,0.012091689461611687,medium
primary,f_score_lag20,0.004271261962511218,0.03469460714519942,0.5297619047619048,0.49777777777777776,0.018928772943693675,medium
primary,revenue_trend_4q_lag10,0.0042200543899970295,0.03270140874278153,0.5118518518518519,1.0,0.014941037050499994,medium
primary,momentum_60d_std20_lag1,0.004182267573337323,0.025579892962122312,0.5133333333333333,1.0,0.010345388142863784,medium
primary,shibor_2W_accel,0.00416828939110652,0.03121769813623463,0.5185873605947955,0.3985185185185185,0.013238464707137475,medium
primary,menv_fx_usd_cny_z_accel_lag10,0.004150005812800921,0.03311069323643583,0.49960474308300395,0.937037037037037,-0.015348938223798052,medium
primary,gdp_cn_yoy_std20,0.004103180356140491,0.03714112179535805,0.5372714486638537,0.5266666666666666,-0.014030115800349897,medium
primary,fx_usd_cny_lag20,0.004068361548391335,0.029922534161957275,0.4991055456171735,0.4140740740740741,0.01348682513333907,medium
primary,menv_cpi_z_ma20_lag10,0.003945727478461082,0.03161780192961552,0.5094339622641509,0.7851851851851852,-0.01924697799827275,medium
primary,menv_cpi_z_ma20_lag5,0.0038556316805176964,0.030609717535912,0.5033947623666344,0.7637037037037037,-0.011283767454140853,medium
primary,momentum_5d_accel_lag2,0.0038535642581020717,0.021971598240355585,0.5155555555555555,1.0,-0.012327264051642533,medium
primary,news_guba_ratio_lag20,0.003829834945578525,0.0341468092444068,0.5276752767527675,0.20074074074074075,-0.013131608936581782,medium
primary,shibor_O_N_accel,0.003782589366956525,0.02845399019903917,0.5083798882681564,0.3977777777777778,-0.016721501210986082,medium
primary,menv_regime_z,0.0037608135567057535,0.028871793242139374,0.5083179297597042,0.8014814814814815,0.01018045951442075,medium
primary,fx_jpy_cny_ma5,0.0035768948726999966,0.023443342143021125,0.4943181818181818,0.13037037037037036,0.010790756525514164,medium
primary,stock_vs_industry_lag2,0.003553446838977329,0.012898946237856052,0.48399106478034254,0.9948148148148148,-0.012776546195911382,medium
primary,menv_regime_z_accel_lag5,0.003552067138463697,0.027987581312607503,0.5140562248995983,0.9222222222222223,0.017141834719606015,medium
primary,sector_breadth_raw_accel,0.003538880923518951,0.019880933640475797,0.5111111111111111,1.0,-0.017217071484454664,medium
primary,mkt_cap_total_z_lag2,0.003503745800667817,0.02542280884963398,0.4782608695652174,0.017037037037037038,-0.01881712208094592,medium
primary,menv_regime_z_ma10_lag5,0.003344486336990972,0.0264950274863853,0.497893850042123,0.8792592592592593,0.014501577277580424,medium
primary,ret_std_std20,0.0033344231283238056,0.021244777759794106,0.5170370370370371,1.0,0.018305555163901865,medium
primary,stock_vs_industry_lag1,0.0033272220171610897,0.012047455285731949,0.5,0.9940740740740741,0.012223102453407717,medium
primary,gross_margin_lag5,0.003314031581379379,0.024530061583991083,0.5272331154684096,0.34,0.019479082020197096,medium
primary,menv_fx_usd_cny_z_std20_lag20,0.003301315976081896,0.025981186481232887,0.5262345679012346,0.96,0.01878793011867607,medium
primary,menv_cpi_z_ma5_lag20,0.0032936676662043913,0.02624280001421289,0.5009708737864078,0.762962962962963,-0.016969993105861253,medium
primary,bond_cn_30y_lag1,0.0031991612958912,0.019151571915282772,0.4935064935064935,0.05703703703703704,-0.015174348852047598,medium
primary,bond_cn_10y_accel,0.003173695055556595,0.02382853886143245,0.5130111524163569,0.3985185185185185,-0.017189651774061863,medium
primary,sector_breadth_z_accel,0.0031031589123111953,0.017562872717733317,0.502962962962963,1.0,-0.017534451722552226,medium
primary,has_gap_effective_yield_ma10,0.0030583110718058037,0.023905853687381573,0.5033407572383074,0.9977777777777778,0.017268008901076496,medium
primary,market_turnover_z_ma20,0.0030150070311576256,0.022748352727830597,0.5111524163568774,0.3985185185185185,0.015531033549370993,medium
primary,has_gap_effective_yield_ma5,0.0030085529764001173,0.02352133239683751,0.5025983667409057,0.9977777777777778,0.015568358847798008,medium
primary,has_gap_effective_yield,0.0029849273169488943,0.023354253549956214,0.5037147102526003,0.997037037037037,-0.015400238014271365,medium
primary,cpi_yoy_accel,0.002796641489770727,0.021987547607711055,0.5191489361702127,0.17407407407407408,0.01933351016362693,medium
primary,market_adv_ratio_accel,0.0027809705012323055,0.02109840236301482,0.5028142589118199,0.39481481481481484,-0.013996578623733907,medium
primary,avg_concept_heat_ma20,0.0027490475033460165,0.014122353157560295,0.5,0.007407407407407408,0.013771724989569117,medium
primary,has_hot_board_ma20,0.0027490475033460165,0.014122353157560295,0.5,0.007407407407407408,0.013771724989569117,medium
primary,board_count_std20,0.0027490475033460165,0.014122353157560295,0.5,0.007407407407407408,0.013771724989569117,medium
primary,board_count_ma20,0.0027490475033460165,0.014122353157560295,0.5,0.007407407407407408,0.013771724989569117,medium
primary,board_count_ma10,0.0027490475033460165,0.014122353157560295,0.5,0.007407407407407408,0.013771724989569117,medium
primary,board_overlap_score_ma20,0.0027490475033460165,0.014122353157560295,0.5,0.007407407407407408,0.013771724989569117,medium
primary,board_overlap_score_std20,0.0027490475033460165,0.014122353157560295,0.5,0.007407407407407408,0.013771724989569117,medium
primary,board_overlap_score_ma10,0.0027490475033460165,0.014122353157560295,0.5,0.007407407407407408,0.013771724989569117,medium
primary,has_hot_board_ma10,0.0027490475033460165,0.014122353157560295,0.5,0.007407407407407408,0.013771724989569117,medium
primary,avg_concept_heat_ma10,0.0027490475033460165,0.014122353157560295,0.5,0.007407407407407408,0.013771724989569117,medium
primary,avg_concept_heat_std20,0.0027490475033460165,0.014122353157560295,0.5,0.007407407407407408,0.013771724989569117,medium
primary,roe_trend_4q_lag10,0.0027366989482985236,0.01729365924949131,0.5074074074074074,1.0,0.010503805289988054,medium
primary,effective_yield_z20,0.002590882672692404,0.0216295983215981,0.4948148148148148,1.0,-0.01833460000795683,medium
primary,menv_shibor_1m_z_ma20,0.002505043296866029,0.019478263591080226,0.5152013147082991,0.9014814814814814,0.010931244043463977,medium
primary,menv_cpi_z_ma20_lag20,0.002291309380362624,0.01875612747807364,0.4963963963963964,0.8222222222222222,-0.018046670355817952,medium
primary,menv_cpi_z_lag2,0.002263341793875346,0.018234372575195296,0.5204819277108433,0.6148148148148148,0.010393332607614405,medium
primary,menv_regime_z_z20_lag5,0.002208190177588641,0.01743162446715201,0.5084337349397591,0.9222222222222223,0.01963061766310515,medium
primary,momentum_5d_z20_lag3,0.0022031873226453775,0.012727078701051569,0.5059259259259259,1.0,-0.016773793321607017,medium
primary,bond_cn_30y_ma5,0.002187350843151988,0.014700303827036094,0.5287356321839081,0.1288888888888889,-0.01444495957603876,medium
primary,sector_rrg_quadrant_std20,0.002136702386049332,0.013507780388790342,0.5022222222222222,1.0,0.016003026219868786,medium
primary,momentum_252d_z20_lag20,0.002108747114285945,0.012227652005771217,0.49333333333333335,1.0,-0.012040187687224453,medium
primary,sector_rrg_quadrant_std20_lag1,0.002106465515632253,0.013154063713186228,0.5,1.0,0.014950126532394603,medium
primary,menv_regime_z_ma20_lag2,0.002071754854206503,0.016405887552818126,0.49959316517493896,0.9103703703703704,0.010805245420288136,medium
primary,dv_last_direction,0.0020528973062497935,0.016726458765929684,0.502594514455152,0.9992592592592593,0.0166287923031671,medium
primary,momentum_5d_z20_lag10,0.0020517707899804904,0.01189795912434395,0.5022222222222222,1.0,0.010348798494367454,medium
primary,menv_regime_z_ma5_lag5,0.0019826841222550066,0.015395774460966155,0.5025996533795494,0.8548148148148148,0.018964734746598207,medium
primary,north_hold_pct_lag3,0.001968985705631636,0.010814864984422244,0.5159763313609468,0.6259259259259259,-0.019326389980866693,medium
primary,menv_cpi_z_lag20,0.0019659790638377815,0.01548903905931045,0.5029940119760479,0.7422222222222222,-0.017958251568693323,medium
primary,dv_last_direction_ma10,0.0019597639360737534,0.015969698383448038,0.5037037037037037,1.0,0.01700687914923233,medium
primary,fx_gbp_cny_ma5,0.0019019379069416303,0.012466206358257608,0.5056818181818182,0.13037037037037036,0.01018852787403467,medium
primary,menv_regime_z_std20_lag5,0.0018783625478139307,0.014856629502351287,0.5012048192771085,0.9222222222222223,-0.012081801859326616,medium
primary,news_sent_streak_lag1,0.001863071472285666,0.015247717668090835,0.49504950495049505,0.07481481481481482,-0.01057808844553609,medium
primary,down_count,0.0018629593378958653,0.01003013146190068,0.4933135215453195,0.997037037037037,-0.019213321439588336,medium
primary,menv_regime_z_z20_lag3,0.0018451086876448823,0.0147909373958092,0.5004048582995951,0.9148148148148149,0.01326798887966243,medium
primary,menv_cpi_z_ma10_lag20,0.0018126500801206205,0.014732896921271818,0.5051837888784166,0.7859259259259259,-0.01742448185188075,medium
primary,menv_cpi_z,0.001811295888973541,0.014614815700194664,0.5136476426799007,0.597037037037037,0.010158668692485554,medium
primary,news_count_lag20,0.0017742231563294378,0.01547505248966397,0.5129151291512916,0.20074074074074075,-0.01311325691648083,medium
primary,gross_margin,0.0017615038870764756,0.013335249410945708,0.5056433408577878,0.32814814814814813,-0.0157651258100604,medium
primary,up_count_ma5,0.0017603368721669326,0.009494934802176657,0.49777777777777776,1.0,-0.013654252632384574,medium
primary,market_turnover_z_ma10,0.0017569452200271876,0.012625720011124716,0.5015974440894568,0.23185185185185186,0.01243044898310868,medium
primary,up_count_ma10,0.001747218592726392,0.009490243350138384,0.48962962962962964,1.0,-0.010575246301875892,medium
primary,dv_last_direction_ma20,0.0017463231742222292,0.014184730214578105,0.502962962962963,1.0,0.013950773205071315,medium
primary,menv_shibor_1m_z_ma10_lag20,0.0017384225169956341,0.013530280544670094,0.508300395256917,0.937037037037037,0.010274629859674901,medium
primary,down_count_z20,0.001630578454160052,0.009289050415146867,0.5140740740740741,1.0,-0.017521932213368806,medium
primary,momentum_20d_accel_lag5,0.0015617505280307174,0.009103269341186439,0.5118518518518519,1.0,0.010744492008264609,medium
primary,ind_return_max_z20,0.001512222956917656,0.011272675348339858,0.49070631970260226,0.3985185185185185,-0.017647579234576806,medium
primary,concept_zt_count_ma5,0.0014114179448343536,0.009647109211409023,0.5263157894736842,0.014074074074074074,-0.012439727238791061,medium
primary,sector_rrg_quadrant_std20_lag20,0.0014026924457894118,0.008853463491040344,0.4955555555555556,1.0,-0.011761403459694153,medium
primary,bond_cn_30y_lag5,0.0013970996499543204,0.009347853146220626,0.49504950495049505,0.14962962962962964,-0.012287471747054503,medium
primary,gross_margin_lag20,0.0013808903811513699,0.01022643618702717,0.5082644628099173,0.3585185185185185,0.019159360869499424,medium
primary,down_count_ma10,0.0012694544865612665,0.006861139124919601,0.48962962962962964,1.0,0.010589751521579855,medium
primary,cb_0_std20,0.001264677653781282,0.006832164554365152,0.5,0.007407407407407408,0.014882811918409875,medium
primary,cb_0_ma10,0.001264677653781282,0.006832164554365152,0.5,0.007407407407407408,0.014882811918409875,medium
primary,cb_0_ma20,0.001264677653781282,0.006832164554365152,0.5,0.007407407407407408,0.014882811918409875,medium
primary,shibor_6M_accel,0.0012430082184291453,0.009267798679840365,0.5037593984962406,0.3940740740740741,0.010547686918069964,medium
primary,menv_us_cn_10y_spread_accel_lag10,0.0012152770591686633,0.00931917863688774,0.5108538350217077,0.5118518518518519,0.0134981153238034,medium
primary,menv_us_cn_10y_spread_std20_lag10,0.0011994022992819165,0.009291286167747092,0.5144508670520231,0.5125925925925926,-0.011635773940702757,medium
primary,menv_cpi_z_lag1,0.0011659924441842751,0.009337097434959628,0.5146699266503667,0.605925925925926,0.012693505350359496,medium
primary,margin_stability_lag3,0.001156882314659428,0.009192752771327932,0.5032102728731942,0.922962962962963,0.011072828041831,medium
primary,menv_shibor_1m_z_accel,0.0011293596152408575,0.008816195212349569,0.504519309778143,0.9014814814814814,0.010943047033877943,medium
primary,profitability_stability_lag20,0.0011242483152940316,0.008889104402539118,0.5148148148148148,1.0,0.01217738079129975,medium
primary,momentum_5d_ma5_lag2,0.0011134511846982176,0.006278959229206569,0.5044444444444445,1.0,-0.011457323416472924,medium
primary,momentum_60d_z20_lag1,0.001100824261595947,0.006225443765556639,0.502962962962963,1.0,-0.013549068754757622,medium
primary,days_since_last_ex_div_accel,0.0011002845426061755,0.008621662937917685,0.5133333333333333,1.0,0.01913903674135811,medium
primary,sector_breadth_raw_ma10,0.0010849075668259735,0.006112698679548681,0.4985185185185185,1.0,-0.01073199867413652,medium
primary,sector_rrg_quadrant_std20_lag3,0.0010665124891377925,0.006481731445866763,0.5059259259259259,1.0,0.011967361523957132,medium
primary,menv_bond_10y2y_spread_z20_lag3,0.001027748061192317,0.007791915487635479,0.5126475548060708,0.43925925925925924,-0.015669411897498535,medium
primary,fx_usd_cny,0.0009222029620552126,0.005540918962712239,0.4634146341463415,0.03037037037037037,0.016487652182047542,medium
primary,market_state_volatile_lag10,0.0008897289662731962,0.006293679860206842,0.5,0.005925925925925926,0.011345799312096944,medium
primary,menv_regime_z_z20_lag20,0.0007992139168103525,0.006364280499398852,0.4984567901234568,0.96,0.010742936050062556,medium
primary,ind_return_mean_lag10,0.0007895495819811997,0.005659747359646558,0.48520710059171596,0.25037037037037035,0.01129977245894324,medium
primary,momentum_5d_accel_lag5,0.0006168953575459528,0.003466276215053106,0.49925925925925924,1.0,0.011244202250027065,medium
primary,menv_cpi_z_z20_lag20,0.0006054875940680281,0.0050059586748042,0.48872858431018934,0.8214814814814815,0.014673975345350494,medium
primary,flow_z,0.0006021695064484173,0.003691760823992379,0.5033457249070632,0.9962962962962963,0.01079360514137488,medium
primary,sector_rrg_quadrant_std20_lag2,0.0005505347403077024,0.0033991837269384487,0.502962962962963,1.0,0.014040895236382973,medium
primary,bond_cn_5y_accel,0.0005252517057751684,0.00394073532083641,0.5037174721189591,0.3985185185185185,-0.01208468066619323,medium
primary,up_count,0.000503309533346231,0.00276105314977697,0.4888558692421991,0.997037037037037,0.014643373558156451,medium
primary,momentum_20d_accel_lag3,0.0004867625297173086,0.002834885271892005,0.5133333333333333,1.0,0.012206293507531413,medium
primary,fx_hkd_cny_lag10,0.00046302059131925823,0.003314730058301927,0.4940828402366864,0.25037037037037035,0.013474425063639639,medium
primary,momentum_60d_z20_lag2,0.0004410468780524119,0.002517881029721087,0.5051851851851852,1.0,-0.010848571677591495,medium
primary,flow_momentum,0.00043297345829121765,0.002658221270466588,0.5018587360594795,0.9962962962962963,0.010654012694311182,medium
primary,momentum_60d_std20_lag20,0.0003099810676488662,0.0019167681978760984,0.5,1.0,0.010274842243197312,medium
primary,menv_fx_usd_cny_z_accel_lag20,0.000296657278903395,0.002354559492326821,0.4930555555555556,0.96,-0.014199274968874676,medium
primary,momentum_60d_z20_lag5,0.00022802328442613656,0.0012549018191574098,0.4962962962962963,1.0,0.010869488740690129,medium
primary,menv_regime_z_ma20_lag20,0.00020323677778803697,0.0015777106101710987,0.5046296296296297,0.96,-0.016077401374612242,medium
primary,momentum_5d_ma5_lag1,0.00019343537332730372,0.0010671114667847768,0.5148148148148148,1.0,-0.019093445906380162,medium
primary,fx_gbp_cny_lag2,0.00011485239280809748,0.0007285690665800965,0.46017699115044247,0.0837037037037037,0.010284633526075027,medium
primary,roe_trend_4q_lag5,6.989009453627571e-05,0.0004382947177565077,0.5051851851851852,1.0,0.01207655673634036,medium
primary,volume_ratio_lag20,6.45512865889409e-05,0.0005029000595180444,0.5103703703703704,1.0,0.010039539461211425,medium
primary,flow_z_lag3,5.4159856174343303e-05,0.00035728492367240406,0.5074183976261127,0.9985185185185185,-0.013606011598919023,medium
primary,flow_z_lag20,5.024443194239937e-06,3.440252074711547e-05,0.507783543365456,0.9992592592592593,0.010650463462057499,medium
primary,menv_shibor_1m_z_ma5_lag1,-3.1131928462510275e-05,-0.0002393309059220765,0.4951111111111111,0.8333333333333334,0.01813448518968765,medium
primary,menv_shibor_1m_z_ma10_lag3,-3.257586220858144e-05,-0.0002533891824824701,0.502127659574468,0.8703703703703703,0.012177455177622486,medium
primary,menv_shibor_1m_z_accel_lag1,-0.000179819115779775,-0.0013896111865616364,0.5004088307440719,0.9059259259259259,0.012154803694963016,medium
primary,fx_hkd_cny_lag20,-0.00022807593024713456,-0.0016887742934929891,0.4865831842576029,0.4140740740740741,0.01288530407802797,medium
primary,rsqr_10d,-0.0002875924421979837,-0.0019259907297703724,0.48,1.0,0.011970471395980889,medium
primary,menv_shibor_1m_z_accel_lag2,-0.0002906841283869367,-0.0022268604003156806,0.49389747762408465,0.9103703703703704,0.011981747057170691,medium
primary,ind_return_skew_lag20,-0.000339762060095404,-0.002527503873467275,0.4991055456171735,0.4140740740740741,-0.014582473868010374,medium
primary,menv_regime_z_accel_lag10,-0.00036231685874513203,-0.002900368919816643,0.4893280632411067,0.937037037037037,0.011744788816141341,medium
primary,m2_yoy,-0.00039169488758177316,-0.0025360613003628605,0.46153846153846156,0.00962962962962963,-0.013267068296989181,medium
primary,max_10d,-0.0003960426378186007,-0.001975404988493297,0.49703703703703705,1.0,0.018042588778209655,medium
primary,bond_cn_30y_ma10,-0.00039634412923600495,-0.0027406570223626027,0.5144694533762058,0.23037037037037036,-0.013185314859716166,medium
primary,ind_return_min_lag10,-0.0004706350081671267,-0.0033117986575232844,0.4881656804733728,0.25037037037037035,0.019213340395358484,medium
primary,flow_momentum_lag3,-0.000482799980062343,-0.003189025881096295,0.505192878338279,0.9985185185185185,-0.014586261242099257,medium
primary,ind_matched_return_ma10,-0.0005364461009521444,-0.001929579667482643,0.4936990363232024,0.9992592592592593,-0.015332297333724204,medium
primary,investor_new_num_lag1,-0.0005751692600370617,-0.004380827366040454,0.4,0.011111111111111112,-0.011582224960595067,medium
primary,investor_new_z_lag1,-0.0005751692600370617,-0.004380827366040454,0.4,0.011111111111111112,-0.015564285591223703,medium
primary,margin_stability_lag5,-0.0007499722673611961,-0.006086590623675744,0.49599358974358976,0.9244444444444444,0.013162609361334015,medium
primary,menv_shibor_1m_z,-0.0007657141276388609,-0.005849360242677385,0.4935185185185185,0.8,0.015272687232950688,medium
primary,menv_regime_z_std20_lag20,-0.0008274694440107987,-0.006572866765400696,0.5146604938271605,0.96,0.0147624021282854,medium
primary,margin_trend_4q_lag5,-0.0008496803293693259,-0.006168231394065256,0.5066666666666667,1.0,0.0197983111330173,medium
primary,momentum_20d_lag5,-0.0009398019499922004,-0.005202986839472219,0.49037037037037035,1.0,-0.010844213297100424,medium
primary,menv_shibor_1m_z_ma5,-0.000959876759711542,-0.007344831518171104,0.4986571172784244,0.8274074074074074,0.01749722919251744,medium
primary,menv_m1_m2_spread_std20_lag1,-0.0009923755887015816,-0.007490026272582678,0.46522781774580335,0.3088888888888889,-0.013921174461863533,medium
primary,menv_shibor_1m_z_lag2,-0.001021824611190723,-0.007846911765754676,0.49954504094631486,0.8140740740740741,0.018780169762796273,medium
primary,fx_hkd_cny_lag1,-0.0010238213148112778,-0.0061900707827139915,0.5064935064935064,0.05703703703703704,0.01580366248723836,medium
primary,north_hold_pct,-0.0010321480231828225,-0.005649184659723528,0.502375296912114,0.6237037037037036,-0.017498363792163785,medium
primary,momentum_20d_z20_lag20,-0.0010659995524588337,-0.006252039425730061,0.5074074074074074,1.0,-0.017264040620202356,medium
primary,menv_cpi_z_accel_lag10,-0.0010939470201347637,-0.008908151988106216,0.4948064211520302,0.7844444444444445,0.017983702177277495,medium
primary,roe_trend_4q_lag1,-0.0011066670776915676,-0.00682366682743945,0.5059259259259259,1.0,0.013015656044263541,medium
primary,menv_regime_z_std20_lag3,-0.0011636038720992832,-0.009141104111509485,0.491497975708502,0.9148148148148149,-0.01233804681609434,medium
primary,momentum_20d_std20_lag5,-0.0011731813258821005,-0.007286647543753691,0.4837037037037037,1.0,0.014827057448823908,medium
primary,momentum_5d_ma10,-0.0011859530962057638,-0.0064948516159491175,0.5103703703703704,1.0,-0.01292073582766384,medium
primary,menv_bond_10y2y_spread_std20_lag5,-0.0011895673529297433,-0.009009502611338267,0.5040257648953301,0.46,0.019105627706432187,medium
primary,sector_rrg_quadrant_z20_lag2,-0.0012100245056346087,-0.0073245655253128044,0.49407407407407405,1.0,-0.010007706921145021,medium
primary,m2_yoy_ma20,-0.001262479122784445,-0.009494423748902475,0.49271137026239065,0.25407407407407406,-0.014098542590089535,medium
primary,momentum_5d_ma20_lag2,-0.0012765444237620577,-0.007084641443148568,0.4962962962962963,1.0,-0.015035456159375755,medium
primary,ind_return_skew_lag5,-0.0012801064032421682,-0.008395810127649339,0.49514563106796117,0.15259259259259259,0.011830171921269266,medium
primary,momentum_20d_std20_lag3,-0.001290932102369258,-0.008047722774803794,0.49777777777777776,1.0,0.015660078132940056,medium
primary,menv_shibor_1m_z_accel_lag3,-0.0013236297128758072,-0.01025625070376926,0.4939271255060729,0.9148148148148149,0.010672756629811792,medium
primary,momentum_20d_ma5_lag2,-0.0013748282652741178,-0.00760052599445987,0.4955555555555556,1.0,-0.014681054765069385,medium
primary,menv_bond_10y2y_spread_z20_lag20,-0.0014223593225289191,-0.010821740172214288,0.5024213075060533,0.6118518518518519,0.01896581180835392,medium
primary,sector_breadth_raw_z20,-0.0014469029479695352,-0.008252222948787124,0.4918518518518519,1.0,0.016077456952315324,medium
primary,momentum_20d_std20_lag10,-0.001459407435608685,-0.009139277267676158,0.5007407407407407,1.0,0.010727915333204368,medium
primary,sector_rrg_quadrant,-0.0015085176004031812,-0.009363400503645444,0.49777117384843983,0.997037037037037,-0.0108257952964226,medium
primary,fx_hkd_cny_lag3,-0.0015245116471506507,-0.009582255819040545,0.4930555555555556,0.10666666666666667,0.014755752432921154,medium
primary,menv_shibor_1m_z_ma10_lag2,-0.0015253069485421636,-0.011763536877246097,0.4982876712328767,0.8651851851851852,0.01332669383595198,medium
primary,menv_regime_z_ma10_lag3,-0.0015529668687273956,-0.012296061072621222,0.49361702127659574,0.8703703703703703,0.01979382423982536,medium
primary,menv_shibor_1m_z_ma10_lag1,-0.0015529963960064543,-0.01205949936032989,0.49526270456503013,0.86,0.014684072401586673,medium
primary,north_hold_pct_lag1,-0.0015591187606393117,-0.008596220275988975,0.501779359430605,0.6244444444444445,-0.014160759137880322,medium
primary,roe_trend_4q,-0.0015707117522987472,-0.009642490930274077,0.5125925925925926,1.0,0.013183125128069267,medium
primary,ind_return_min_z20,-0.0016916136111538068,-0.012636518317626662,0.483271375464684,0.3985185185185185,0.013127824978733146,medium
primary,market_adv_ratio_ma5,-0.0017749406199323364,-0.011908637735250535,0.46987951807228917,0.12296296296296297,-0.012385663507787996,medium
primary,menv_shibor_1m_z_lag3,-0.0018044873469379638,-0.013905579055187635,0.4927797833935018,0.8207407407407408,0.01799243979147015,medium
primary,momentum_5d_lag3,-0.0018058250578926694,-0.010005849339573346,0.49444032616753153,0.9992592592592593,-0.014448119506555017,medium
primary,momentum_20d_ma10,-0.0018280744059565484,-0.010060810654246329,0.48962962962962964,1.0,-0.016122117770942516,medium
primary,ind_return_skew_lag10,-0.0018414735340249817,-0.013046558952128777,0.48520710059171596,0.25037037037037035,0.012368479035195199,medium
primary,menv_us_cn_10y_spread_z20_lag3,-0.0018852252467459233,-0.014412776769150688,0.4856661045531197,0.43925925925925924,-0.012088843458743118,medium
primary,pe_ttm_lag10,-0.0019488875441076381,-0.014360240285554774,0.49925925925925924,1.0,-0.011540780673502997,medium
primary,change_pct_ma10,-0.0019622367434357574,-0.010902832573120028,0.4925925925925926,1.0,-0.01883512452583436,medium
primary,roe_trend_4q_lag2,-0.002001886958016857,-0.012430330839807246,0.5059259259259259,1.0,0.012731300578851409,medium
primary,menv_shibor_1m_z_ma5_lag5,-0.0020429137782279326,-0.01592497690260496,0.4948006932409012,0.8548148148148148,0.013832830742150332,medium
primary,north_hold_pct_lag10,-0.002054750522147693,-0.011350143322699553,0.4894117647058824,0.6296296296296297,-0.015760442298234704,medium
primary,sector_breadth_z_z20,-0.002067357168247426,-0.011744205805422521,0.4866666666666667,1.0,0.015772573837294183,medium
primary,ind_matched_return_ma20,-0.002068779181246163,-0.007299487300462662,0.4981467753891772,0.9992592592592593,-0.011867569761164501,medium
primary,menv_regime_z_z20,-0.0020718869361591443,-0.017002169376327432,0.4979457682826623,0.9014814814814814,-0.015186689801999947,medium
primary,menv_shibor_1m_z_lag1,-0.002074124587812527,-0.015825733469657377,0.4963302752293578,0.8074074074074075,0.016898970388645018,medium
primary,stock_vs_industry_lag20,-0.002130844669270015,-0.008087715129143644,0.4855448480355819,0.9992592592592593,-0.015210594953775157,medium
primary,pe_ttm_lag3,-0.0021825114882286388,-0.015975469487710097,0.5074074074074074,1.0,-0.014838513964434308,medium
primary,menv_regime_z_accel_lag20,-0.002232628890819012,-0.017495386256795788,0.49151234567901236,0.96,0.01441624131979589,medium
primary,pe_ttm_lag2,-0.0023164645450812088,-0.01696706051985467,0.5066666666666667,1.0,-0.015621097556428551,medium
primary,ind_return_std_lag20,-0.0023196001934716543,-0.017311084492086078,0.5026833631484794,0.4140740740740741,0.018826657332691104,medium
primary,investor_new_z_ma20,-0.0023547861491019797,-0.01833315192978159,0.4957627118644068,0.1748148148148148,-0.012230968102616294,medium
primary,momentum_20d_ma10_lag1,-0.002416937461568523,-0.013288196849704927,0.48518518518518516,1.0,-0.017082050416688414,medium
primary,pe_ttm_lag5,-0.0024274953209670476,-0.017772153886203616,0.5037037037037037,1.0,-0.012498915625409519,medium
primary,up_count_z20,-0.002431988694528592,-0.013643959154325029,0.48814814814814816,1.0,0.013985030836241983,medium
primary,menv_regime_z_std20_lag2,-0.002443588425454194,-0.019326634425553057,0.4825061025223759,0.9103703703703704,-0.01025098382248762,medium
primary,menv_us_cn_10y_spread_accel_lag3,-0.0024537753768249667,-0.018561895880280947,0.5075885328836425,0.43925925925925924,-0.014268646332557023,medium
primary,momentum_5d_ma20_lag3,-0.0024656552111803833,-0.013618421319251674,0.48592592592592593,1.0,-0.015464028887925942,medium
primary,roe_trend_4q_lag3,-0.0024682562065280623,-0.01540107956776297,0.502962962962963,1.0,0.01221648536379272,medium
primary,bond_cn_5y_std20,-0.0024924158215278,-0.018858874512151517,0.4935064935064935,0.39925925925925926,0.014998533029668559,medium
primary,menv_m1_m2_spread_std20,-0.0024929852421916093,-0.0188107029051198,0.47029702970297027,0.2992592592592593,-0.018999280066309153,medium
primary,momentum_20d_std20_lag2,-0.0024941148512658503,-0.015539997205149108,0.4962962962962963,1.0,0.017687940050764333,medium
primary,menv_regime_z_lag10,-0.002570117623172573,-0.020570316342233753,0.4892334194659776,0.86,0.014420232331300542,medium
primary,menv_shibor_1m_z_ma10,-0.0025733261741923406,-0.02016968373315334,0.4913344887348354,0.8548148148148148,0.0157697579653615,medium
primary,pledge_ratio_lag20,-0.002587441395453628,-0.01791155166344305,0.48444444444444446,1.0,-0.01728540632940802,medium
primary,momentum_20d_ma5_lag3,-0.0025932442302816286,-0.014262563482970541,0.48518518518518516,1.0,-0.015208101502241066,medium
primary,momentum_5d_ma20_lag1,-0.0025955057225321276,-0.014282752165107451,0.48518518518518516,1.0,-0.014020961355571116,medium
primary,bond_cn_30y_lag10,-0.002605844527008927,-0.01808889784968357,0.4880239520958084,0.2474074074074074,-0.010039684101270208,medium
primary,has_pledge_lag20,-0.0026163942306318463,-0.017698535486499578,0.49333333333333335,1.0,-0.011530116580823509,medium
primary,mkt_cap_total_z_lag3,-0.0026216476524101636,-0.01842354015146882,0.4444444444444444,0.02,-0.017137120182419835,medium
primary,has_pledge_lag5,-0.0027031273101248816,-0.018259968253843215,0.4948148148148148,1.0,-0.01459648527593045,medium
primary,momentum_20d_lag2,-0.0027062858613501476,-0.014813956474622834,0.4910979228486647,0.9985185185185185,-0.014506985947020264,medium
primary,has_pledge_lag3,-0.0027091752007663305,-0.018299405170146804,0.4948148148148148,1.0,-0.014721027301226318,medium
primary,has_pledge_ma20,-0.002722519671373296,-0.01839439839173023,0.4948148148148148,1.0,-0.012713184075308425,medium
primary,has_pledge_ma5,-0.002725486278861004,-0.018415166387632936,0.4948148148148148,1.0,-0.014303948547427208,medium
primary,pe_ttm_lag1,-0.002726956244703342,-0.019985827231193947,0.5059259259259259,1.0,-0.01652819016556356,medium
primary,has_pledge,-0.0027402917431103317,-0.018514761762490773,0.49407407407407405,1.0,-0.016411007417536403,medium
primary,has_pledge_lag1,-0.0027478823989109335,-0.018565247552485977,0.49407407407407405,1.0,-0.016075285688599977,medium
primary,has_pledge_ma10,-0.002753059733347304,-0.018600839925991288,0.4948148148148148,1.0,-0.01332763300172293,medium
primary,has_pledge_lag10,-0.002758514387043316,-0.01865365693102611,0.49333333333333335,1.0,-0.011072578651911606,medium
primary,has_pledge_lag2,-0.0027610594806026663,-0.018655937184293297,0.49407407407407405,1.0,-0.01655494553745345,medium
primary,menv_shibor_1m_z_lag5,-0.0027955531151726562,-0.021462876109834612,0.49555160142348753,0.8325925925925926,0.01734060445334102,medium
primary,momentum_20d_ma5_lag1,-0.0028174126734295517,-0.015457515924389043,0.482962962962963,1.0,-0.013467708555042241,medium
primary,permanent_impact_z20,-0.002861114467342591,-0.015473931230242953,0.49037037037037035,1.0,0.010234192222980837,medium
primary,ret_std_z20,-0.002870349887026561,-0.017366950942508067,0.49703703703703705,1.0,0.010141313818385832,medium
primary,pledge_ratio_lag3,-0.002878067759128814,-0.019914152299517582,0.48148148148148145,1.0,-0.01787200896898243,medium
primary,pledge_ratio_lag10,-0.002892393465988685,-0.020031830244467322,0.482962962962963,1.0,-0.017193915289744392,medium
primary,pledge_ratio_lag5,-0.0029184234890065283,-0.020189524258416303,0.48148148148148145,1.0,-0.018586662032373018,medium
primary,pledge_ratio_ma20,-0.002918731552531517,-0.02018915075884491,0.48074074074074075,1.0,-0.016435067669285566,medium
primary,pledge_ratio_ma10,-0.0029377885373906877,-0.020325727926739697,0.48074074074074075,1.0,-0.017193863468064036,medium
primary,pledge_ratio_ma5,-0.0029555543327844705,-0.02044819672834524,0.48074074074074075,1.0,-0.01723243065531825,medium
primary,pledge_ratio_lag1,-0.0029667350822952443,-0.020524080573852237,0.48074074074074075,1.0,-0.01849395472020176,medium
primary,north_hold_pct_ma10,-0.00296785455514156,-0.016139011878931183,0.49606299212598426,0.6585185185185185,-0.019600210411488052,medium
primary,pledge_ratio,-0.0029680148849245253,-0.020532225422411825,0.48074074074074075,1.0,-0.018779069959563265,medium
primary,pledge_ratio_lag2,-0.002985288796475333,-0.02066739199623399,0.48148148148148145,1.0,-0.018623055300426603,medium
primary,market_adv_ratio_lag10,-0.002994483583078505,-0.021478742115993436,0.4625,0.23703703703703705,0.015942268955582463,medium
primary,menv_shibor_1m_z_ma5_lag2,-0.0030213774095156918,-0.023299911452591863,0.4969108561341571,0.8392592592592593,0.01774209000734974,medium
primary,pe_ttm,-0.0030265542491291395,-0.022135495778860113,0.49925925925925924,1.0,-0.017423750745824067,medium
primary,m1_yoy_std20,-0.003066173421125322,-0.02441364224931872,0.46265938069216755,0.4066666666666667,-0.014384916199537866,medium
primary,fx_usd_cny_ma20,-0.003100015746034754,-0.023311213680874788,0.4767225325884544,0.3977777777777778,0.015251628944918138,medium
primary,menv_shibor_1m_z_ma5_lag3,-0.0031746027014202655,-0.024530017746572836,0.48947368421052634,0.8444444444444444,0.016964689836988945,medium
primary,momentum_20d_lag3,-0.0032245643996648417,-0.017953817712659567,0.4825796886582654,0.9992592592592593,-0.01687775059284759,medium
primary,momentum_60d_accel_lag3,-0.00328005602357689,-0.018038544592485297,0.4948148148148148,1.0,0.01537949142686259,medium
primary,sector_breadth_raw_ma5,-0.0032827466423571124,-0.018174648286146237,0.5014814814814815,1.0,-0.012649853750688755,medium
primary,menv_regime_z_z20_lag10,-0.0032906551181805395,-0.026470842384650143,0.4806324110671937,0.937037037037037,0.01619706916185352,medium
primary,ind_pct_up_ma10,-0.0033043211521291767,-0.02412250267120088,0.4758842443729904,0.23037037037037036,-0.013847673610340921,medium
primary,momentum_60d_accel_lag5,-0.0034247648171520004,-0.019107072068134466,0.4955555555555556,1.0,0.017286775983624773,medium
primary,sector_breadth_z_ma5,-0.003454003231870021,-0.019118924425433878,0.5044444444444445,1.0,-0.01227575990887396,medium
primary,momentum_20d_ma5,-0.0035145480635228534,-0.019266128166258778,0.482962962962963,1.0,-0.012813326206014178,medium
primary,market_state_weak_ma10_lag10,-0.0035163939115813217,-0.021644002033350342,0.38461538461538464,0.00962962962962963,-0.016732441106091216,medium
primary,momentum_5d_ma20,-0.0035759578701166947,-0.019680613394774893,0.4837037037037037,1.0,-0.013571032271516759,medium
primary,menv_us_cn_10y_spread_accel_lag2,-0.0036793419972707565,-0.028087538508488726,0.4982638888888889,0.4266666666666667,-0.014203244768725014,medium
primary,sf_total_ma20,-0.003816506255536521,-0.029076149988107574,0.47575757575757577,0.24444444444444444,0.016217727135398822,medium
primary,change_pct,-0.003820339043484829,-0.02163261104238116,0.4970282317979198,0.997037037037037,0.012256884230280108,medium
primary,momentum_20d_ma10_lag2,-0.0038455462005985612,-0.02123811887677574,0.4785185185185185,1.0,-0.01877964975806617,medium
primary,menv_fx_usd_cny_z_z20,-0.003860854399960277,-0.031184032087055526,0.48233360723089563,0.9014814814814814,-0.017641298811205203,medium
primary,momentum_252d_lag5,-0.0038729360369283115,-0.021653590692238947,0.49777777777777776,1.0,-0.01888371556302662,medium
primary,momentum_252d_lag1,-0.0039414641985843395,-0.022199104926118245,0.4951744617668894,0.9977777777777778,-0.019698813543788076,medium
primary,momentum_60d_accel_lag2,-0.0039690863158236556,-0.021929835936579024,0.4948148148148148,1.0,0.01002135175170815,medium
primary,main_ratio_ma5,-0.003969752560836923,-0.024523285437597374,0.48814814814814816,1.0,-0.01129715112554047,medium
primary,main_net_ma5,-0.003969752560836923,-0.024523285437597374,0.48814814814814816,1.0,-0.011297175808076685,medium
primary,fx_hkd_cny_z20,-0.004005766515627889,-0.0300485879350711,0.5008103727714749,0.457037037037037,-0.01034727190425232,medium
primary,menv_bond_10y2y_spread_std20_lag3,-0.004043346036474005,-0.03060252389345359,0.5,0.43851851851851853,0.018597498385230494,medium
primary,momentum_252d_ma10_lag5,-0.004116728776170735,-0.022900991476559822,0.4962962962962963,1.0,-0.01861161782147851,medium
primary,menv_us_cn_10y_spread_accel_lag20,-0.004132239635359101,-0.031112933469089703,0.48363636363636364,0.6111111111111112,0.013881464538202003,medium
primary,momentum_5d_ma20_lag5,-0.004272622196671866,-0.023765301931259298,0.4866666666666667,1.0,-0.01677669236860775,medium
primary,fx_usd_cny_z20,-0.00428499188329551,-0.03243672549708083,0.49693251533742333,0.482962962962963,-0.01550199508387336,medium
primary,earnings_surprise,-0.004323751299999117,-0.024793705142006836,0.4925925925925926,1.0,-0.01115285022727041,medium
primary,menv_fx_usd_cny_z_z20_lag20,-0.004337687099040746,-0.034707578298471306,0.4737654320987654,0.96,-0.011250248022375505,medium
primary,momentum_252d_std20_lag1,-0.004355531831938327,-0.026580999433439244,0.49037037037037035,1.0,0.016284599124317494,medium
primary,momentum_252d_ma5_lag3,-0.004365050458523004,-0.024478609187663564,0.49333333333333335,1.0,-0.019025000576231924,medium
primary,momentum_252d_std20_lag3,-0.004418133343354496,-0.027021773392392767,0.47555555555555556,1.0,0.014011573458468603,medium
primary,sector_breadth_z,-0.004427782968972008,-0.025248339201964006,0.49108469539375926,0.997037037037037,0.017626580942003856,medium
primary,market_turnover_z_lag5,-0.004439895355555931,-0.029271202213939126,0.49029126213592233,0.15259259259259259,0.019154334873279177,medium
primary,shibor_2W_lag5,-0.004464752678273593,-0.029703126197438475,0.48058252427184467,0.15259259259259259,0.01271277227038882,medium
primary,consecutive_inflow_5d_ma5,-0.004478701509891839,-0.03000952379305651,0.48814814814814816,1.0,-0.013291896313200685,medium
primary,momentum_20d_ma10_lag5,-0.004541717342480059,-0.02516710428268794,0.4925925925925926,1.0,-0.019435624770527203,medium
primary,momentum_5d_std20_lag10,-0.004549678871508325,-0.028723222470721736,0.49333333333333335,1.0,0.011465789678970198,medium
primary,momentum_252d_std20_lag5,-0.004579898687285368,-0.028078993837646768,0.48814814814814816,1.0,0.011483149527225504,medium
primary,sector_breadth_raw,-0.00458177041208674,-0.026097110271898462,0.4962852897473997,0.997037037037037,0.01751595113937183,medium
primary,ind_return_min,-0.004596769811588268,-0.027316756161235852,0.4878048780487805,0.03037037037037037,0.015386411358516525,medium
primary,momentum_252d_ma20_lag2,-0.004626495205684703,-0.02575294280938313,0.4948148148148148,1.0,-0.01978191738858067,medium
primary,momentum_20d_ma5_lag5,-0.004673693370328901,-0.025892467322708074,0.4837037037037037,1.0,-0.016791594153385082,medium
primary,momentum_252d_ma20_lag1,-0.004725825887474653,-0.026306269874874992,0.49703703703703705,1.0,-0.019841169316449577,medium
primary,momentum_20d_ma10_lag10,-0.004762631813459279,-0.02646810007511442,0.4888888888888889,1.0,-0.01973763394034417,medium
primary,momentum_252d_ma10_lag3,-0.004781432829791987,-0.02680268609643411,0.4911111111111111,1.0,-0.01918319387693805,medium
primary,momentum_252d_std20_lag2,-0.004806197593780539,-0.029396131545685735,0.48444444444444446,1.0,0.01456175434200102,medium
primary,momentum_60d_z20_lag3,-0.004813645334826764,-0.027220767814448515,0.4911111111111111,1.0,-0.01068332906610116,medium
primary,fx_usd_cny_lag10,-0.004837042001320795,-0.034742850668975145,0.47928994082840237,0.25037037037037035,0.016486018578351063,medium
primary,fx_hkd_cny_ma20,-0.004929038015716618,-0.036932948271958824,0.4591078066914498,0.3985185185185185,0.013954876208819656,medium
primary,avg_account_cap_z_z20,-0.005023861746978184,-0.03906520763148825,0.4788135593220339,0.1748148148148148,-0.019940728799723563,medium
primary,ind_return_max_ma20,-0.005026274677040044,-0.03793844614996092,0.48698884758364314,0.3985185185185185,-0.011009964740582138,medium
primary,momentum_20d_ma5_lag10,-0.005063758982251011,-0.02822648752085319,0.4918518518518519,1.0,-0.017243777658634725,medium
primary,down_count_accel,-0.0050738533739744475,-0.028435491180252234,0.48148148148148145,1.0,0.015061162998929461,medium
primary,momentum_20d_ma10_lag3,-0.005083098475910275,-0.02803700020126358,0.4748148148148148,1.0,-0.019629219867885284,medium
primary,flow_market_cap_adj_ma10,-0.005083662336274944,-0.03171934594606966,0.4888888888888889,1.0,-0.012509400340564598,medium
primary,ind_dispersion_20d_lag1,-0.005127786360727165,-0.030634026388776225,0.5128205128205128,0.057777777777777775,0.011769115629411384,medium
primary,momentum_252d_ma5_lag2,-0.005141544534733936,-0.028752883152900578,0.49333333333333335,1.0,-0.019702496387607155,medium
primary,earnings_surprise_lag20,-0.005170384316692308,-0.03035333922400748,0.48814814814814816,1.0,0.01017138872257947,medium
primary,momentum_5d_ma20_lag10,-0.005173382881183898,-0.02893744961389486,0.48962962962962964,1.0,-0.01721341503426934,medium
primary,north_hold_pct_lag5,-0.005175659557278604,-0.02844617140488937,0.4887573964497041,0.6259259259259259,-0.011257282686521002,medium
primary,north_hold_pct_lag20,-0.005182072206128641,-0.02842096799929543,0.4848837209302326,0.6370370370370371,-0.01958139909551159,medium
primary,momentum_252d_ma5_lag5,-0.005192965407446355,-0.029129330316772107,0.49333333333333335,1.0,-0.018866252064935703,medium
primary,bond_us_5y_accel,-0.00519324806614207,-0.039018871031113636,0.48582230623818523,0.39185185185185184,-0.018089771083726107,medium
primary,momentum_252d,-0.005225081076426157,-0.02945074715427632,0.4985141158989599,0.997037037037037,-0.019850077826380173,medium
primary,momentum_252d_ma10_lag1,-0.005285193915917948,-0.029599068338374186,0.49037037037037035,1.0,-0.01987844623823886,medium
primary,bond_us_30y_accel,-0.0053008319947588966,-0.03944670193962175,0.47191011235955055,0.39555555555555555,-0.011385787575899909,medium
primary,momentum_252d_ma10_lag2,-0.005359804142735161,-0.02999508260340477,0.4888888888888889,1.0,-0.019504300817554714,medium
primary,momentum_20d_lag10,-0.0054006145223187835,-0.030229305817157392,0.48962962962962964,1.0,-0.015968528006750558,medium
primary,momentum_252d_ma20_lag3,-0.005409281530242599,-0.030100393496769608,0.4911111111111111,1.0,-0.019630717770312677,medium
primary,momentum_252d_ma5_lag10,-0.005459835650855307,-0.030641773693337204,0.49407407407407405,1.0,-0.017913325561418034,medium
primary,menv_us_cn_10y_spread_accel,-0.005560924635334453,-0.04203401961479574,0.47769516728624534,0.3985185185185185,-0.0122504317362204,medium
primary,investor_new_z_ma10,-0.005684831884037441,-0.043915642624610604,0.48148148148148145,0.08,-0.014042512518233038,medium
primary,investor_new_z_lag5,-0.005713366536642165,-0.04509507516050359,0.4444444444444444,0.02666666666666667,-0.014360122853113933,medium
primary,concept_zt_ratio_ma5,-0.005735625279861222,-0.03816244387467364,0.5263157894736842,0.014074074074074074,-0.012439727238791061,medium
primary,short_balance_lag20,-0.005831016776840649,-0.033936181539698414,0.47333333333333333,1.0,-0.010196809585509711,medium
primary,momentum_252d_ma20_lag20,-0.005834839721636622,-0.03238368099198373,0.48962962962962964,1.0,-0.014327164085471208,medium
primary,short_balance_lag10,-0.005870063175715018,-0.03405479174144376,0.4777777777777778,1.0,-0.013986270607085528,medium
primary,momentum_252d_ma20_lag5,-0.0059647521849940975,-0.03321671093469132,0.4955555555555556,1.0,-0.019545014537381326,medium
primary,menv_shibor_1m_z_accel_lag10,-0.005966473019951955,-0.046616732923261406,0.4671936758893281,0.937037037037037,-0.01356178092013358,medium
primary,momentum_252d_std20,-0.006032287637328093,-0.03682493857859564,0.48518518518518516,1.0,0.018263502020053838,medium
primary,debt_ratio,-0.006034114107784785,-0.046236692587611684,0.4604966139954853,0.32814814814814813,-0.01661500625498374,medium
primary,market_state_volatile_std20_lag10,-0.006039841170441327,-0.04163273643673778,0.6153846153846154,0.00962962962962963,0.01672501570786178,medium
primary,market_state_volatile_ma20_lag10,-0.006039841170441327,-0.04163273643673778,0.6153846153846154,0.00962962962962963,0.01672501570786178,medium
primary,bond_cn_30y_std20,-0.006099871157475991,-0.045683642710774845,0.4677716390423573,0.4022222222222222,0.017679883919475982,medium
primary,flow_intensity_z20,-0.006165637420882309,-0.0454091573927164,0.48,1.0,-0.011461942500407631,medium
primary,momentum_20d_ma10_lag20,-0.006176913305702427,-0.03501993233719623,0.4918518518518519,1.0,-0.019468912675596212,medium
primary,flow_intensity,-0.006196374646079513,-0.04464959892978373,0.48401486988847586,0.9962962962962963,-0.012152342100625818,medium
primary,net_margin_lag10,-0.006216256277404582,-0.04004215244629909,0.4861407249466951,0.3474074074074074,0.014222647839388449,medium
primary,ind_matched_return_ma5,-0.006217203955958617,-0.022404318633100162,0.4899628252788104,0.9962962962962963,-0.018353553022842535,medium
primary,menv_us_cn_10y_spread_accel_lag1,-0.006257656654202322,-0.04741788470958498,0.4776386404293381,0.4140740740740741,-0.013466118611277167,medium
primary,ind_return_skew_lag3,-0.006260059837047424,-0.03925760785954839,0.4827586206896552,0.10740740740740741,-0.018237515943063793,medium
primary,news_guba_ratio_lag10,-0.006360195050629547,-0.05476433725693237,0.4714285714285714,0.2074074074074074,-0.011968345392847113,medium
primary,momentum_60d_lag10,-0.006391035087401589,-0.03561525616872778,0.4866666666666667,1.0,-0.015926541790685225,medium
primary,momentum_20d_ma20_lag20,-0.006492121355131554,-0.03654691348097644,0.4837037037037037,1.0,-0.015449834695142195,medium
primary,momentum_252d_std20_lag10,-0.006521844755766191,-0.04028761962540922,0.4837037037037037,1.0,0.012912988271301155,medium
primary,ind_matched_return_accel,-0.006531415195762783,-0.024161519402069735,0.48628613787991104,0.9992592592592593,-0.01990684855691375,medium
primary,bond_us_5y_z20,-0.006576933804867522,-0.05069338069817054,0.47358490566037736,0.3925925925925926,-0.019626819633815882,medium
primary,sf_total_std20,-0.006605231572975696,-0.05037262626068038,0.45592705167173253,0.2437037037037037,-0.01753251366266083,medium
primary,momentum_60d_ma20_lag5,-0.006656790127765196,-0.03693568586295551,0.48444444444444446,1.0,-0.01956569403058405,medium
primary,fx_jpy_cny_std20,-0.006754349136315131,-0.05093421096304816,0.4444444444444444,0.4,0.010038223236174013,medium
primary,news_sent_skew_lag10,-0.006784410170859857,-0.05498039500241396,0.46820027063599456,0.5474074074074075,-0.010078190915643718,medium
primary,pledge_risk_ma10,-0.006838754434421311,-0.05391643480332499,0.4706546275395034,0.6562962962962963,0.013989896277645584,medium
primary,sector_rank_change_std20,-0.006862708651555274,-0.04523894119776533,0.4688888888888889,1.0,-0.010961273884865818,medium
primary,short_balance_ma20,-0.006897648723469782,-0.03997508156637473,0.47555555555555556,1.0,-0.016762616991845725,medium
primary,momentum_252d_ma10_lag20,-0.006915772999069919,-0.03848572689657506,0.48592592592592593,1.0,-0.017427999356333483,medium
primary,momentum_252d_ma5_lag20,-0.0069963669400205375,-0.038922012470242746,0.482962962962963,1.0,-0.017700373373686785,medium
primary,bond_us_30y_z20,-0.006997085346776707,-0.052195234859806997,0.4634146341463415,0.39481481481481484,-0.01033167539228408,medium
primary,pledge_risk_lag1,-0.007000377638619987,-0.05512615030274328,0.46889400921658986,0.642962962962963,0.014276182821161639,medium
primary,fx_usd_cny_lag2,-0.0070704290820723876,-0.04480730942336538,0.4778761061946903,0.0837037037037037,0.018275842244432804,medium
primary,momentum_252d_ma10_lag10,-0.007071637334132221,-0.039567988602073646,0.48518518518518516,1.0,-0.019242984828246355,medium
primary,bond_us_10y2y_spread_z20,-0.007101239379466128,-0.05346406989226417,0.46476190476190476,0.3888888888888889,0.012499453715247955,medium
primary,guba_attention_z_lag10,-0.00710821291804292,-0.05831000522485057,0.4777777777777778,1.0,-0.010373609491247491,medium
primary,pledge_risk,-0.007148590236286598,-0.05633272614305043,0.46835443037974683,0.6437037037037037,0.016624186088688996,medium
primary,board_momentum_mean_std20,-0.007166247415948493,-0.03787991441535751,0.5,0.007407407407407408,0.013771724989569117,medium
primary,board_change_pct_std20,-0.007166247415948493,-0.03787991441535751,0.5,0.007407407407407408,0.013771724989569117,medium
primary,board_momentum_max_std20,-0.007166247415948493,-0.03787991441535751,0.5,0.007407407407407408,0.013771724989569117,medium
primary,margin_balance_lag20,-0.0071851186814695135,-0.03770959973527348,0.48148148148148145,1.0,-0.014375060581827049,medium
primary,has_news_ma20,-0.00719548801843534,-0.051398488137932914,0.4762516046213094,0.577037037037037,-0.015275783817598221,medium
primary,momentum_60d_lag5,-0.007222125195846253,-0.04002262773518814,0.49703703703703705,1.0,-0.01119179904757232,medium
primary,momentum_252d_lag20,-0.007240894174953344,-0.04045537940147606,0.48592592592592593,1.0,-0.019188197279943565,medium
primary,momentum_60d_ma20_lag1,-0.007257845917225725,-0.04016304223776701,0.48444444444444446,1.0,-0.019783766789612616,medium
primary,pledge_risk_lag5,-0.007282724647800416,-0.0571718768169548,0.46875,0.64,0.010686417547321034,medium
primary,roe_lag10,-0.007328478716557826,-0.041225386717886364,0.4904051172707889,0.3474074074074074,0.013779698021931349,medium
primary,bond_cn_10y,-0.007345896181861047,-0.04367903865485383,0.43902439024390244,0.03037037037037037,-0.010734334090957436,medium
primary,consecutive_inflow_10d_ma5,-0.007355421116104931,-0.048270947325048594,0.4748148148148148,1.0,-0.012390625580032125,medium
primary,pledge_risk_ma5,-0.007361990839135537,-0.05797153737105836,0.46697038724373574,0.6503703703703704,0.014586445804120197,medium
primary,pledge_risk_lag2,-0.007412915873655715,-0.05809393326706685,0.4671280276816609,0.6422222222222222,0.012297246791111527,medium
primary,momentum_60d_ma5_lag10,-0.0074333374244616324,-0.04117787261696663,0.4962962962962963,1.0,-0.01690950330383167,medium
primary,momentum_252d_lag10,-0.007435006810415395,-0.04156556491218911,0.4874074074074074,1.0,-0.017816207334103697,medium
primary,consecutive_inflow_5d_ma10,-0.007447899646433044,-0.04881659099525878,0.4725925925925926,1.0,-0.013264994179707645,medium
primary,momentum_60d_ma20,-0.007476911470803211,-0.04129256271661307,0.4874074074074074,1.0,-0.01985188096745031,medium
primary,short_balance_lag5,-0.007537443919089005,-0.04388902989442424,0.47703703703703704,1.0,-0.017104550090269087,medium
primary,momentum_60d_ma20_lag3,-0.007543570684442342,-0.04177952396530965,0.48814814814814816,1.0,-0.01904658182889073,medium
primary,margin_balance_lag5,-0.007558422027557671,-0.039626226163822005,0.48444444444444446,1.0,-0.018441975555640432,medium
primary,margin_balance_ma20,-0.007571426275537999,-0.039727039474491105,0.4785185185185185,1.0,-0.01807156462385098,medium
primary,momentum_252d_ma20_lag10,-0.007590972572795688,-0.04230494826203696,0.4918518518518519,1.0,-0.01892989731254559,medium
primary,margin_balance_lag10,-0.007595765695966679,-0.03992287293490566,0.48148148148148145,1.0,-0.01732788473059329,medium
primary,guba_sent_accel_lag1,-0.007597987912872845,-0.06514461730607421,0.46296296296296297,1.0,-0.011394154431030002,medium
primary,bond_us_10y_accel,-0.007635361534889716,-0.057472450650188876,0.4654205607476635,0.3962962962962963,-0.017805386896039544,medium
primary,momentum_60d_ma10_lag5,-0.0077205289814282416,-0.04312243668098962,0.48074074074074075,1.0,-0.014784254089066109,medium
primary,bond_cn_10y_std20,-0.007747735581874565,-0.056919727208492685,0.46863468634686345,0.4014814814814815,0.0151960931106099,medium
primary,short_balance_ma10,-0.007796705725675858,-0.04526361200734756,0.4711111111111111,1.0,-0.018310169005885148,medium
primary,margin_balance_ma10,-0.0077975861481823115,-0.04086252855062772,0.48444444444444446,1.0,-0.019728146201678644,medium
primary,margin_balance_lag3,-0.007804917345329377,-0.0409278471019729,0.482962962962963,1.0,-0.019466515493114407,medium
primary,consecutive_inflow_10d,-0.00791770113514364,-0.052522954012323125,0.4721189591078067,0.9962962962962963,-0.01449854634851902,medium
primary,momentum_60d_ma20_lag2,-0.007971036335969553,-0.044037629837783705,0.4837037037037037,1.0,-0.019319519437203742,medium
primary,pledge_risk_lag3,-0.008047426939956234,-0.06312493146863257,0.46420323325635104,0.6414814814814814,0.010906135093959494,medium
primary,short_balance_lag3,-0.008179901648404925,-0.04767365850397103,0.4703703703703704,1.0,-0.017019660770760028,medium
primary,news_sent_reversal_5d_lag10,-0.00818076417527447,-0.06914139870358521,0.4540540540540541,0.2740740740740741,-0.010203774005008215,medium
primary,ind_return_mean_ma10,-0.008206684781623686,-0.05709710992653089,0.4696485623003195,0.23185185185185186,-0.015167202477687575,medium
primary,momentum_60d,-0.008251996344407441,-0.04517008554547995,0.49108469539375926,0.997037037037037,-0.019512463148868866,medium
primary,fx_hkd_cny_lag2,-0.008295225891192722,-0.05265218419815773,0.4642857142857143,0.08296296296296296,0.015282483899492133,medium
primary,consecutive_inflow_5d,-0.008371194059262394,-0.055357960875318635,0.4788104089219331,0.9962962962962963,-0.01292361363460622,medium
primary,bond_cn_30y_lag3,-0.008379070560342306,-0.05256059200507311,0.48936170212765956,0.10444444444444445,-0.01363499817410072,medium
primary,shibor_3M_std20,-0.008405460008687082,-0.06453851424555145,0.4598290598290598,0.43333333333333335,0.012347505133273227,medium
primary,bond_cn_30y_ma20,-0.008422753419819152,-0.06285451717930231,0.48789571694599626,0.3977777777777778,-0.011045493202750537,medium
primary,momentum_60d_ma10,-0.008423077451539005,-0.04694012994839945,0.49777777777777776,1.0,-0.018266169791477296,medium
primary,bond_us_10y_z20,-0.00847782156491754,-0.06471529496803764,0.46629213483146065,0.39555555555555555,-0.014707892325920657,medium
primary,sentiment_mean_std20,-0.0084927297213325,-0.06627750796349838,0.4699599465954606,0.5548148148148148,-0.015042798496931386,medium
primary,flow_market_cap_adj_ma5,-0.008532331352773898,-0.05371346297758827,0.46,1.0,-0.014394858716482889,medium
primary,guba_sent_volume_lag1,-0.008584534591974816,-0.06790021200838933,0.4732937685459941,0.9985185185185185,-0.010709129769746493,medium
primary,dv_days_since_std20,-0.008602456356960908,-0.0702280959384898,0.4723523898781631,0.7903703703703704,0.010423806098148811,medium
primary,eps_lag10,-0.008655210326364467,-0.047124153029748025,0.488272921108742,0.3474074074074074,0.01418617625490809,medium
primary,momentum_60d_ma10_lag1,-0.008733871536420386,-0.048690260181884396,0.4866666666666667,1.0,-0.017400701311172346,medium
primary,momentum_60d_ma5_lag2,-0.008741149517162332,-0.04874709797674282,0.48962962962962964,1.0,-0.01608044924298293,medium
primary,momentum_60d_ma10_lag3,-0.00880933301522239,-0.04893808763076474,0.4762962962962963,1.0,-0.015471565821613477,medium
primary,short_balance_lag2,-0.008910411788708406,-0.05179494945596791,0.4725925925925926,1.0,-0.017678883493918877,medium
primary,momentum_60d_ma10_lag2,-0.009008008233969439,-0.050219151845212674,0.482962962962963,1.0,-0.016408787086555368,medium
primary,short_balance_ma5,-0.009013925177769512,-0.05230785247912104,0.46814814814814815,1.0,-0.018752731993844602,medium
primary,momentum_60d_ma5_lag3,-0.009015127642243865,-0.050183737597140975,0.48962962962962964,1.0,-0.013904042124663193,medium
primary,short_balance_lag1,-0.009050862268938028,-0.052559739538063824,0.4696296296296296,1.0,-0.01771905230982042,medium
primary,momentum_60d_ma5_lag5,-0.00920187692353903,-0.051206500038858,0.4748148148148148,1.0,-0.012905001563061598,medium
primary,is_top5_sector_ma10,-0.00921114585366594,-0.05667167569744469,0.4785185185185185,1.0,-0.010724875600364447,medium
primary,bond_cn_30y_lag20,-0.00925804288111466,-0.06926355778756571,0.4593128390596745,0.4096296296296296,-0.011066530422582894,medium
primary,permanent_impact_accel,-0.009268997355591052,-0.05045764936015607,0.46370370370370373,1.0,-0.01895742320843693,medium
primary,guba_sent_accel,-0.009298246183333391,-0.07754989760327236,0.46074074074074073,1.0,-0.011747506794152698,medium
primary,guba_sent_x_roc20_lag10,-0.009320474567173052,-0.07935098717339696,0.48480355819125276,0.9992592592592593,-0.010562624364071262,medium
primary,sent_agree_pos_ma5,-0.009348766837723656,-0.06589719638257178,0.4651851851851852,1.0,-0.01172626165904368,medium
primary,pe_percentile_252d_lag1,-0.009350854159394859,-0.07496996966195107,0.47555555555555556,1.0,-0.010550197498307656,medium
primary,menv_bond_10y2y_spread_std20_lag2,-0.00936015748319459,-0.07205791134555571,0.46956521739130436,0.42592592592592593,0.015289579604287229,medium
primary,m2_yoy_lag5,-0.009493216544259322,-0.06703700539196823,0.4583333333333333,0.035555555555555556,-0.015731642490728025,medium
primary,positive_ratio_std20,-0.009508056570418304,-0.07415477870580228,0.4672657252888318,0.577037037037037,-0.01564281277203765,medium
primary,menv_us_cn_10y_spread_std20,-0.009603317329958916,-0.070952970091213,0.45724907063197023,0.3985185185185185,-0.010770827798730585,medium
primary,news_count_lag10,-0.009630328272053556,-0.08289578922688551,0.4785714285714286,0.2074074074074074,-0.012083114923035829,medium
primary,momentum_60d_ma5_lag1,-0.009657444664592158,-0.05388483268008859,0.4911111111111111,1.0,-0.018944523899718162,medium
primary,menv_bond_10y2y_spread_std20_lag1,-0.009752387690819722,-0.07361626112623972,0.45601436265709155,0.41259259259259257,0.013135633255312357,medium
primary,cpi_yoy_z20,-0.009805388651935375,-0.07684014988740206,0.4595744680851064,0.17407407407407408,0.019255162264645898,medium
primary,total_amount_ma20,-0.010014084828509994,-0.07418051993220756,0.4577777777777778,1.0,-0.0056081310977932715,medium
primary,consecutive_inflow_10d_ma10,-0.010054258556381783,-0.06509584096135489,0.46444444444444444,1.0,-0.010938275531225377,medium
primary,is_sector_leader,-0.010074112950881543,-0.07122682017387667,0.45143884892086333,0.41185185185185186,-0.010524424446990619,medium
primary,fx_eur_cny_std20,-0.010095922723268322,-0.07523999611140718,0.46875,0.40296296296296297,0.013628591485424935,medium
primary,sent_consensus,-0.010111658857049972,-0.08214402393174614,0.4622222222222222,1.0,-0.01001900114553569,medium
primary,guba_sent_x_roc20_lag2,-0.010126149655454834,-0.08546715011358286,0.46775389177168275,0.9992592592592593,-0.00912163766982578,medium
primary,lhb_is_sustained_lag10,-0.01014342188273486,-0.07186077143623203,0.4798657718120805,0.22074074074074074,-0.004507320237661808,medium
primary,guba_sent_bull_vol_lag1,-0.010178794480345471,-0.07817123656905,0.45845697329376855,0.9985185185185185,-0.011818733107430146,medium
primary,flow_market_cap_adj_ma20,-0.010236164023211201,-0.06282152767283794,0.48,1.0,-0.013551560429905175,medium
primary,guba_sent_volume_lag3,-0.010237057575497534,-0.08366042228703621,0.46849518161601184,0.9992592592592593,-0.01098203617895014,medium
primary,shibor_6M_lag20,-0.01027483406463715,-0.07612466831149357,0.4812623274161736,0.37555555555555553,-0.0071024452460947685,medium
primary,total_volume_ma20,-0.01031714373495465,-0.0769212034908274,0.457037037037037,1.0,-0.005020600792594174,medium
primary,menv_us_cn_10y_spread_z20_lag1,-0.010340640897540037,-0.07858168099157613,0.45796064400715564,0.4140740740740741,-0.011197413105584475,medium
primary,trade_count_ma20,-0.010343446847647327,-0.07632345322156074,0.457037037037037,1.0,-0.005897471934671957,medium
primary,change_ratio_ma10,-0.0103700816126804,-0.08106522229722196,0.46082561078348777,0.8792592592592593,-0.008778366488974074,medium
primary,guba_sent_bull_vol_lag3,-0.010378268867377406,-0.0815879691516424,0.4766493699036323,0.9992592592592593,-0.011192883646697207,medium
primary,able_shares_ma5,-0.01038498542025799,-0.08256929968230743,0.4688995215311005,0.6192592592592593,0.0006931732915574825,medium
primary,free_ratio_ma5,-0.010410954061160271,-0.08273791288743343,0.4688995215311005,0.6192592592592593,0.0006850888241545195,medium
primary,positive_ratio_ma20,-0.01047768378230421,-0.08140367942064597,0.46469833119383824,0.577037037037037,-0.01566098161050777,medium
primary,temporary_impact_std20,-0.010487473101533532,-0.07869255661180763,0.457037037037037,1.0,-0.005764921406636552,medium
primary,market_turnover_z_std20,-0.010493537339639326,-0.07763983397057539,0.4684014869888476,0.3985185185185185,0.009309347123441244,medium
primary,free_shares_ma5,-0.01049951516794031,-0.08352576377029058,0.4688995215311005,0.6192592592592593,0.0005124985100367747,medium
primary,guba_attention_z_lag5,-0.01050023706414871,-0.08337162960748787,0.45481481481481484,1.0,-0.005159520713102153,medium
primary,avg_account_cap_z_lag10,-0.010536663233929076,-0.08520716108392005,0.5,0.04296296296296296,-0.0006664180198235689,medium
primary,mkt_cap_total_z_lag10,-0.010536663233929076,-0.08520716108392005,0.5,0.04296296296296296,-0.010406629559638355,medium
primary,market_state_volatile_std20_lag1,-0.010545690381682717,-0.09211254886247387,0.5384615384615384,0.00962962962962963,0.007995561991633263,medium
primary,market_state_volatile_ma20_lag1,-0.010545690381682717,-0.09211254886247387,0.5384615384615384,0.00962962962962963,0.007995561991633263,medium
primary,fx_jpy_cny_lag10,-0.01055018898280123,-0.07518313855252402,0.45103857566765576,0.24962962962962962,0.00357075863395679,medium
primary,sent_consensus_ma5,-0.010582035746789379,-0.0804479631186208,0.457037037037037,1.0,-0.013167056795063881,medium
primary,bond_cn_5y_ma20,-0.010591365684199447,-0.07929669657539504,0.4758364312267658,0.3985185185185185,-0.004395830855608705,medium
primary,vstd_10d,-0.010699539336147154,-0.07194511686716731,0.4777777777777778,1.0,-0.012108677301840006,medium
primary,guba_sent_x_roc20_lag3,-0.010732548721572206,-0.09114301605000814,0.4625648628613788,0.9992592592592593,-0.007349443208118071,medium
primary,shibor_1Y_lag20,-0.010747752187894354,-0.08202244497132326,0.46421663442940037,0.38296296296296295,-0.0054433428331461895,medium
primary,sent_consensus_accel,-0.010779721130742562,-0.08938260817721101,0.4651851851851852,1.0,-0.013189556167415267,medium
primary,bond_cn_30y_lag2,-0.010782118463505732,-0.0689554918035384,0.4727272727272727,0.08148148148148149,-0.014446837847636663,medium
primary,ind_return_std_ma20,-0.010802835966679723,-0.08253374392388395,0.44981412639405205,0.3985185185185185,0.0012470779580990223,medium
primary,shibor_1M_std20,-0.010807610123715191,-0.08324370807850708,0.4539249146757679,0.43407407407407406,0.0035463653291260347,medium
primary,change_num_ma20,-0.01081277338322654,-0.0841709276133738,0.4619883040935672,0.8866666666666667,-0.007802428596781402,medium
primary,change_num_ma5,-0.010821974024584765,-0.08373749050287915,0.4619289340101523,0.8755555555555555,-0.009587078945816322,medium
primary,lhb_present_lag10,-0.010841610757583964,-0.07464144169379036,0.47229551451187335,0.5614814814814815,-0.004602183415154293,medium
primary,news_sent_reversal_5d_lag3,-0.010846776096321111,-0.0887724530268158,0.4535809018567639,0.27925925925925926,-0.013302771188604134,medium
primary,lhb_buy_ratio_lag10,-0.010853611070902444,-0.07474201987534353,0.4762532981530343,0.5614814814814815,-0.004576393548412851,medium
primary,shibor_O_N_std20,-0.010926311235418781,-0.08209990369150648,0.45623836126629425,0.3977777777777778,0.008354131964188572,medium
primary,shibor_1M_lag3,-0.01095409526421819,-0.06989590274001609,0.4852941176470588,0.10074074074074074,-0.0041234206500414166,medium
primary,bond_cn_10y2y_spread_lag1,-0.010954601561214106,-0.06637970465418226,0.4935064935064935,0.05703703703703704,-0.009093589436293754,medium
primary,menv_bond_10y2y_spread_lag1,-0.010954601561214106,-0.06637970465418226,0.4935064935064935,0.05703703703703704,-0.009093589436293754,medium
primary,guba_sent_x_roc20_lag5,-0.01099319043373439,-0.09216583816414656,0.4573758339510749,0.9992592592592593,-0.010615282710699508,medium
primary,pe_percentile_252d,-0.011067342290685834,-0.08850027644893288,0.47185185185185186,1.0,-0.0109090599092365,medium
primary,ind_dispersion_20d_ma20,-0.01106808390830214,-0.08404459695518837,0.4591078066914498,0.3985185185185185,-0.004792220598451852,medium
primary,margin_buy_z20,-0.01107997875199336,-0.06525689892318919,0.46296296296296297,1.0,-0.002237013285969122,medium
primary,shibor_6M_std20,-0.01115132958976752,-0.08484632869759975,0.4574829931972789,0.43555555555555553,0.014482190522611094,medium
primary,guba_sent_x_macd_lag1,-0.011201619137851537,-0.0928552702351343,0.46364985163204747,0.9985185185185185,-0.007425099102508137,medium
primary,bond_cn_10y2y_spread_std20,-0.011207572902527618,-0.08507492232347212,0.45251396648044695,0.3977777777777778,0.013522659030500966,medium
primary,menv_bond_10y2y_spread_std20,-0.011207572902527618,-0.08507492232347212,0.45251396648044695,0.3977777777777778,0.013522659030500966,medium
primary,guba_sent_streak_lag2,-0.011224733231604275,-0.09108337549930902,0.46364985163204747,0.9985185185185185,-0.01122181943616125,medium
primary,guba_negative_ratio,-0.011238850069437091,-0.08821946636402944,0.4602821083890126,0.9977777777777778,-0.0013648594198885043,medium
primary,sent_agree_pos_accel,-0.01125845991616443,-0.09315388592371382,0.4711111111111111,1.0,-0.013441226287705296,medium
primary,negative_ratio_lag1,-0.01132583448845967,-0.09551154106603549,0.44534412955465585,0.18296296296296297,-0.005306583988850982,medium
primary,sent_agree_pos,-0.011334717368825666,-0.08903131125853231,0.4711111111111111,1.0,-0.010532857769878999,medium
primary,ann_count_ma5,-0.011381243986304938,-0.09639442303032855,0.4533333333333333,1.0,-0.0026347466765179106,medium
primary,cntd_60d,-0.011394458383256182,-0.06644914528030993,0.47555555555555556,1.0,-0.019019076657715878,medium
primary,change_ratio_ma5,-0.011406362743342986,-0.08887048445276537,0.45854483925549916,0.8755555555555555,-0.010013023587742878,medium
primary,has_announce_ma10,-0.011442595122230599,-0.09457613484472983,0.45481481481481484,1.0,-0.006831220503254157,medium
primary,lhb_buy_ratio_lag5,-0.011464356633435088,-0.0751099447167684,0.4715984147952444,0.5607407407407408,-0.006647991081748455,medium
primary,guba_sent_x_roc20,-0.011468776323536583,-0.09776877614714653,0.47512991833704527,0.9977777777777778,-0.011898843027545347,medium
primary,has_announce_ma20,-0.011490430399349197,-0.09097444248960368,0.45555555555555555,1.0,-0.009620392907267551,medium
primary,guba_sent_streak_lag1,-0.011493668800242211,-0.09246693987475117,0.45582776540460285,0.9977777777777778,-0.00950835369914067,medium
primary,is_extreme_flow,-0.01149439455996251,-0.08784962423176688,0.4672686230248307,0.9844444444444445,-0.010597256054053249,medium
primary,lhb_present_lag5,-0.011519324074566307,-0.07546181521901678,0.4702774108322325,0.5607407407407408,-0.006688930180759874,medium
primary,net_zt_proportion_accel,-0.011620317166500742,-0.06621661760134352,0.5384615384615384,0.00962962962962963,-0.01916539798903468,medium
primary,news_sent_reversal_5d,-0.011652852229351657,-0.096483191223317,0.4763157894736842,0.2814814814814815,-0.010518636424871209,medium
primary,has_announce_ma5,-0.01169892476641421,-0.09786095670198697,0.44962962962962966,1.0,-0.004744478861631445,medium
primary,volume_ratio_20,-0.011703397991439948,-0.07938514308673524,0.4785185185185185,1.0,0.0007819025853408889,medium
primary,guba_post_count_lag3,-0.011767751493386353,-0.08021049017666831,0.4551519644180875,0.9992592592592593,-0.01324325884403292,medium
primary,is_top5_sector_ma5,-0.01181455224031009,-0.07249794180304076,0.4785185185185185,1.0,-0.013220701831942435,medium
primary,margin_balance_accel,-0.011834313303070717,-0.07724162530347735,0.46814814814814815,1.0,-0.012889789237712316,medium
primary,total_attention_lag3,-0.011839880957574682,-0.08081322724846805,0.46108228317272054,0.9992592592592593,-0.01309038915428078,medium
primary,high_low_ratio_lag1,-0.011875680095170815,-0.060960737062627994,0.4090909090909091,0.016296296296296295,0.013961610146365263,medium
primary,free_ratio,-0.011907360234675068,-0.09284135351444096,0.4585152838427948,0.5088888888888888,-0.0009281120054455888,medium
primary,able_shares,-0.011912745883504803,-0.0929304259601891,0.4585152838427948,0.5088888888888888,-0.0009101156051276673,medium
primary,shibor_9M_lag20,-0.011926902538252043,-0.08947200624867645,0.4592445328031809,0.3725925925925926,-0.0051289652548373536,medium
primary,market_state_normal_ma10_lag3,-0.0119289834940796,-0.09984876013631541,0.5,0.008888888888888889,0.0017399201540472596,medium
primary,change_ratio_ma20,-0.01193949851578348,-0.09292064277698003,0.4519632414369256,0.8866666666666667,-0.00862917791182941,medium
primary,avg_account_cap_z_ma10,-0.011956332660170843,-0.09266976322775657,0.4351851851851852,0.08,-0.005266328215155805,medium
primary,mkt_cap_total_z_ma10,-0.011956332660170843,-0.09266976322775657,0.4351851851851852,0.08,-0.014942123542182209,medium
primary,guba_attention_z_lag1,-0.011970725047616834,-0.09560009751698334,0.4540740740740741,1.0,-0.013002374727455895,medium
primary,board_momentum_mean_ma5_lag1,-0.011988604646012915,-0.11967143183919268,0.6666666666666666,0.0044444444444444444,-0.006179860285490702,medium
primary,board_momentum_max_ma5_lag1,-0.011988604646012915,-0.11967143183919268,0.6666666666666666,0.0044444444444444444,-0.006179860285490702,medium
primary,is_top5_sector_ma20,-0.011990026054218948,-0.07497261443833093,0.4777777777777778,1.0,-0.008838096356406071,medium
primary,free_shares,-0.01200658424927954,-0.09370476538599552,0.45997088791848617,0.5088888888888888,-0.0011750161011637708,medium
primary,wvma_5d,-0.012046347376663434,-0.08758976398689029,0.4666666666666667,1.0,-0.008601370058717653,medium
primary,news_sent_momentum_5d_lag1,-0.01220441030852152,-0.10687184656950136,0.4515463917525773,0.3592592592592593,-0.007876355723611513,medium
primary,news_sent_x_roc20_lag3,-0.012333862897851641,-0.1030844111797071,0.47101449275362317,0.20444444444444446,-0.0032083953453141494,medium
primary,wvma_10d,-0.012505509363850389,-0.0905084021620401,0.47333333333333333,1.0,-0.005551415225817933,medium
primary,fx_hkd_cny_lag5,-0.01253442197578172,-0.08246306215357298,0.46116504854368934,0.15259259259259259,0.015489273798810021,medium
primary,sf_total_lag10,-0.012632921394752014,-0.08905745959551277,0.375,0.047407407407407405,0.00740117372070007,medium
primary,guba_sent_streak,-0.01264396932198117,-0.09933549644054383,0.4673105497771174,0.997037037037037,-0.012278230454443215,medium
primary,concept_zt_count_ma10,-0.012669381012609093,-0.08202967113028742,0.4782608695652174,0.017037037037037038,-0.0051530476893765645,medium
primary,short_balance_z20,-0.012672126250979472,-0.08241846824887104,0.4562962962962963,1.0,-0.01167006895020551,medium
primary,guba_disagreement,-0.012694824495585042,-0.09513164103645577,0.45879732739420936,0.9977777777777778,-0.006171871355631154,medium
primary,news_disagreement_lag3,-0.012720401710091528,-0.10040193465618137,0.4411764705882353,0.20148148148148148,-0.007346008692298175,medium
primary,guba_count_momentum,-0.012791316229862995,-0.10596519177552353,0.45953971789161097,0.9977777777777778,-0.007304641890123603,medium
primary,guba_attention_z_lag3,-0.012823013733810739,-0.10497171242148409,0.4444444444444444,1.0,-0.013097556660894044,medium
primary,flow_momentum_std20,-0.01285910441849082,-0.08933467685435573,0.4585185185185185,1.0,-0.007026618034414321,medium
primary,concept_zt_count_std20,-0.012922417900338377,-0.08258096237441022,0.4782608695652174,0.017037037037037038,0.000387976737473626,medium
primary,volume_shrink,-0.012966227170705575,-0.09890259422947531,0.4521158129175947,0.9977777777777778,-0.010051549282987201,medium
primary,concept_zt_count_ma20,-0.012983183695911638,-0.08276017048191711,0.4782608695652174,0.017037037037037038,0.00044999669925464164,medium
primary,bonus_ratio_ma5,-0.013023983061326906,-0.10634960006201818,0.4536082474226804,0.07185185185185185,-0.0037836987129707053,medium
primary,ind_return_min_ma5,-0.01307340649577004,-0.08500140020365243,0.4602272727272727,0.13037037037037036,-0.015071023311802028,medium
primary,sentiment_std_std20,-0.013075609602793898,-0.10175351873427843,0.45699614890885754,0.577037037037037,-0.01316978016881296,medium
primary,lhb_is_sustained_lag20,-0.013110067021046003,-0.10067453380690873,0.4440677966101695,0.21851851851851853,-0.0012557813481795805,medium
primary,news_sent_bear_vol_lag5,-0.013141978165189711,-0.10363775942704863,0.45,0.11851851851851852,-0.00691703180891982,medium
primary,market_state_weak_accel_lag10,-0.01319134290768235,-0.07931930177489258,0.5384615384615384,0.00962962962962963,-0.01653144389450434,medium
primary,bonus_ratio,-0.013203126857466642,-0.10622307200437707,0.4606741573033708,0.06592592592592593,-0.0031465927417677676,medium
primary,ind_pct_up_lag1,-0.013231113762225714,-0.080404225444021,0.42857142857142855,0.05703703703703704,-0.009851464232706105,medium
primary,ind_return_min_ma10,-0.013238647189273542,-0.09598733284794021,0.44089456869009586,0.23185185185185186,-0.003050289122601327,medium
primary,guba_attention_z_lag2,-0.013251022151854315,-0.10580924038843248,0.46074074074074073,1.0,-0.01365237480230952,medium
primary,lhb_is_wave_lag20,-0.013318710446131364,-0.09952113944873825,0.4444444444444444,0.16,-0.0026837956185162323,medium
primary,total_attention_lag2,-0.013326104383911836,-0.09001722938412463,0.45441067457375833,0.9992592592592593,-0.010886483670274939,medium
primary,sentiment_std_ma20,-0.013326309666502398,-0.10342219302432618,0.4557124518613607,0.577037037037037,-0.013188852065421081,medium
primary,vsump_5d,-0.013340220879571523,-0.09128228238683728,0.45185185185185184,1.0,-0.0003085021445840094,medium
primary,vsumd_5d,-0.013340220879571523,-0.09128228238683728,0.45185185185185184,1.0,-0.0003085021445840094,medium
primary,has_news_ma10,-0.01334175177344149,-0.1001338352131697,0.4478330658105939,0.4614814814814815,-0.01688153478733735,medium
primary,menv_m1_m2_spread_ma5,-0.013388532914501542,-0.09673955299805366,0.4307692307692308,0.04814814814814815,0.007354921543636696,medium
primary,m1_yoy_lag2,-0.01340068132479692,-0.09296679713845962,0.4,0.018518518518518517,-0.000228181689843214,medium
primary,news_sent_skew_lag20,-0.01343788913032815,-0.11428946916044293,0.4513031550068587,0.54,-0.010666426709595936,medium
primary,news_guba_ratio_lag3,-0.013468714809038792,-0.10718558530633598,0.4564459930313589,0.21259259259259258,-0.012273776711552217,medium
primary,bond_us_2y,-0.01350267220264961,-0.07752078472370418,0.47368421052631576,0.028148148148148148,-0.009968466146885442,medium
primary,flow_z_std20,-0.013532577762437773,-0.09375472545925657,0.45925925925925926,1.0,-0.007859014474492117,medium
primary,m2_yoy_ma10,-0.013625676218857644,-0.10291458343701336,0.4489795918367347,0.10888888888888888,-0.014475045739206199,medium
primary,menv_m1_m2_spread_ma20_lag20,-0.013638267623615192,-0.10643899463683738,0.4469565217391304,0.42592592592592593,-0.009655478146309581,medium
primary,adxr,-0.013644535144667291,-0.08613943471264875,0.4725925925925926,1.0,-0.006573680441663109,medium
primary,sentiment_std_lag3,-0.013670083924526611,-0.10796065775836651,0.4375,0.20148148148148148,-0.007440115265109239,medium
primary,guba_post_count_lag1,-0.013703106250120774,-0.0921513306504491,0.45548961424332346,0.9985185185185185,-0.014991117906654357,medium
primary,guba_post_count_lag2,-0.013708772027905703,-0.09241784491574657,0.4536693847294292,0.9992592592592593,-0.011986488072327873,medium
primary,m1_yoy_ma5,-0.013729645260954979,-0.09881393087100457,0.41935483870967744,0.045925925925925926,0.0005660994252386449,medium
primary,total_attention_lag1,-0.013848905497900917,-0.09327529626479224,0.45292809488510005,0.9992592592592593,-0.014695672490960283,medium
primary,flow_intensity_std20,-0.013919779173021146,-0.09921921575798676,0.457037037037037,1.0,-0.0076787277002101405,medium
primary,news_sent_accel,-0.013962479292544074,-0.11463584031845904,0.46328437917222964,0.5548148148148148,-0.00547372212854198,medium
primary,sentiment_mean_accel,-0.013962479292544074,-0.11463584031845904,0.46328437917222964,0.5548148148148148,-0.00547372212854198,medium
primary,net_zt_proportion_ma20,-0.013970032983958883,-0.1279741931802292,0.38461538461538464,0.00962962962962963,0.007721107967357997,medium
primary,consecutive_inflow_20d_ma5,-0.014045049547295355,-0.0894890640934239,0.4651851851851852,1.0,-0.012424845780136026,medium
primary,news_sent_reversal_5d_lag1,-0.014048913869275464,-0.11881679576691534,0.46965699208443273,0.28074074074074074,-0.012717782237764782,medium
primary,bond_cn_10y_lag20,-0.014067073675219038,-0.10591210726888632,0.4448462929475588,0.4096296296296296,-0.007300860019942996,medium
primary,lhb_is_drop_ma5,-0.014097463126673216,-0.09233883296659111,0.4503225806451613,0.5740740740740741,-0.008281632630070644,medium
primary,news_guba_ratio_lag5,-0.014159595764439873,-0.11980407670002413,0.45263157894736844,0.2111111111111111,-0.016781316087029895,medium
primary,cord_60d,-0.014159812354857103,-0.10145433166470022,0.4740740740740741,1.0,-0.011666685698993174,medium
primary,lhb_is_drop_lag2,-0.014192108903664317,-0.09701354993681292,0.4575645756457565,0.20074074074074075,-0.0011324729932599014,medium
primary,menv_m1_m2_spread_ma10_lag20,-0.014205185068136518,-0.10698400863477987,0.45325779036827196,0.2614814814814815,-0.010358768202232324,medium
primary,positive_ratio_ma10,-0.014283231233005114,-0.11752737238603943,0.434991974317817,0.4614814814814815,-0.012238702891906273,medium
primary,consecutive_inflow_20d,-0.014312111535540026,-0.09075258823397207,0.4639405204460966,0.9962962962962963,-0.013978087782160855,medium
primary,shibor_1M_ma10,-0.014494683967109531,-0.10171880466595762,0.432258064516129,0.22962962962962963,-0.005054035787469389,medium
primary,market_state_weak_ma10,-0.014560794984211797,-0.0794776229844399,0.5,0.008888888888888889,-0.00758933731018793,medium
primary,consecutive_inflow_5d_ma20,-0.014584234470944393,-0.09269271693356855,0.46814814814814815,1.0,-0.013773301945137456,medium
primary,board_momentum_mean_ma5,-0.014742828692644193,-0.08209718528668496,0.6666666666666666,0.0044444444444444444,-0.012479082942386229,medium
primary,board_change_pct_ma5,-0.014742828692644193,-0.08209718528668496,0.6666666666666666,0.0044444444444444444,-0.012479082942386229,medium
primary,board_momentum_max_ma5,-0.014742828692644193,-0.08209718528668496,0.6666666666666666,0.0044444444444444444,-0.012479082942386229,medium
primary,menv_m1_m2_spread_ma10_lag5,-0.014761333363409497,-0.11265490281533028,0.4166666666666667,0.16,0.005530379035904319,medium
primary,holder_num_z20,-0.014792633558229837,-0.10426862373911418,0.4491725768321513,0.31333333333333335,-0.003775119222349227,medium
primary,news_count_lag3,-0.014810258357309654,-0.1170473138214409,0.445993031358885,0.21259259259259258,-0.012414193080563853,medium
primary,corr_60d,-0.014902716092612367,-0.09650124033760435,0.4725925925925926,1.0,-0.009073450855444865,medium
primary,adx,-0.014969770084288228,-0.09523274491302967,0.4785185185185185,1.0,-0.006530368986821547,medium
primary,quality_composite_lag10,-0.01497427184885756,-0.10287273910704837,0.45481481481481484,1.0,0.002396644609812866,medium
primary,market_state_weak_z20_lag10,-0.014978784911070539,-0.08987855894006574,0.5384615384615384,0.00962962962962963,-0.016629748975725944,medium
primary,news_sent_x_macd_lag1,-0.01501320327902443,-0.12402490457777524,0.45357142857142857,0.2074074074074074,-0.0017951578512690025,medium
primary,market_state_volatile_ma20_lag2,-0.01507891125226332,-0.1232390193661201,0.46153846153846156,0.00962962962962963,0.004039745210784585,medium
primary,market_state_volatile_std20_lag2,-0.01507891125226332,-0.1232390193661201,0.46153846153846156,0.00962962962962963,0.004039745210784585,medium
primary,has_news_ma5,-0.015185160977874111,-0.11294795257227941,0.4589178356713427,0.36962962962962964,-0.01672406726335877,medium
primary,consecutive_inflow_20d_ma10,-0.015198549403730721,-0.09703863933008548,0.4666666666666667,1.0,-0.015324458029220783,medium
primary,mkt_cap_total_z_lag5,-0.015214179560294793,-0.12083481607849669,0.4444444444444444,0.02666666666666667,-0.012975393792273648,medium
primary,avg_account_cap_z_lag5,-0.015214179560294793,-0.12083481607849669,0.4444444444444444,0.02666666666666667,-0.005358480379288359,medium
primary,earnings_surprise_lag10,-0.015246102926192667,-0.08914554312175879,0.4659259259259259,1.0,0.008321300871162427,medium
primary,market_state_normal_lag5,-0.015269736675650116,-0.10162403980388426,0.3333333333333333,0.0044444444444444444,-0.014465587366572519,medium
primary,lhb_count_5d_lag20,-0.015285435030901235,-0.10751954171779403,0.4509646302250804,0.9214814814814815,-0.00901307151404496,medium
primary,debt_ratio_lag20,-0.015349377530700162,-0.11202449055354115,0.4524793388429752,0.3585185185185185,0.0176056015392553,medium
primary,fx_jpy_cny_ma20,-0.015423085941751022,-0.11849765518877428,0.44052044609665425,0.3985185185185185,0.005732667397173615,medium
primary,lhb_present_lag3,-0.015430536997622646,-0.09879210929319764,0.4576719576719577,0.56,-0.00957294033494133,medium
primary,wvma_30d,-0.015467016865061295,-0.11570256988981188,0.45925925925925926,1.0,-0.005679905950518186,medium
primary,shibor_1Y_std20,-0.015487548847198196,-0.11810106418825797,0.45132743362831856,0.4185185185185185,0.012272891912065067,medium
primary,consecutive_inflow_10d_ma20,-0.015503522783762609,-0.09883318420501971,0.4659259259259259,1.0,-0.0153055723662124,medium
primary,lhb_buy_ratio_lag3,-0.01552863572042726,-0.09939318776233987,0.4603174603174603,0.56,-0.009610125825159238,medium
primary,lhb_is_drop_ma20,-0.015572429765038852,-0.10647884395156619,0.4481094127111826,0.9207407407407407,-0.009471946145646337,medium
primary,lhb_is_drop_std20,-0.015572429765038852,-0.10647884395156619,0.4481094127111826,0.9207407407407407,-0.009471946145646337,medium
primary,menv_m1_m2_spread_ma10_lag10,-0.0155994979118607,-0.11623003483664744,0.42585551330798477,0.1948148148148148,-0.000625448801260443,medium
primary,bond_cn_2y_lag3,-0.01563292797598112,-0.09839011470680104,0.4791666666666667,0.10666666666666667,-0.006734292558346071,medium
primary,news_sent_streak,-0.015696430815866757,-0.11787477150357646,0.5098039215686274,0.07555555555555556,-0.01574939329689894,medium
primary,is_extreme_flow_ma5,-0.01576857552250851,-0.11890595674046248,0.45555555555555555,1.0,-0.012889866785585093,medium
primary,market_state_volatile_std20_lag5,-0.01577142188656028,-0.10946848871084092,0.6153846153846154,0.00962962962962963,0.001875251098299082,medium
primary,market_state_volatile_ma20_lag5,-0.01577142188656028,-0.10946848871084092,0.6153846153846154,0.00962962962962963,0.001875251098299082,medium
primary,lhb_count_5d_lag10,-0.016106531968391923,-0.1073816078083301,0.46296296296296297,0.92,-0.007169634481499536,medium
primary,market_state_volatile_accel_lag3,-0.01619306150768543,-0.10892093657991068,0.4166666666666667,0.008888888888888889,-0.016667939203838723,medium
primary,news_sent_extreme,-0.01623288400634826,-0.13002832579685752,0.4555160142348754,0.20814814814814814,-0.006266950593794607,medium
primary,is_extreme_flow_ma10,-0.01635094649855738,-0.12295310156807765,0.4540740740740741,1.0,-0.010905598733000654,medium
primary,lhb_is_sustained_lag3,-0.016504144852690954,-0.10357419054495565,0.46511627906976744,0.22296296296296297,-0.004196401094749628,medium
primary,consecutive_inflow_20d_ma20,-0.016534952846309764,-0.10368108009940882,0.4651851851851852,1.0,-0.017485752244680408,medium
primary,menv_m1_m2_spread_lag2,-0.01653747978868716,-0.113682663901137,0.4230769230769231,0.01925925925925926,0.00636240567162946,medium
primary,market_adv_ratio,-0.016655673007315325,-0.10196898534510948,0.4473684210526316,0.028148148148148148,0.006626608353958516,medium
primary,ind_matched_return_std20,-0.016828567304752285,-0.05715169726505704,0.4781319495922906,0.9992592592592593,0.0026490353880875206,medium
primary,vsump_10d,-0.016840857899571664,-0.1160304083789589,0.4533333333333333,1.0,0.0035965933964386314,medium
primary,vsumd_10d,-0.016840857899571664,-0.1160304083789589,0.4533333333333333,1.0,0.0035965933964386314,medium
primary,lhb_is_drop_ma10,-0.016867817110508176,-0.11247363048090983,0.4608030592734226,0.7748148148148148,-0.010632197589751613,medium
primary,lhb_count_5d_lag5,-0.016968573936798625,-0.10539343186143328,0.47101449275362317,0.92,-0.013264131544879832,medium
primary,ind_dispersion_20d_std20,-0.017093485464406123,-0.12806414061964888,0.4423791821561338,0.3985185185185185,0.004080517147807024,medium
primary,volume_heavy,-0.017101636901117673,-0.1234784148322701,0.45185185185185184,1.0,-0.009470076157418239,medium
primary,market_state_weak_accel_lag5,-0.01710189359590531,-0.10283030677570121,0.5384615384615384,0.00962962962962963,0.01173526511057376,medium
primary,concept_zt_ratio_ma10,-0.017140947838040536,-0.10943553287440679,0.43478260869565216,0.017037037037037038,-0.0051530476893765645,medium
primary,cpi_yoy_lag2,-0.01723519410884805,-0.13127310388567737,0.4,0.014814814814814815,0.0011685886302511624,medium
primary,wvma_20d,-0.017242559219313155,-0.126939363099791,0.4488888888888889,1.0,-0.006781807972135347,medium
primary,sector_vol_volatility_std20,-0.01725572010416279,-0.1254798560094659,0.45555555555555555,1.0,-0.006782705250314107,medium
primary,total_attention,-0.01750021563195642,-0.11839870594139072,0.44699777613046704,0.9992592592592593,-0.014870233802763005,medium
primary,lhb_is_sustained_ma5,-0.01759555699628593,-0.10709051454198724,0.4398148148148148,0.64,-0.009345424595875017,medium
primary,guba_sent_x_roc20_lag1,-0.017603470150677213,-0.15117711911325815,0.45178041543026703,0.9985185185185185,-0.010483011786323559,medium
primary,volume_anomaly,-0.0176309284732981,-0.12404274536421643,0.462109955423477,0.997037037037037,-0.014951191001546843,medium
primary,guba_post_count,-0.017636424778672,-0.11909904035010418,0.44691907943578324,0.9977777777777778,-0.015845026986310868,medium
primary,news_count_lag5,-0.017652998719198107,-0.14812278636903808,0.43859649122807015,0.2111111111111111,-0.016900812317118947,medium
primary,cntd_20d,-0.017682857929325984,-0.10720021211678102,0.4688888888888889,1.0,-0.010852720296527483,medium
primary,cpi_yoy_ma5,-0.017706483216451307,-0.13965604876234475,0.48936170212765956,0.03481481481481481,-0.0012140245348550003,medium
primary,vstd_5d,-0.017790993580119638,-0.12476499120058093,0.4614814814814815,1.0,-0.016346620430927626,medium
primary,market_state_volatile_ma5_lag10,-0.01782652309193426,-0.1439628387230098,0.3076923076923077,0.00962962962962963,0.016579327129899978,medium
primary,lhb_is_sustained_ma10,-0.017847431691877066,-0.11134429563770382,0.44928825622775803,0.8325925925925926,-0.012216368932959666,medium
primary,lhb_buy_ratio,-0.017926250441854717,-0.10879416439342622,0.44680851063829785,0.557037037037037,-0.012340246642089575,medium
primary,lhb_present,-0.017991216410210117,-0.10919898308319059,0.43882978723404253,0.557037037037037,-0.012339647451440353,medium
primary,positive_ratio_ma5,-0.018019327195109406,-0.14750428634624704,0.43661971830985913,0.36814814814814817,-0.011525863911822743,medium
primary,lhb_is_drop_lag5,-0.0180877337290608,-0.127921658235624,0.44649446494464945,0.20074074074074075,-0.0059177940508054385,medium
primary,bond_cn_30y,-0.018160488136724367,-0.10851353804796686,0.4146341463414634,0.03037037037037037,-0.015450606180417145,medium
primary,lhb_is_sustained_lag1,-0.018181133749606976,-0.11500098735645942,0.45666666666666667,0.2222222222222222,-0.008964781319056106,medium
primary,lhb_is_sustained_ma20,-0.01819923913438222,-0.11543673777191821,0.45960365853658536,0.9718518518518519,-0.01233289338878223,medium
primary,lhb_is_sustained_std20,-0.01819923913438222,-0.11543673777191821,0.45960365853658536,0.9718518518518519,-0.01233289338878223,medium
primary,menv_bond_10y2y_spread,-0.018356816742384187,-0.1095155441137333,0.5,0.02962962962962963,-0.009288307001160187,medium
primary,bond_cn_10y2y_spread,-0.018356816742384187,-0.1095155441137333,0.5,0.02962962962962963,-0.009288307001160187,medium
primary,is_extreme_flow_ma20,-0.0184252941855896,-0.13130298018405676,0.4451851851851852,1.0,-0.0089632746551582,medium
primary,bond_us_30y_lag1,-0.018494766445084375,-0.11304278578196747,0.4520547945205479,0.05407407407407407,0.0029358520272136724,medium
primary,market_state_volatile_ma10_lag3,-0.018812352758310433,-0.12298922820345033,0.3333333333333333,0.008888888888888889,0.005559650822402893,medium
primary,mfi_14,-0.01892464793351682,-0.1167531785891884,0.4451851851851852,1.0,-0.01801587530656795,medium
primary,cb_0_ma5_lag1,-0.018961793564360157,-0.08734517338483923,0.5,0.0044444444444444444,0.007221699531494867,medium
primary,news_sent_x_roc20,-0.018992478360877533,-0.15910446799144004,0.4229390681003584,0.20666666666666667,-0.006105063092710429,medium
primary,sentiment_std_ma10,-0.019063301678390487,-0.15566404510567503,0.42215088282504015,0.4614814814814815,-0.011137277320330432,medium
primary,high0,-0.01908587218935523,-0.10248477617959174,0.47185185185185186,1.0,-0.007447413996572246,medium
primary,amount_ratio,-0.019102761210829693,-0.12169802081927072,0.4562962962962963,1.0,-0.0024983024687757985,medium
primary,sentiment_mean_lag1,-0.01923919174371424,-0.16548400413615505,0.4607142857142857,0.2074074074074074,-0.00971521876151035,medium
primary,m2_yoy_lag10,-0.01925279482682885,-0.13999529176385833,0.4782608695652174,0.051111111111111114,-0.011681804722620152,medium
primary,lhb_is_drop,-0.01933174861596778,-0.12396030169412237,0.44981412639405205,0.19925925925925925,-0.005031167386812682,medium
primary,news_guba_ratio,-0.01934503291994968,-0.1548177229242516,0.41724137931034483,0.21481481481481482,-0.015680406753366925,medium
primary,cpi_yoy_lag20,-0.01950636258184748,-0.16409774490890686,0.4444444444444444,0.06,-0.007508476214578483,medium
primary,market_state_normal_std20_lag3,-0.019512619131809614,-0.13839806363243445,0.6153846153846154,0.00962962962962963,0.0018080718353716957,medium
primary,market_state_normal_ma20_lag3,-0.019512619131809614,-0.13839806363243445,0.6153846153846154,0.00962962962962963,0.0018080718353716957,medium
primary,news_sent_volume_lag1,-0.019538699801995376,-0.1682280154727839,0.4642857142857143,0.2074074074074074,-0.009745207014977986,medium
primary,news_sent_extreme_lag1,-0.019687942064714626,-0.1649978438460082,0.425,0.2074074074074074,-0.013425407349895297,medium
primary,lhb_buy_ratio_lag20,-0.019710056085629913,-0.14652507907595844,0.4249667994687915,0.5577777777777778,-0.011160189788197777,medium
primary,lhb_present_lag20,-0.019733992316183162,-0.1467173834044179,0.42231075697211157,0.5577777777777778,-0.01120330614160775,medium
primary,rsi_12_lag10,-0.01985436040481753,-0.10454525354273446,0.46074074074074073,1.0,-0.016576676001117657,medium
primary,sentiment_mean,-0.01987520731206578,-0.15797574048347807,0.41637010676156583,0.20814814814814814,-0.008680398420997933,medium
primary,news_sent_bull_vol_lag3,-0.019929205189883694,-0.1616804593148305,0.4188034188034188,0.17333333333333334,-0.011935310696124963,medium
primary,sentiment_mean_ma5,-0.019930128669349314,-0.1749743715690874,0.42386831275720166,0.36,-0.011279474412620222,medium
primary,news_sent_momentum_5d,-0.019930128669349314,-0.1749743715690874,0.42386831275720166,0.36,-0.011279474412620222,medium
primary,day_of_week,,,,0.0,0.013439494710442696,medium
primary,pledge_ratio_z20,,,,0.0,-0.01043273887559809,medium
primary,bt_last_direction,,,,0.0,0.014073830536507955,medium
primary,cb_1_ma20,,,,0.0,0.010795196622009099,medium
primary,cb_1_ma10_lag1,,,,0.0,0.012901495749694382,medium
primary,total_amount_z20,,,,0.0,-0.01291356268449255,medium
primary,total_volume_z20,,,,0.0,-0.011061486348006166,medium
primary,bt_count_20d_ma5,,,,0.0,0.019168159680924304,medium
primary,bt_last_direction_accel,,,,0.0,-0.015254859145300127,medium
primary,cb_1_ma10,,,,0.0,0.010795196622009099,medium
primary,dual_concentration_signal_z20,,,,0.0,0.01208098585275005,medium
primary,cb_1_std20_lag1,,,,0.0,0.012901495749694382,medium
primary,cb_1_std20,,,,0.0,0.010795196622009099,medium
primary,bt_last_direction_ma20,,,,0.0,0.01368169996703845,medium
primary,cb_1_lag2,,,,0.0,0.01723746417545505,medium
primary,bt_last_direction_ma10,,,,0.0,0.016166038038009745,medium
primary,cb_1_ma20_lag1,,,,0.0,0.012901495749694382,medium
primary,trade_count_z20,,,,0.0,0.010089951887785971,medium
primary,bt_last_direction_std20,,,,0.0,0.01437223833739659,medium
primary,bt_count_20d_accel,,,,0.0,-0.01860153455768137,medium
primary,bt_intensity_20d,,,,0.0,0.011688552805876808,medium
primary,bt_intensity_20d_accel,,,,0.0,-0.012943639472947131,medium
primary,cb_1_accel_lag1,,,,0.0,0.017626398031583185,medium
primary,menv_us_cn_10y_spread_ma20,0.009978465338756832,0.07594462060183128,0.533457249070632,0.3985185185185185,0.005343301106887697,low
primary,menv_m1_m2_spread_lag3,0.009969184697882535,0.06700515991836431,0.5151515151515151,0.024444444444444446,0.007682873082709894,low
primary,menv_bond_10y2y_spread_ma10_lag3,0.009960159479381569,0.07291168183027572,0.5142857142857142,0.2851851851851852,-0.002811016926632092,low
primary,news_neg_momentum_lag3,0.009908212743401494,0.0814860498342075,0.5390946502057613,0.36,0.008655240476623664,low
primary,earnings_quality_lag1,0.009880614786817008,0.07763853613565626,0.5291479820627802,0.33037037037037037,0.004481904876096016,low
primary,menv_us_cn_10y_spread_ma20_lag2,0.009713767851255843,0.07429253525195655,0.5190972222222222,0.4266666666666667,0.005533943785589053,low
primary,bond_us_10y2y_spread_lag10,0.009712365275247568,0.07097031662245444,0.5294117647058824,0.22666666666666666,0.005748335367733341,low
primary,avg_shares_z20,0.009706876364014612,0.06931209196373916,0.5508274231678487,0.31333333333333335,0.0017056401341681148,low
primary,revenue_yoy_lag20,0.00967154628592102,0.07622039145961822,0.518595041322314,0.3585185185185185,0.00884298600065168,low
primary,roe_lag2,0.009551435367409659,0.054012429342970736,0.5167037861915368,0.3325925925925926,-0.005014112568339205,low
primary,bond_us_2y_lag3,0.009544953459089699,0.06033733283310729,0.5,0.09777777777777778,-0.006604820043154498,low
primary,bond_cn_10y2y_spread_lag5,0.009519163931790102,0.0624192168760521,0.5294117647058824,0.1511111111111111,-0.0011893464107588265,low
primary,menv_bond_10y2y_spread_lag5,0.009519163931790102,0.0624192168760521,0.5294117647058824,0.1511111111111111,-0.0011893464107588265,low
primary,earnings_quality_lag2,0.009475769784724654,0.07354146564754499,0.532293986636971,0.3325925925925926,0.0031275959365899574,low
primary,news_sent_reversal_5d_lag20,0.009445763853007171,0.08667084872466925,0.5416666666666666,0.26666666666666666,-0.005486601964202253,low
primary,flow_momentum_lag2,0.009404928185302024,0.061963098890672794,0.5278396436525612,0.9977777777777778,0.0018678101528176306,low
primary,has_gap_amount_ratio_ma10,0.009383683085240947,0.06860675015684556,0.5318518518518518,1.0,0.008960847349189779,low
primary,has_gap_total_amount_ma10,0.0093648043713682,0.06849783440222397,0.5318518518518518,1.0,0.008891668311072918,low
primary,has_gap_trade_count_ma10,0.0093648043713682,0.06849783440222397,0.5318518518518518,1.0,0.008891668311072918,low
primary,has_gap_temporary_impact_ma10,0.0093648043713682,0.06849783440222397,0.5318518518518518,1.0,0.008891668311072918,low
primary,has_gap_premium_pct_wavg_ma10,0.0093648043713682,0.06849783440222397,0.5318518518518518,1.0,0.008891668311072918,low
primary,has_gap_premium_pct_mean_ma10,0.0093648043713682,0.06849783440222397,0.5318518518518518,1.0,0.008891668311072918,low
primary,has_gap_total_volume_ma10,0.0093648043713682,0.06849783440222397,0.5318518518518518,1.0,0.008891668311072918,low
primary,shibor_O_N_lag5,0.009351861981605387,0.06168762333437093,0.545,0.14814814814814814,0.0009898862055347027,low
primary,menv_us_cn_10y_spread_ma10_lag10,0.009340686651918043,0.07099691143624465,0.5278810408921933,0.3985185185185185,0.006334900883825554,low
primary,earnings_quality_lag3,0.009321356853409407,0.07175552041063991,0.5275938189845475,0.33555555555555555,0.0037152389625167677,low
primary,news_sent_bear_vol_lag10,0.009302844005467862,0.0790695857680846,0.5448717948717948,0.11555555555555555,-0.000409178124734254,low
primary,is_dt_lag3,0.009294893988671483,0.04775479418795213,0.5,0.002962962962962963,-0.0012870907798515699,low
primary,momentum_252d_accel_lag1,0.009285846609429658,0.05201453424650216,0.52,1.0,0.0032738006945567046,low
primary,menv_us_cn_10y_spread_ma5_lag10,0.009278097871901649,0.06921052432435056,0.5334872979214781,0.3207407407407407,0.006759600327479744,low
primary,momentum_252d_accel_lag3,0.009267449142046202,0.05331113873554717,0.5170370370370371,1.0,0.0036987009611364396,low
primary,has_gap_amount_vol_6d_ma10,0.00926095285225478,0.0685389934229694,0.5348148148148149,1.0,0.009460550295481691,low
primary,avg_shares_ma20,0.00924283664088846,0.05668309919304672,0.5168248490077653,0.8585185185185186,0.005943371286138678,low
primary,pledge_risk_std20,0.009195937067248928,0.07292570718129603,0.5634920634920635,0.09333333333333334,0.007489530172939595,low
primary,shibor_9M_ma5,0.00917008805411451,0.06006236081114858,0.5375722543352601,0.12814814814814815,-0.0043170364553382105,low
primary,bond_us_30y_ma10,0.009167930022554024,0.06719773703900225,0.5392156862745098,0.22666666666666666,0.004222760149015487,low
primary,menv_us_cn_10y_spread_ma20_lag20,0.009156449856633891,0.0700979717373066,0.5338983050847458,0.6118518518518519,0.003025415999578027,low
primary,menv_us_cn_10y_spread_ma10_lag1,0.009139974147693367,0.06629207305879194,0.5562130177514792,0.25037037037037035,0.0050289335400387465,low
primary,cross_source_agreement_lag2,0.009133249839331168,0.06978172643676625,0.5300222386953298,0.9992592592592593,0.005212353282152252,low
primary,bond_us_5y_lag3,0.009087523528511363,0.05708203272071771,0.5182481751824818,0.10148148148148148,-0.006535716027794363,low
primary,positive_ratio_lag20,0.00908166210558597,0.08046373639656372,0.5173745173745173,0.19185185185185186,-0.004759422668780364,low
primary,leader_change_std20,0.009057682853673196,0.049988414939337734,0.5177777777777778,1.0,0.009534223706324129,low
primary,market_state_weak_ma10_lag1,0.009031279229996506,0.05534033272280423,0.5,0.008888888888888889,-0.007887763847993468,low
primary,sector_rrg_quadrant_z20_lag10,0.009018811192710053,0.05582324514514987,0.5103703703703704,1.0,0.003032768737577588,low
primary,momentum_252d_z20_lag10,0.00889857246976173,0.05148251250321456,0.52,1.0,0.005603551448770422,low
primary,has_gap_able_shares_ma10,0.008874082148280076,0.07199826655039063,0.5264248704663212,0.7148148148148148,0.009300766733835418,low
primary,has_gap_unlock_return_30d_ma10,0.008874082148280076,0.07199826655039063,0.5264248704663212,0.7148148148148148,0.009300766733835418,low
primary,has_gap_free_ratio_ma10,0.008874082148280076,0.07199826655039063,0.5264248704663212,0.7148148148148148,0.009300766733835418,low
primary,has_gap_is_vc_backed_ma10,0.008874082148280076,0.07199826655039063,0.5264248704663212,0.7148148148148148,0.009300766733835418,low
primary,has_gap_free_shares_ma10,0.008874082148280076,0.07199826655039063,0.5264248704663212,0.7148148148148148,0.009300766733835418,low
primary,menv_us_cn_10y_spread_ma10_lag3,0.00885510662353452,0.06555773714101548,0.5426356589147286,0.2866666666666667,0.005686373903924363,low
primary,sector_breadth_z_lag2,0.008852215393996776,0.050215836978091725,0.5304154302670623,0.9985185185185185,-0.007334910430899713,low
primary,menv_bond_10y2y_spread_ma5,0.008841136154220067,0.059470746798606366,0.52,0.12962962962962962,-0.00476923184277594,low
primary,bond_cn_10y2y_spread_ma5,0.008841136154220067,0.059470746798606366,0.52,0.12962962962962962,-0.00476923184277594,low
primary,news_pos_momentum_lag5,0.008754920526289657,0.07365875146744129,0.5467479674796748,0.36444444444444446,0.006600692866943453,low
primary,fx_eur_cny_ma20,0.008733651641899662,0.06525900531832639,0.5046554934823091,0.3977777777777778,0.0046335419721175285,low
primary,sent_dispersion_std20,0.008704600314712688,0.05610677813667383,0.5103703703703704,1.0,0.009078949327872524,low
primary,net_margin_lag5,0.008649774808006489,0.05527498854926386,0.514161220043573,0.34,0.0094770572378999,low
primary,fx_eur_cny_lag10,0.008647307641189176,0.061531434904933534,0.5177514792899408,0.25037037037037035,0.0018844117997760298,low
primary,investor_new_num_lag20,0.008643897868229524,0.07182256907860811,0.5393258426966292,0.06592592592592593,-0.0027323530593894503,low
primary,market_turnover_z_lag2,0.008620794268325646,0.054105799192157966,0.5486725663716814,0.0837037037037037,0.00609700727960974,low
primary,deep_value_lag5,0.008572145910702818,0.06635260262164686,0.510188679245283,0.9814814814814815,0.009195980053906523,low
primary,lhb_net_amount_lag1,0.008498567937393134,0.05434462008678067,0.523936170212766,0.557037037037037,0.002726340702151079,low
primary,shibor_6M,0.008428022619177035,0.05082220960413534,0.5428571428571428,0.025925925925925925,-0.004491282891938102,low
primary,m1_yoy_lag5,0.008382793227225899,0.058311500347712465,0.5,0.03259259259259259,0.0007535654546493966,low
primary,deep_value_lag10,0.008359280819013385,0.06430829550198955,0.5139622641509434,0.9814814814814815,0.009472950205513423,low
primary,bond_cn_10y_lag5,0.008335784228330678,0.056347594788050126,0.5073170731707317,0.15185185185185185,-0.006704671416127387,low
primary,market_turnover_z_lag10,0.008263022178641485,0.05905927596970877,0.5414201183431953,0.25037037037037035,0.0021312035619576067,low
primary,menv_shibor_1m_z_z20_lag5,0.00821644032267052,0.06466785000276108,0.5429718875502008,0.9222222222222223,0.00548006326185153,low
primary,news_sent_bear_vol_lag20,0.008214019199748837,0.07075828852461502,0.5263157894736842,0.11259259259259259,-0.0020348164934087844,low
primary,dual_concentration_signal_accel,0.00815630437193107,0.060444717879226825,0.5285961871750433,0.8548148148148148,0.005508805385855605,low
primary,sentiment_std_lag20,0.008146327454263337,0.0721557225917924,0.5348837209302325,0.19111111111111112,-0.0034783878856982243,low
primary,north_net_buy_lag2,0.008134264344122072,0.05850885388518587,0.514218009478673,0.6251851851851852,0.0027143551711025097,low
primary,north_net_buy_lag3,0.00808745951606762,0.057135878575257,0.5207100591715976,0.6259259259259259,-0.004155296757365258,low
primary,eps_lag1,0.008035602171237532,0.0430132283721572,0.5201793721973094,0.33037037037037037,-0.007377240615809549,low
primary,market_state_weak_ma20,0.007966175291475293,0.050600978597897285,0.5384615384615384,0.00962962962962963,-0.007830423262261296,low
primary,guba_sent_skew_lag5,0.007956103213089734,0.06910059518107137,0.5333333333333333,1.0,0.008017915530157169,low
primary,news_disagreement_lag20,0.007952661937225387,0.0704547914043122,0.5310077519379846,0.19111111111111112,-0.0034862425511330807,low
primary,guba_sent_skew,0.007946898199274258,0.0686495151848606,0.5266666666666666,1.0,0.00510627689593101,low
primary,vma_20d,0.007946311648664954,0.05296542927482974,0.5118518518518519,1.0,-0.0012224116555746476,low
primary,growth_quality_lag20,0.007889620681586386,0.06516148497234157,0.5433884297520661,0.3585185185185185,0.009279677117895,low
primary,bond_cn_5y_lag3,0.007813672927036013,0.04903457956380464,0.5416666666666666,0.10666666666666667,-0.004328777040281296,low
primary,flow_momentum_lag5,0.007784054632779532,0.05103589610812325,0.5096439169139466,0.9985185185185185,-0.0037191296978924377,low
primary,menv_us_cn_10y_spread_ma5_lag1,0.0077372987911466995,0.05239994669741634,0.5339805825242718,0.15259259259259259,0.004496906013914971,low
primary,negative_ratio_lag20,0.007702331324646282,0.06830194698097054,0.5387931034482759,0.17185185185185184,-0.0023328507235688715,low
primary,stock_vs_industry_accel,0.007694953057140683,0.03006476417317655,0.5159377316530763,0.9992592592592593,0.0047742348875339565,low
primary,has_gap_amount_ratio_ma5,0.007682368242765544,0.05634517337473579,0.5222222222222223,1.0,0.00858701297418205,low
primary,sector_rrg_quadrant_accel_lag10,0.007668578714846278,0.04736713484331196,0.5155555555555555,1.0,0.006304851710738395,low
primary,has_gap_total_volume_ma5,0.007642521601180395,0.056043372503000004,0.522962962962963,1.0,0.00849654941297852,low
primary,has_gap_premium_pct_wavg_ma5,0.007642521601180395,0.056043372503000004,0.522962962962963,1.0,0.00849654941297852,low
primary,has_gap_total_amount_ma5,0.007642521601180395,0.056043372503000004,0.522962962962963,1.0,0.00849654941297852,low
primary,has_gap_premium_pct_mean_ma5,0.007642521601180395,0.056043372503000004,0.522962962962963,1.0,0.00849654941297852,low
primary,has_gap_trade_count_ma5,0.007642521601180395,0.056043372503000004,0.522962962962963,1.0,0.00849654941297852,low
primary,has_gap_temporary_impact_ma5,0.007642521601180395,0.056043372503000004,0.522962962962963,1.0,0.00849654941297852,low
primary,has_gap_amount_vol_6d_ma20,0.007630269420872364,0.056553341388849585,0.5281481481481481,1.0,0.008720585627924325,low
primary,bond_us_10y2y_spread_lag3,0.007615837620944136,0.04795107424275304,0.5190839694656488,0.09703703703703703,0.006312098215432653,low
primary,market_adv_ratio_z20,0.007613012503743945,0.05811044086723523,0.5234521575984991,0.39481481481481484,0.004583739931959265,low
primary,bond_us_5y_lag10,0.007594540513974473,0.054996290058271086,0.5158227848101266,0.23407407407407407,-0.0003351334565902326,low
primary,menv_m1_m2_spread_std20_lag10,0.007421305228300875,0.05716778019435832,0.5277246653919694,0.3874074074074074,-0.009594016381898652,low
primary,has_gap_amount_vol_6d_ma5,0.007387993687650613,0.05449791758956451,0.5311111111111111,1.0,0.009363193516548024,low
primary,flow_momentum_lag10,0.007277414449547138,0.04901797301702856,0.5074183976261127,0.9985185185185185,0.007191478462119263,low
primary,has_gap_amount_vol_6d,0.0072346704122299935,0.053452995976303826,0.5248700816629547,0.9977777777777778,0.004040412611122281,low
primary,north_net_buy_ma10,0.007147836616975027,0.05048669787483494,0.5253093363329584,0.6585185185185185,0.0052902642515519445,low
primary,menv_us_cn_10y_spread_ma20_lag1,0.0071301050080529,0.054225930802224584,0.518783542039356,0.4140740740740741,0.005418072975604876,low
primary,flow_z_lag10,0.007125979249393121,0.04798184521172694,0.505192878338279,0.9985185185185185,0.007008461140382584,low
primary,flow_z_lag5,0.007114997120888589,0.046569042525389986,0.5103857566765578,0.9985185185185185,-0.0032460667901495167,low
primary,news_guba_divergence_lag3,0.007107033442122772,0.05980849306379171,0.5240919199406968,0.9992592592592593,0.005398807984316528,low
primary,sector_rank_change_accel,0.0070897909335275715,0.0415863478692926,0.5088888888888888,1.0,-0.0005003498305354705,low
primary,has_gap_temporary_impact,0.007085825770251443,0.05175571102755081,0.5219005196733482,0.9977777777777778,-0.00016771093978168707,low
primary,has_gap_total_volume,0.007085825770251443,0.05175571102755081,0.5219005196733482,0.9977777777777778,-0.00016771093978168707,low
primary,has_gap_premium_pct_mean,0.007085825770251443,0.05175571102755081,0.5219005196733482,0.9977777777777778,-0.00016771093978168707,low
primary,has_gap_trade_count,0.007085825770251443,0.05175571102755081,0.5219005196733482,0.9977777777777778,-0.00016771093978168707,low
primary,has_gap_premium_pct_wavg,0.007085825770251443,0.05175571102755081,0.5219005196733482,0.9977777777777778,-0.00016771093978168707,low
primary,has_gap_total_amount,0.007085825770251443,0.05175571102755081,0.5219005196733482,0.9977777777777778,-0.00016771093978168707,low
primary,has_gap_amount_ratio,0.007078862507870137,0.051660160660907346,0.521189591078067,0.9962962962962963,-7.685387643418479e-05,low
primary,roe_lag5,0.007068624321932596,0.03968938487929273,0.5098039215686274,0.34,0.007549092619576534,low
primary,guba_sent_extreme,0.007059022048819175,0.057873369800553805,0.5155555555555555,1.0,0.006838892682930647,low
primary,menv_bond_10y2y_spread_z20_lag5,0.007049995767597778,0.053836375586756545,0.5353697749196141,0.46074074074074073,0.004215333927477607,low
primary,news_sent_accel_lag10,0.006990663201481608,0.05806006157878002,0.5250338294993234,0.5474074074074075,0.0002936400864763109,low
primary,news_sent_bear_vol,0.006958556060747445,0.05714769083987803,0.503030303030303,0.12222222222222222,0.0003699833400205323,low
primary,roe_trend_4q_lag20,0.0069053832447316,0.04369476427324513,0.5148148148148148,1.0,-0.00415971887474389,low
primary,sector_rank_change_ma5,0.0068626055135010125,0.040842418595361966,0.5059259259259259,1.0,-0.00019857961051981382,low
primary,m2_yoy_accel,0.006855373125765795,0.05112760580736743,0.5189504373177842,0.25407407407407406,-0.0038861716965773382,low
primary,ann_sentiment_std_lag3,0.0068059599528575475,0.05758470051551828,0.5213903743315508,0.277037037037037,0.0050156398070689105,low
primary,news_sent_x_macd_lag5,0.006767226531119912,0.05913417645534461,0.5144927536231884,0.20444444444444446,0.0023847049623034805,low
primary,sector_rrg_x_accel_lag10,0.006728816865008914,0.03938242842655703,0.52,1.0,0.0030119276145173022,low
primary,menv_shibor_1m_z_lag20,0.006702166984382717,0.05217023254612109,0.5343698854337152,0.9051851851851852,0.006925685575975725,low
primary,revenue_yoy_lag5,0.006680251372900991,0.050848886428718945,0.5163398692810458,0.34,-0.0035469468791152247,low
primary,fx_hkd_cny_accel,0.006654616313721729,0.05010695222926295,0.5446096654275093,0.3985185185185185,0.00045023140530803035,low
primary,news_sent_accel_lag20,0.006576841971921073,0.055338625695137526,0.5404663923182441,0.54,0.0037718948455021427,low
primary,fx_jpy_cny_z20,0.006556587740115494,0.049169056645270985,0.5201465201465202,0.40444444444444444,0.008266826796829357,low
primary,fx_gbp_cny_lag5,0.006532950602341628,0.04357833533269101,0.5097087378640777,0.15259259259259259,0.00916064863847742,low
primary,news_sent_extreme_lag20,0.006519026256026394,0.05847089453128581,0.5285171102661597,0.1948148148148148,-0.0055722460565858474,low
primary,market_turnover_z_ma5,0.006449192307385945,0.0425037933745766,0.5340909090909091,0.13037037037037036,0.008270118926570345,low
primary,pledge_ratio_std20,0.006426198864938038,0.04405201943294984,0.529559748427673,0.5888888888888889,0.002964786465980989,low
primary,growth_quality_lag5,0.006423970492971888,0.04905476260648968,0.5294117647058824,0.34,-0.0034200594432292966,low
primary,ann_negative_ratio_accel,0.006413666195026195,0.057043491731191394,0.5241276911655531,0.9977777777777778,0.006796860372479557,low
primary,market_state_volatile_accel_lag10,0.00641346549890681,0.03881879353469288,0.38461538461538464,0.00962962962962963,0.008313713040104758,low
primary,n_indexes_lag3,0.0063882209444152994,0.03291140413874968,0.5033358042994811,0.9992592592592593,-0.0036347062096025217,low
primary,is_index_member_lag3,0.0063882209444152994,0.03291140413874968,0.5033358042994811,0.9992592592592593,-0.0036347062096025217,low
primary,n_indexes_lag10,0.006357208310660019,0.03285874687598573,0.5018532246108228,0.9992592592592593,-0.0048741055526138185,low
primary,is_index_member_lag10,0.006357208310660019,0.03285874687598573,0.5018532246108228,0.9992592592592593,-0.0048741055526138185,low
primary,bond_us_2y_std20,0.0063324777268059206,0.048216952229517086,0.5103969754253308,0.39185185185185184,0.0070952034466478745,low
primary,is_index_member_lag5,0.006282103631346223,0.03234949540997169,0.5033358042994811,0.9992592592592593,-0.003792302478494703,low
primary,n_indexes_lag5,0.006282103631346223,0.03234949540997169,0.5033358042994811,0.9992592592592593,-0.003792302478494703,low
primary,menv_fx_usd_cny_z_accel_lag2,0.006231304571353542,0.048866802868317995,0.5231895850284785,0.9103703703703704,-8.924296908468556e-06,low
primary,eps_lag2,0.0061779859908413365,0.03316378497714267,0.5144766146993318,0.3325925925925926,-0.004404840243257867,low
primary,is_index_member_lag20,0.006154908513287142,0.031871398346284795,0.5003706449221645,0.9992592592592593,-0.005777836184363151,low
primary,n_indexes_lag20,0.006154908513287142,0.031871398346284795,0.5003706449221645,0.9992592592592593,-0.005777836184363151,low
primary,momentum_252d_accel_lag5,0.00614703481578679,0.03575182672635566,0.5096296296296297,1.0,0.002364578170327947,low
primary,north_hold_pct_accel,0.0061265252548116985,0.03920140669124936,0.5150166852057843,0.6659259259259259,0.005455099529292593,low
primary,is_index_member_ma10,0.006101900336749277,0.03142133416614265,0.5055596738324685,0.9992592592592593,-0.004774573675737207,low
primary,n_indexes_ma10,0.006101900336749277,0.03142133416614265,0.5055596738324685,0.9992592592592593,-0.004774573675737207,low
primary,cross_source_agreement_lag3,0.006100105633365025,0.04754847949350899,0.5040770941438102,0.9992592592592593,0.003898954729480448,low
primary,sector_rrg_x_ma20_lag3,0.006096029810646352,0.034975338577083015,0.49925925925925924,1.0,0.0030523961800980083,low
primary,is_index_member_lag2,0.006082018045994594,0.03136773732283651,0.5033358042994811,0.9992592592592593,-0.004584970617965127,low
primary,n_indexes_lag2,0.006082018045994594,0.03136773732283651,0.5033358042994811,0.9992592592592593,-0.004584970617965127,low
primary,is_index_member_ma5,0.006077913403909229,0.0312705797678211,0.5048183839881394,0.9992592592592593,-0.004648096459755498,low
primary,n_indexes_ma5,0.006077913403909229,0.0312705797678211,0.5048183839881394,0.9992592592592593,-0.004648096459755498,low
primary,news_sent_bear_vol_lag2,0.006065594694788159,0.050113189228067394,0.5644171779141104,0.12074074074074075,0.0025633220342438294,low
primary,lhb_is_wave_accel,0.006030300112102725,0.04170956862718133,0.5100671140939598,0.882962962962963,0.0002239293469962477,low
primary,is_index_member_ma20,0.006027364452320546,0.031028400243154865,0.5070422535211268,0.9992592592592593,-0.005297749970350431,low
primary,n_indexes_ma20,0.006027364452320546,0.031028400243154865,0.5070422535211268,0.9992592592592593,-0.005297749970350431,low
primary,n_indexes_lag1,0.0060267768706275,0.03104365210577787,0.5040770941438102,0.9992592592592593,-0.00460954600218403,low
primary,is_index_member_lag1,0.0060267768706275,0.03104365210577787,0.5040770941438102,0.9992592592592593,-0.00460954600218403,low
primary,momentum_252d_accel_lag10,0.006024613281057074,0.034629580780316895,0.5162962962962963,1.0,0.003557356769122285,low
primary,bond_us_10y2y_spread_ma20,0.006010197752803179,0.04491613813754316,0.5181644359464627,0.3874074074074074,0.006690417202000748,low
primary,lhb_net_amount_lag10,0.0060001517865829026,0.042979288122859505,0.5231788079470199,0.5592592592592592,0.0032962401816622063,low
primary,sector_rrg_y_z20_lag10,0.005965821958212403,0.03647417793059246,0.522962962962963,1.0,0.004100995345817442,low
primary,is_zb_lag5,0.0059585751500350476,0.039606521918005594,0.5,0.005925925925925926,0.0013956083606137776,low
primary,board_change_pct_ma10,0.005929871980354677,0.03972271066869974,0.6,0.007407407407407408,-0.009287629630140543,low
primary,board_momentum_max_ma10,0.005929871980354677,0.03972271066869974,0.6,0.007407407407407408,-0.009287629630140543,low
primary,board_momentum_max_ma20,0.005929871980354677,0.03972271066869974,0.6,0.007407407407407408,-0.009287629630140543,low
primary,board_momentum_mean_ma10,0.005929871980354677,0.03972271066869974,0.6,0.007407407407407408,-0.009287629630140543,low
primary,board_momentum_mean_ma20,0.005929871980354677,0.03972271066869974,0.6,0.007407407407407408,-0.009287629630140543,low
primary,board_change_pct_ma20,0.005929871980354677,0.03972271066869974,0.6,0.007407407407407408,-0.009287629630140543,low
primary,is_index_member,0.0059222056066829095,0.030460737406463653,0.5040770941438102,0.9992592592592593,-0.004674572212173368,low
primary,n_indexes,0.0059222056066829095,0.030460737406463653,0.5040770941438102,0.9992592592592593,-0.004674572212173368,low
primary,ann_negative_ratio_lag1,0.0058618882145689034,0.04702998703667285,0.521594684385382,0.44592592592592595,0.003517390651811026,low
primary,menv_fx_usd_cny_z_accel_lag3,0.0058280902153375665,0.04638839957601438,0.5117408906882591,0.9148148148148149,-0.0008765516241450571,low
primary,menv_fx_usd_cny_z_accel,0.005814282068099139,0.046082843340564554,0.5184880854560394,0.9014814814814814,-0.00547069723654521,low
primary,shibor_2W_ma10,0.005806509028343882,0.0413900247052866,0.5207667731629393,0.23185185185185186,0.0067989991876709,low
primary,news_pos_momentum_lag3,0.005796470312103378,0.04908812748612193,0.520242914979757,0.36592592592592593,0.007322812900491861,low
primary,board_change_pct,0.0057924829049413595,0.02166196978478051,0.5,0.0014814814814814814,-0.005007629072602175,low
primary,board_momentum_mean,0.0057924829049413595,0.02166196978478051,0.5,0.0014814814814814814,-0.005007629072602175,low
primary,board_momentum_max,0.0057924829049413595,0.02166196978478051,0.5,0.0014814814814814814,-0.005007629072602175,low
primary,menv_fx_usd_cny_z_z20_lag10,0.005770879394302185,0.04578324563645424,0.5320158102766799,0.937037037037037,-0.0006149906721614618,low
primary,gross_margin_lag3,0.005762868493430147,0.0430635156692792,0.5209713024282561,0.33555555555555555,0.00902810974390772,low
primary,comment_score_lag2,0.0057441821522236135,0.02959108890510654,0.5625,0.035555555555555556,-0.006287761430408226,low
primary,cross_source_agreement_lag1,0.005725543324717574,0.044367664524690535,0.5100074128984433,0.9992592592592593,0.0053048377779954855,low
primary,cross_source_agreement,0.005695586323693202,0.042687253510389336,0.5181616011860638,0.9992592592592593,0.002011489713170373,low
primary,menv_bond_10y2y_spread_ma5_lag5,0.005689984391933827,0.04073630705999394,0.5,0.2311111111111111,-0.005202184473177298,low
primary,menv_shibor_1m_z_ma20_lag1,0.005630876366450267,0.04383563650071577,0.5290269828291088,0.9059259259259259,0.009962748862873263,low
primary,sector_rrg_y_accel_lag2,0.005575504871762492,0.03157101898641089,0.5140740740740741,1.0,0.0030650408954909975,low
primary,menv_us_cn_10y_spread_ma10_lag5,0.005529486602011844,0.0415658464381855,0.5196304849884527,0.3207407407407407,0.006217795561662182,low
primary,menv_bond_10y2y_spread_z20_lag10,0.005516493762647974,0.04214619275141524,0.5158959537572254,0.5125925925925926,-0.0091422997745563,low
primary,news_neg_momentum,0.005507910519564391,0.04556662906919754,0.5296523517382413,0.3622222222222222,0.006190314999909354,low
primary,stock_vs_industry,0.005499056723354108,0.020004440159094115,0.5041014168530947,0.9933333333333333,-0.0014783600344742077,low
primary,premium_pct_wavg_ma20,0.005450245000600435,0.04372434216863903,0.5125925925925926,1.0,0.002934416352495414,low
primary,premium_pct_mean_ma20,0.005450245000600435,0.04372434216863903,0.5125925925925926,1.0,0.002934654605745228,low
primary,news_pos_momentum_lag10,0.005439436908236303,0.049347505491854494,0.5256673511293635,0.36074074074074075,0.0051601191243651244,low
primary,menv_cpi_z_ma10_lag5,0.005416135033794421,0.043547113435340276,0.5177824267782427,0.7081481481481482,-0.0023018783357758453,low
primary,sector_rrg_y_accel_lag1,0.005389457340844342,0.0305535411081265,0.5244444444444445,1.0,0.0017986322589960803,low
primary,shibor_9M_lag5,0.005384336317129379,0.035892677161950645,0.5187165775401069,0.1385185185185185,-0.004252982060636933,low
primary,lhb_is_drop_accel,0.005379819555483245,0.03788873273494663,0.5148833467417538,0.9207407407407407,1.9059338047783866e-05,low
primary,shibor_9M_ma10,0.005369549986124837,0.03828065602129661,0.5161290322580645,0.22962962962962963,-0.004349995063023241,low
primary,sector_rrg_y_accel_lag3,0.005363483805826919,0.030807854229713914,0.52,1.0,0.003236431527005362,low
primary,menv_regime_z_ma5_lag10,0.0053586207515504735,0.04261772016605998,0.5054759898904801,0.8792592592592593,0.006892259008963378,low
primary,sector_rrg_x_ma10_lag5,0.005351478217858331,0.030897090893580118,0.5170370370370371,1.0,0.004067128691637266,low
primary,news_count_momentum_lag3,0.005301670427479093,0.043711568185826395,0.5181451612903226,0.3674074074074074,0.008397439270666572,low
primary,sector_rank_change_ma10,0.005278657754079988,0.031181818328464804,0.5125925925925926,1.0,0.0016875425550899614,low
primary,ind_return_skew_std20,0.005261463800908659,0.03842865104356232,0.5111524163568774,0.3985185185185185,-0.00015994635526163226,low
primary,menv_us_cn_10y_spread_ma20_lag3,0.005244809677913198,0.03941887582757109,0.5092748735244519,0.43925925925925924,0.005410152866287773,low
primary,fx_jpy_cny_lag5,0.005221300068984518,0.03474972230057922,0.5073170731707317,0.15185185185185185,0.00920162935838725,low
primary,sent_agree_neg_accel,0.005217925884276409,0.04313392010247866,0.5133333333333333,1.0,0.008838690314846838,low
primary,menv_fx_usd_cny_z_accel_lag1,0.005194636650897758,0.04124639792457767,0.526573998364677,0.9059259259259259,-0.00016354317844023155,low
primary,news_guba_divergence_lag1,0.005194082431152003,0.04207157795762571,0.5048183839881394,0.9992592592592593,0.005810934692953492,low
primary,menv_us_cn_10y_spread_ma10_lag20,0.005177062642517167,0.03979796201150431,0.5028901734104047,0.5125925925925926,0.003447887207147061,low
primary,consecutive_inflow_10d_accel,0.005168626364098697,0.03552395908859254,0.5148148148148148,1.0,-0.0028085184909129933,low
primary,gross_margin_lag2,0.005157233406361741,0.038375757533367146,0.5189309576837416,0.3325925925925926,-0.0008219740238896798,low
primary,momentum_252d_accel,0.005151280092875079,0.02884901731779607,0.5059259259259259,1.0,0.004407462928576389,low
primary,avg_account_cap_z_ma20,0.00513189200536723,0.04040946926977124,0.5169491525423728,0.1748148148148148,-0.002420065265368811,low
primary,guba_sent_reversal_5d_lag5,0.005126453146105093,0.038369500771010125,0.5074074074074074,1.0,0.0023529707113207864,low
primary,sector_rrg_y_z20_lag5,0.005096104551834886,0.030406531719169308,0.5251851851851852,1.0,0.00312578527567247,low
primary,news_sent_bull_vol_lag5,0.005086481492350237,0.04256727293940195,0.47413793103448276,0.17185185185185184,-0.002090414241404882,low
primary,north_hold_pct_z20,0.005071650957005433,0.026857299511776234,0.5267260579064588,0.6651851851851852,0.002987506898707787,low
primary,menv_cpi_z_ma20_lag2,0.005049109648268241,0.04042070049005049,0.5118811881188119,0.7481481481481481,-0.006824905017947934,low
primary,menv_shibor_1m_z_ma10_lag5,0.0050311137079377425,0.04004012344740594,0.5122156697556866,0.8792592592592593,0.009575339004857875,low
primary,consecutive_inflow_20d_std20,0.005005266192308307,0.04131140491562754,0.5066666666666667,1.0,9.228936246722655e-05,low
primary,guba_sent_accel_lag20,0.004994799194775114,0.04296432115452295,0.5244444444444445,1.0,0.0024571209887876756,low
primary,news_guba_divergence_lag2,0.0049862661276110064,0.04143919047429873,0.5337286879169756,0.9992592592592593,0.0035080247841129232,low
primary,guba_sent_vol_ratio,0.004971043941473981,0.043445280607949804,0.5185185185185185,1.0,0.005332835345062631,low
primary,menv_fx_usd_cny_z_accel_lag5,0.0049536178944273425,0.039541990042672746,0.5277108433734939,0.9222222222222223,0.0021209026941829707,low
primary,sector_rrg_quadrant_accel_lag5,0.00492994242404738,0.030334418749530512,0.5051851851851852,1.0,-0.0018613460658349877,low
primary,sector_rrg_x_z20_lag10,0.00492417526228695,0.030124070685603205,0.5222222222222223,1.0,0.00045031188982934243,low
primary,shibor_1Y_ma5,0.004916635209653426,0.03257370001631838,0.5260115606936416,0.12814814814814815,-0.005814033606402598,low
primary,sector_rrg_x_accel_lag3,0.004877823770116761,0.028375765240087076,0.5044444444444445,1.0,0.0009744668342371262,low
primary,ind_return_skew_lag2,0.004865524485773776,0.031104797335623366,0.5309734513274337,0.0837037037037037,0.0029974452873622196,low
primary,bond_us_10y_lag3,0.004861997882153894,0.030729962241216838,0.5111111111111111,0.1,-0.0028654496902793527,low
primary,momentum_252d_z20_lag1,0.0048212917039354266,0.02748376791678651,0.5111111111111111,1.0,0.0034663866792609913,low
primary,comment_score_lag5,0.004810057797877178,0.022851659457654723,0.5106382978723404,0.03481481481481481,-0.008986140871197248,low
primary,guba_sent_skew_lag10,0.004782389945231694,0.042248959624035826,0.5103703703703704,1.0,0.004524361301457532,low
primary,sector_rrg_x_ma20_lag5,0.004721433594889121,0.02722451118699265,0.5037037037037037,1.0,0.0026433697698043873,low
primary,has_gap_bonus_rmb,0.004685839228078006,0.03671351145559918,0.5164179104477612,0.7444444444444445,0.006460206538683244,low
primary,has_gap_transfer_ratio,0.004685839228078006,0.03671351145559918,0.5164179104477612,0.7444444444444445,0.006460206538683244,low
primary,has_gap_bonus_ratio,0.004685839228078006,0.03671351145559918,0.5164179104477612,0.7444444444444445,0.006460206538683244,low
primary,earnings_quality_lag5,0.004654534488139656,0.03547203476007815,0.5163398692810458,0.34,0.0024076645604308817,low
primary,investor_new_z_std20,0.004646243673747335,0.03690590199588891,0.5038461538461538,0.1925925925925926,-0.005191240782893651,low
primary,stock_vs_industry_z20,0.004641486546091962,0.017598995519704994,0.5107487027427724,0.9992592592592593,-0.0006097467266550527,low
primary,has_gap_dividend_yield,0.004639111735749979,0.036423247903057655,0.5164179104477612,0.7444444444444445,0.0065389550725647935,low
primary,menv_cpi_z_ma20_lag3,0.0046388776458401865,0.03703948869907668,0.512291052114061,0.7533333333333333,-0.008071821342861477,low
primary,fx_usd_cny_accel,0.004618078573272723,0.03483417847881328,0.5251396648044693,0.3977777777777778,0.004356094933882502,low
primary,guba_sent_momentum_5d_lag20,0.004564883980942679,0.03648894129580581,0.5266666666666666,1.0,0.0014831640632813736,low
primary,guba_sent_bear_vol,0.004519938998236615,0.03618264531651115,0.5256887565152644,0.9948148148148148,0.007234015671595391,low
primary,sector_rrg_y_accel_lag10,0.0044964914625259455,0.02592948147813028,0.5059259259259259,1.0,0.0027765144656280733,low
primary,menv_cpi_z_lag10,0.004489740787651113,0.036037418918850705,0.5136612021857924,0.6777777777777778,-0.007567996378988945,low
primary,menv_cpi_z_ma20,0.0044699786656449535,0.03553852555084077,0.5115577889447236,0.737037037037037,-0.004488528505103578,low
primary,fx_gbp_cny_ma20,0.004457013364659019,0.03331913846964487,0.5018587360594795,0.3985185185185185,0.009825953911167893,low
primary,news_sent_x_macd_lag20,0.004408020959310173,0.03941393947073977,0.5303030303030303,0.19555555555555557,-0.0011458105019176048,low
primary,news_sent_vol_ratio_lag20,0.004391691662276134,0.03583066147995269,0.5185185185185185,0.54,0.0020708847997032167,low
primary,sector_rrg_x_ma20,0.004391325075718318,0.024961487157828876,0.5059259259259259,1.0,0.0028387752151278513,low
primary,cpi_yoy,0.004378761812158552,0.02967677828517408,0.6,0.007407407407407408,7.975053657571576e-05,low
primary,momentum_5d_z20_lag5,0.004355554655374509,0.02502681073709987,0.5081481481481481,1.0,-2.9428018301264455e-05,low
primary,stock_vs_industry_ma5,0.004344491091833436,0.01730050288334441,0.5137546468401487,0.9962962962962963,0.0008340165528826657,low
primary,menv_shibor_1m_z_z20_lag1,0.004335859764368384,0.03353204995437864,0.5224856909239575,0.9059259259259259,0.002127419410866524,low
primary,menv_fx_usd_cny_z_z20_lag5,0.004326783731175208,0.034450156962804734,0.5092369477911647,0.9222222222222223,0.0054372567752696875,low
primary,sector_rrg_x_ma20_lag1,0.0043079279564248825,0.02441426876278266,0.5074074074074074,1.0,0.003150511285502638,low
primary,ann_negative_ratio_lag20,0.004286751109638448,0.03497173957880052,0.5190082644628099,0.44814814814814813,0.00529958409912094,low
primary,gross_margin_lag1,0.004284774197442855,0.032033568644772054,0.515695067264574,0.33037037037037037,-0.00877193542979723,low
primary,rank,0.0042625530546296555,0.02408785622838834,0.5044576523031203,0.997037037037037,-0.0008826659043058457,low
primary,consecutive_inflow_5d_accel,0.004262139281849278,0.029753344887277856,0.4925925925925926,1.0,-0.006090290005704363,low
primary,sector_rrg_x_ma20_lag2,0.004259333916185717,0.024260779525905243,0.49037037037037035,1.0,0.003327869182161429,low
primary,momentum_60d_std20_lag2,0.0042045173722706835,0.026254428696016404,0.5162962962962963,1.0,0.008753848605488203,low
primary,menv_bond_10y2y_spread_ma10_lag2,0.004196535465015063,0.030689090263780965,0.481994459833795,0.2674074074074074,-0.003546943818998077,low
primary,sector_rrg_quadrant_lag10,0.004170963694999017,0.026363871944096073,0.5088888888888888,1.0,0.002066354142767594,low
primary,ind_dispersion_20d_lag3,0.004170263370385409,0.026427265899116932,0.5103448275862069,0.10740740740740741,0.0061128369910842095,low
primary,momentum_252d_z20_lag5,0.004165867917550494,0.024502727515216198,0.5162962962962963,1.0,-0.001659817039637743,low
primary,pledge_ratio_accel,0.004136332172160864,0.027872780164263953,0.4945652173913043,0.1362962962962963,-0.008422844970611604,low
primary,menv_regime_z_ma10_lag10,0.004132608676961114,0.03299500400658948,0.5102711585866886,0.9014814814814814,-0.00026796827936755274,low
primary,rank_ma5,0.004091836247075341,0.023217274867660637,0.5014814814814815,1.0,0.003394675753298176,low
primary,sector_rrg_x_lag10,0.004081720416580952,0.023969770028270294,0.5074074074074074,1.0,0.0016512210458040721,low
primary,consecutive_inflow_10d_std20,0.004073732943101785,0.0338231698848291,0.5051851851851852,1.0,0.0038228150743236772,low
primary,sector_rrg_x_ma5_lag1,0.004045594039835676,0.022956159343034705,0.5155555555555555,1.0,0.0012836306637265765,low
primary,sector_rrg_x_lag2,0.0040169096245795295,0.02288313391851145,0.5044510385756676,0.9985185185185185,-0.002168597562913208,low
primary,sector_breadth_z_lag10,0.00399952376445052,0.02237652463490422,0.5125925925925926,1.0,0.008561060117055057,low
primary,sector_rrg_x_z20_lag5,0.003998827261064842,0.024338998112301096,0.5088888888888888,1.0,0.00015037057466001848,low
primary,sector_rrg_x_ma5_lag2,0.003997420759311899,0.02282220293745653,0.5066666666666667,1.0,0.0011873196623077033,low
primary,retail_panic_lag5,0.003981925960365294,0.03464930822559308,0.5396825396825397,0.09333333333333334,0.0006116333466800705,low
primary,menv_us_cn_10y_spread_ma20_lag5,0.003980311919969659,0.02993442689157194,0.5160771704180064,0.46074074074074073,0.005107574269154603,low
primary,n_stocks_accel,0.0039480432059404505,0.022189551047819035,0.5022222222222222,1.0,-0.006968555061211066,low
primary,sector_rrg_x_ma10_lag1,0.00394429402109993,0.022675187495029395,0.5177777777777778,1.0,0.0028190684340362988,low
primary,cross_source_agreement_lag10,0.003936475964003349,0.030865739508700918,0.513713862120089,0.9992592592592593,0.004103137429862309,low
primary,fx_gbp_cny_z20,0.003923303212253153,0.02972125750948962,0.5101663585951941,0.40074074074074073,0.0007848130108880646,low
primary,sector_rrg_quadrant_accel_lag3,0.003921066987315699,0.0238564890937839,0.5155555555555555,1.0,-0.001959999708009298,low
primary,menv_shibor_1m_z_ma5_lag10,0.00391554789793157,0.03093912742167606,0.5096882898062342,0.8792592592592593,0.0029999545423179614,low
primary,guba_sent_reversal_5d_lag20,0.0038791269567515717,0.028417087608948587,0.5125925925925926,1.0,0.0014724957920378488,low
primary,menv_cpi_z_ma20_lag1,0.003857299304074461,0.030795151653141662,0.5074775672981057,0.7429629629629629,-0.005438319582958788,low
primary,news_sent_bear_vol_lag1,0.003848190500715769,0.03296708229903815,0.5182926829268293,0.12148148148148148,-0.005487836729648276,low
primary,news_sent_accel_lag5,0.003839882834926093,0.03172288382204026,0.5147849462365591,0.5511111111111111,0.0038398906143983307,low
primary,menv_shibor_1m_z_ma20_lag3,0.0038238869268373164,0.029976707708942806,0.5206477732793522,0.9148148148148149,0.0083571162798718,low
primary,leader_change_ma20,0.0038190852793814683,0.02116629354202599,0.5044444444444445,1.0,-0.002504105348962692,low
primary,news_sent_x_macd_lag10,0.003810212992276963,0.03155692228837676,0.5367647058823529,0.20148148148148148,0.002994410195086104,low
primary,HN_z_z20,0.003805088053879391,0.02716837347308049,0.4967462039045553,0.3414814814814815,0.0011730899435287775,low
primary,shibor_1Y_lag2,0.003799434081647758,0.02470231840445687,0.514018691588785,0.07925925925925927,-0.005717116805697706,low
primary,has_gap_transfer_ratio_ma10,0.0037543874183131962,0.029537835519738466,0.5223596574690771,0.7785185185185185,0.007765013674815629,low
primary,has_gap_bonus_ratio_ma10,0.0037543874183131962,0.029537835519738466,0.5223596574690771,0.7785185185185185,0.007765013674815629,low
primary,has_gap_bonus_rmb_ma10,0.0037543874183131962,0.029537835519738466,0.5223596574690771,0.7785185185185185,0.007765013674815629,low
primary,shibor_2W_ma20,0.0037498053075689292,0.027821975527668758,0.5018587360594795,0.3985185185185185,-0.002254003416825216,low
primary,news_sent_bull_vol_lag20,0.0037391530878646455,0.034081979714706896,0.4977168949771689,0.1622222222222222,-0.006214900650799107,low
primary,sector_rrg_y_z20_lag3,0.0037388628611203126,0.02218375619682221,0.5088888888888888,1.0,0.00039646897625476054,low
primary,eps_lag5,0.0037298847885515597,0.02007641008131485,0.5098039215686274,0.34,0.008063007515828053,low
primary,has_gap_dividend_yield_ma10,0.003723654412447482,0.029332305128254164,0.5223596574690771,0.7785185185185185,0.00782186606529145,low
primary,guba_sent_skew_lag20,0.0037142168526415288,0.03217887828677744,0.5133333333333333,1.0,0.004749473747946956,low
primary,ann_sentiment_std_lag1,0.0036572582615085887,0.030743012688648205,0.5134408602150538,0.27555555555555555,0.004306401182980581,low
primary,rsqr_20d,0.0036565853301330797,0.024788918756502,0.5155555555555555,1.0,0.0005659850880661571,low
primary,sector_rrg_y_accel,0.0036390232166424942,0.020582101080540417,0.5096296296296297,1.0,-0.00027800641557704307,low
primary,revenue_yoy_lag10,0.0036144663718043024,0.028251574051088506,0.4925373134328358,0.3474074074074074,-0.0024777695273976463,low
primary,sector_rrg_x_lag1,0.003601649724695594,0.02091675102517887,0.5100222717149221,0.9977777777777778,-0.0014391602919253267,low
primary,momentum_5d_accel_lag3,0.003587932414673259,0.02050322978158252,0.49703703703703705,1.0,0.001957535763235564,low
primary,shibor_3M,0.0035857396609177737,0.021890221832743813,0.5263157894736842,0.028148148148148148,-0.004908838618544388,low
primary,ind_pct_up_lag20,0.003584456110745634,0.02657768940321272,0.515370705244123,0.4096296296296296,0.006740476836834595,low
primary,guba_sent_reversal_5d_lag10,0.003515198668178909,0.027406127147474726,0.49925925925925924,1.0,0.0015509573123419398,low
primary,avg_account_cap_z_lag2,0.003503745800667817,0.02542280884963398,0.4782608695652174,0.017037037037037038,-0.003985471427719519,low
primary,sent_agree_neg,0.0035036650781813286,0.028057102227895613,0.512249443207127,0.9977777777777778,0.006448239392552688,low
primary,shibor_9M_lag2,0.0034998353703513934,0.022616786633064864,0.5333333333333333,0.07777777777777778,-0.004141210806476774,low
primary,menv_shibor_1m_z_z20_lag20,0.0034983451478718705,0.027936622948713085,0.5115740740740741,0.96,0.003887914671536194,low
primary,momentum_20d_z20_lag5,0.0034598839704448004,0.020422838847942035,0.5288888888888889,1.0,0.00973262256867244,low
primary,menv_us_cn_10y_spread_accel_lag5,0.003459143352438408,0.02586701764325299,0.5128617363344051,0.46074074074074073,-0.008981417525544702,low
primary,sector_rrg_x_accel_lag5,0.003453435273664685,0.020248792062845185,0.4925925925925926,1.0,-0.0005090491306503723,low
primary,guba_sent_bear_vol_lag3,0.003452528533791316,0.028031020293552707,0.5159851301115241,0.9962962962962963,0.00730252086811439,low
primary,sector_rrg_x_ma5_lag10,0.0034307276713874115,0.019903496303280047,0.5037037037037037,1.0,0.0018749047860809195,low
primary,sector_rrg_quadrant_accel_lag2,0.003430508806706618,0.021081048715955522,0.5074074074074074,1.0,-0.004323871340919109,low
primary,menv_shibor_1m_z_z20_lag2,0.003427227436582223,0.02695093223380863,0.5215622457282343,0.9103703703703704,0.004822899999396972,low
primary,ann_sentiment_mean_ma20,0.0034024356542126074,0.02963071714233838,0.5051851851851852,1.0,0.00041340639626503604,low
primary,ann_sent_bear_vol_accel,0.003392813624515573,0.030288992105755804,0.512249443207127,0.9977777777777778,0.005332359291186168,low
primary,has_gap_bonus_rmb_ma20,0.003372051890195211,0.025757066115398495,0.517304189435337,0.8133333333333334,0.008566486610953446,low
primary,has_gap_transfer_ratio_ma20,0.003372051890195211,0.025757066115398495,0.517304189435337,0.8133333333333334,0.008566486610953446,low
primary,has_gap_bonus_ratio_ma20,0.003372051890195211,0.025757066115398495,0.517304189435337,0.8133333333333334,0.008566486610953446,low
primary,sector_rrg_x_ma5_lag3,0.0033639341542091553,0.019414811124706777,0.52,1.0,0.0019376126308011151,low
primary,HN_z_accel,0.0033622589105783804,0.02465012235241935,0.5041666666666667,0.35555555555555557,0.0011316639769106338,low
primary,volume_ratio_lag2,0.0033546436933557756,0.02573156219436147,0.5081481481481481,1.0,0.004394862210554405,low
primary,has_gap_dividend_yield_ma20,0.0033500516850963184,0.025617534120233106,0.517304189435337,0.8133333333333334,0.008616835942674879,low
primary,shibor_1W_ma20,0.003318832600572261,0.02505533940680023,0.4934579439252336,0.3962962962962963,-0.0054083678846730664,low
primary,sector_rrg_y_z20_lag1,0.00330847518502173,0.019415777023189293,0.5237037037037037,1.0,0.0006191343364078675,low
primary,momentum_60d_z20,0.0033014265341689297,0.018374410645535983,0.5051851851851852,1.0,-0.0048965686516731725,low
primary,north_net_buy_lag1,0.0032579625242242197,0.024470900078606812,0.5088967971530249,0.6244444444444445,0.0007869885536487384,low
primary,margin_stability,0.0032128495735136283,0.025751695457293278,0.5012087026591459,0.9192592592592592,0.0015893252986302637,low
primary,news_attention_z_lag20,0.0032090907264214316,0.02555743570971058,0.5191040843214756,0.5622222222222222,0.001130689426085553,low
primary,rsqr_60d,0.0031976207432216066,0.020837672820706633,0.5007407407407407,1.0,0.002411892008411275,low
primary,news_attention_z_lag3,0.003190935767278591,0.024852942653996676,0.5141752577319587,0.5748148148148148,0.007713169494653567,low
primary,sector_rrg_x_ma10_lag3,0.003189590637772159,0.018384825479484373,0.5125925925925926,1.0,0.0034615540121915914,low
primary,news_guba_divergence,0.0031879301701268513,0.026517246693351648,0.5151964418087472,0.9992592592592593,0.002420611584435404,low
primary,fx_eur_cny_lag3,0.003172069357006785,0.020032688052021276,0.496551724137931,0.10740740740740741,0.004597827908269733,low
primary,menv_cpi_z_ma5_lag3,0.0031627905075014,0.025824788082582498,0.5163841807909605,0.6555555555555556,0.0022038997078261584,low
primary,retail_panic_lag3,0.0031467149932761958,0.02976466573163808,0.5317460317460317,0.09333333333333334,0.0030657711654554537,low
primary,momentum_60d_std20_lag3,0.003123055383220048,0.01957164052048841,0.5037037037037037,1.0,0.009119387455646454,low
primary,menv_bond_10y2y_spread_lag20,0.003090673590789655,0.023556222042059444,0.5080789946140036,0.41259259259259257,0.00868989275993199,low
primary,bond_cn_10y2y_spread_lag20,0.003090673590789655,0.023556222042059444,0.5080789946140036,0.41259259259259257,0.00868989275993199,low
primary,positive_ratio_lag2,0.00308603708715992,0.02532685899081143,0.5109489051094891,0.20296296296296296,0.0031310228075511507,low
primary,menv_shibor_1m_z_ma20_lag2,0.0030844188964293936,0.0241922245369637,0.5215622457282343,0.9103703703703704,0.00911235527615401,low
primary,ind_return_min_lag5,0.003069987566454231,0.02046404038817609,0.5145631067961165,0.15259259259259259,-0.006193520489684981,low
primary,sector_rrg_x_ma10,0.0030672066319066406,0.017471341451927094,0.5088888888888888,1.0,0.0012903803319519256,low
primary,menv_bond_10y2y_spread_accel_lag5,0.0030624479024727647,0.023162038522183768,0.5072463768115942,0.46,-0.00990953157923897,low
primary,sector_rank_change_ma20,0.0030565471397890516,0.017759406203790608,0.5014814814814815,1.0,0.00452348748821966,low
primary,consecutive_inflow_5d_std20,0.003053762921564786,0.025386519141148502,0.5133333333333333,1.0,0.006848074085213598,low
primary,n_stocks_std20,0.0030282531818190237,0.016605486176127806,0.5066666666666667,1.0,0.0009761622568308144,low
primary,ann_sentiment_mean_lag5,0.003021225964472801,0.025856612127884593,0.5238095238095238,0.6066666666666667,-0.0020471022966801968,low
primary,news_count_momentum,0.003007171982525026,0.024606926689109677,0.5150300601202404,0.36962962962962964,0.003235927842916671,low
primary,ind_dispersion_20d_lag5,0.002992396386031131,0.01960477402604255,0.5,0.15259259259259259,-0.0012775138427149647,low
primary,news_sent_extreme_lag2,0.0029880501311083663,0.024208019810813147,0.5268817204301075,0.20666666666666667,0.0016430197161528624,low
primary,news_neg_momentum_lag10,0.0029718370908804028,0.026541166117405715,0.524008350730689,0.3548148148148148,0.004961401216746678,low
primary,ann_positive_ratio_lag3,0.0029665316603560256,0.026343863330134856,0.5,0.35259259259259257,-8.172652404106943e-05,low
primary,menv_bond_10y2y_spread_ma10_lag1,0.0029208608805657604,0.02075758726754094,0.49107142857142855,0.24888888888888888,-0.004013091735596413,low
primary,ann_sentiment_std_accel,0.0029198391169503223,0.026169106355092907,0.5015455950540958,0.9585185185185185,0.004655466377438138,low
primary,market_state_volatile_std20_lag3,0.002913939571733163,0.02926816321477366,0.46153846153846156,0.00962962962962963,0.005757570662440472,low
primary,market_state_volatile_ma20_lag3,0.002913939571733163,0.02926816321477366,0.46153846153846156,0.00962962962962963,0.005757570662440472,low
primary,comment_score_ma10,0.002912922088283936,0.01349300061927743,0.49056603773584906,0.03925925925925926,-0.006769062487116331,low
primary,sector_rrg_x_ma10_lag10,0.0029054120234864745,0.016955837368994284,0.5066666666666667,1.0,0.002063280234314939,low
primary,shibor_1Y,0.0028963865248997364,0.017345421943024207,0.5384615384615384,0.028888888888888888,-0.006558253257179267,low
primary,ann_negative_ratio_lag3,0.0028719674087924005,0.024040942781018863,0.5282392026578073,0.44592592592592595,0.005584663415406186,low
primary,shibor_9M_accel,0.002871284034093732,0.021417670376535348,0.5196261682242991,0.3962962962962963,0.007861929837018812,low
primary,trade_count_accel,0.002857370087290812,0.023388614863027006,0.5055762081784386,0.9962962962962963,0.003786717606705578,low
primary,bond_cn_2y_z20,0.002848715509264547,0.021451423265417824,0.5018518518518519,0.4,0.002032716925586232,low
primary,ind_return_std_lag5,0.002830946403253935,0.018623740488815713,0.5048543689320388,0.15259259259259259,0.0032027335836939037,low
primary,premium_pct_mean_ma10,0.002830341191180015,0.022672047324134633,0.49703703703703705,1.0,0.0005206053285110286,low
primary,premium_pct_wavg_ma10,0.002830341191180015,0.022672047324134633,0.49703703703703705,1.0,0.0005201178009001437,low
primary,rank_ma10,0.002817095658533166,0.0158335018429947,0.4948148148148148,1.0,0.0044065826405886716,low
primary,news_pos_momentum,0.002774173703114286,0.02233741936740118,0.5110663983903421,0.36814814814814817,0.001090273350790663,low
primary,mkt_cap_total_z_std20,0.0027704039073939836,0.0217677407647792,0.49615384615384617,0.1925925925925926,-0.005633426893882144,low
primary,idx_change_30d_accel,0.0027675661421233313,0.016721668457637555,0.5025041736227045,0.4437037037037037,0.004867894400435468,low
primary,sector_rrg_x_lag5,0.0027429486911821625,0.015877099893462424,0.5111111111111111,1.0,0.0016980452458313752,low
primary,profitability_stability_lag3,0.002723697979387058,0.021935057002416318,0.5096296296296297,1.0,-0.0006259330391628484,low
primary,vma_10d,0.0027121949863307565,0.01847859602209677,0.502962962962963,1.0,-0.003618633494593057,low
primary,is_deep_discount,0.0027036498421542333,0.021762746163667968,0.5188679245283019,0.4711111111111111,0.00439143698956684,low
primary,flow_momentum_lag1,0.0026744441584928276,0.017220732463343765,0.5022288261515602,0.997037037037037,-0.00020653608667559279,low
primary,lhb_net_amount_ma10,0.0026659793076634604,0.017913976741203555,0.4899178491411501,0.9918518518518519,-0.0019067457772887636,low
primary,menv_shibor_1m_z_ma20_lag5,0.002651760625482501,0.021014307064744654,0.5156626506024097,0.9222222222222223,0.00710835056945774,low
primary,n_stocks_ma5,0.00261439223998281,0.01373610317679994,0.5,1.0,-0.0014486191723012427,low
primary,shibor_2W_std20,0.0026116939760258764,0.01985518116729316,0.4944237918215613,0.3985185185185185,-0.0053132873979605194,low
primary,negative_ratio_lag2,0.002579944467582335,0.021474546615888514,0.540650406504065,0.18222222222222223,0.006705170910779467,low
primary,sector_rank_change,0.002557074220401211,0.014754377402312549,0.512630014858841,0.997037037037037,0.0022809813395337965,low
primary,ind_pct_up_lag10,0.0025490769058798507,0.01809812402909658,0.49850746268656715,0.24814814814814815,0.008983271899684776,low
primary,has_guba_post_lag20,0.002517777302697173,0.01659484680360318,0.5075642965204236,0.9792592592592593,-0.0016590760405440067,low
primary,momentum_5d_lag5,0.0025018636882298737,0.014275327540850827,0.5074074074074074,1.0,-0.00201041225372663,low
primary,menv_cpi_z_ma5_lag2,0.0025001340121432853,0.020441115401077185,0.5154285714285715,0.6481481481481481,0.0039580090432403785,low
primary,bond_us_30y_lag3,0.002493545999723043,0.015694967496869255,0.49635036496350365,0.10148148148148148,0.004192657963608244,low
primary,north_net_buy_lag10,0.002483492634500274,0.01785972815569151,0.5152941176470588,0.6296296296296297,0.003810211117824409,low
primary,gdp_cn_yoy_lag20,0.002468565440754321,0.0183500342258544,0.5,0.007407407407407408,0.003785998672643444,low
primary,shibor_O_N_lag20,0.002467483833597137,0.018771987664836603,0.5309090909090909,0.4074074074074074,0.0009174848746968279,low
primary,guba_sent_x_macd_lag20,0.002420968533394289,0.020238649410080686,0.5111111111111111,1.0,-0.004639293678170596,low
primary,bond_us_5y_lag5,0.002417781451403295,0.016061762282650438,0.5154639175257731,0.1437037037037037,-0.006443180202738952,low
primary,menv_cpi_z_ma10_lag3,0.0024108118402451292,0.019611519462857007,0.5080042689434365,0.6940740740740741,0.00017886202931931288,low
primary,n_stocks,0.0023946369813128573,0.012566640207318671,0.5,0.997037037037037,-0.0016977491672138705,low
primary,menv_shibor_1m_z_ma10_lag10,0.002393002974868899,0.018643222766293658,0.5135579293344289,0.9014814814814814,0.0019090334614918834,low
primary,menv_cpi_z_ma5_lag1,0.0023761288831102966,0.019293218085289204,0.5196759259259259,0.64,0.007789326890079472,low
primary,guba_sent_vol_ratio_lag20,0.0023753196370551446,0.02041708209835965,0.5088888888888888,1.0,0.0031128835888858926,low
primary,sector_rrg_quadrant_lag3,0.0023661073572726755,0.014461078584390767,0.49962935507783546,0.9992592592592593,-0.005779931899908381,low
primary,menv_cpi_z_ma5,0.0023528689151313936,0.019118208692673628,0.5181711606096131,0.6318518518518519,0.009711267646728269,low
primary,guba_neg_momentum_lag3,0.002352542717317059,0.019911087705759355,0.5081481481481481,1.0,0.008741418714355555,low
primary,profitability_stability_lag5,0.00233870215232355,0.01875038653641328,0.5096296296296297,1.0,0.003974457537787156,low
primary,n_stocks_ma10,0.002320722657728403,0.012202558561015315,0.5,1.0,-0.0001247026024836097,low
primary,shibor_1Y_accel,0.002315690364352446,0.017267085046414065,0.5158878504672897,0.3962962962962963,0.007366554774753472,low
primary,vstd_30d,0.0023143939475765507,0.015252972873568606,0.5237037037037037,1.0,-0.006349782418347098,low
primary,n_stocks_ma20,0.0022744756859718732,0.01195571075411696,0.5022222222222222,1.0,0.0010662548171563235,low
primary,momentum_60d_std20_lag5,0.002274110720702805,0.01430328185736864,0.5074074074074074,1.0,0.008514029595144154,low
primary,guba_positive_ratio_lag20,0.002260305320156819,0.01710879012040485,0.5022222222222222,1.0,-0.0017225283971198369,low
primary,n_indexes_std20,0.0022567057936886676,0.013580034680969386,0.4984126984126984,0.23333333333333334,-0.0021855619811761225,low
primary,sector_rank_change_z20,0.0022551106145919857,0.0133393299833063,0.5222222222222223,1.0,0.0019236956437312346,low
primary,guba_sent_extreme_lag20,0.002243365945800448,0.018822578908459186,0.5096296296296297,1.0,0.0013885332299227598,low
primary,menv_bond_10y2y_spread_accel_lag20,0.0022352029310933417,0.017187827458814503,0.503030303030303,0.6111111111111112,0.008571674974444322,low
primary,guba_sentiment_std_lag20,0.0022203122312121027,0.016412117275476354,0.4918518518518519,1.0,0.0002087605696923501,low
primary,change_ratio_std20,0.0022091160931788693,0.017652562178711483,0.5,0.8725925925925926,-0.00489209867576486,low
primary,menv_shibor_1m_z_z20,0.0022083095728242376,0.017182037582934382,0.5127362366474938,0.9014814814814814,-0.0015846498630425164,low
primary,bond_us_30y_lag5,0.002198551071923351,0.014513293125042825,0.5230769230769231,0.14444444444444443,0.003349285848573453,low
primary,menv_shibor_1m_z_z20_lag10,0.0021784199370964603,0.017179132042476133,0.49881422924901186,0.937037037037037,-0.006048073167731287,low
primary,guba_sentiment_mean_lag20,0.002177428305265712,0.018281637420608364,0.5074074074074074,1.0,-0.002272891492980568,low
primary,consecutive_inflow_10d_z20,0.002173592828513842,0.015055149974400212,0.4918518518518519,1.0,-0.003037658036760443,low
primary,news_attention_z,0.0021721473492718447,0.016698458375492543,0.5070603337612324,0.577037037037037,0.005506230692191169,low
primary,menv_cpi_z_lag5,0.002158862380363077,0.017553487168569783,0.5162037037037037,0.64,0.0023695549030081876,low
primary,momentum_5d_ma5_lag10,0.002148348835929748,0.012175096484792203,0.5066666666666667,1.0,0.009486569816372815,low
primary,lhb_buy_ratio_accel,0.0021438110622779218,0.014336203942314748,0.4888888888888889,1.0,-0.004415598815377224,low
primary,sector_rrg_x_accel_lag1,0.002141944120348623,0.012645504289001533,0.5096296296296297,1.0,-0.00147737924705782,low
primary,menv_m1_m2_spread_std20_lag5,0.002138420299251598,0.016017599989548464,0.4842105263157895,0.35185185185185186,-0.0027927293335517113,low
primary,news_neg_momentum_lag5,0.002112567355775641,0.017633892900923608,0.5206611570247934,0.3585185185185185,0.00022304907960713516,low
primary,menv_regime_z_ma20_lag3,0.0021111955192911914,0.016643193050673806,0.5101214574898786,0.9148148148148149,0.007876009309968002,low
primary,guba_sentiment_mean_lag10,0.002084400785792008,0.01751630668888632,0.5033358042994811,0.9992592592592593,0.0007417153703696164,low
primary,momentum_252d_z20_lag2,0.0020781799886359733,0.011947048834714714,0.5074074074074074,1.0,-0.0019168182538339316,low
primary,guba_net_bullish_lag20,0.002071897070412835,0.017426508854653196,0.5074074074074074,1.0,-0.002699177764243758,low
primary,avg_shares_std20,0.0020601483855212342,0.0161862053193277,0.5038826574633305,0.8585185185185186,-0.007935850945339872,low
primary,retail_panic_lag10,0.0020396577980693305,0.01831853271862322,0.5158730158730159,0.09333333333333334,0.0011588540723204068,low
primary,guba_sent_extreme_lag5,0.0020387849451185065,0.017576665301250825,0.502962962962963,1.0,-0.0016916825824706536,low
primary,rank_ma20,0.0020340256865682966,0.011093157814533539,0.5074074074074074,1.0,0.005508794737042098,low
primary,news_sent_momentum_5d_lag5,0.002031147085254506,0.01784089758967782,0.5155925155925156,0.3562962962962963,-0.0009811193749891744,low
primary,retail_panic_lag20,0.0020076025728129696,0.018735532753077627,0.5158730158730159,0.09333333333333334,0.004690512070625747,low
primary,shibor_O_N_ma5,0.0019911122357437008,0.01302069792355829,0.49142857142857144,0.12962962962962962,-0.007317518747582174,low
primary,guba_sent_vol_ratio_lag1,0.001973002463253046,0.01744949528348268,0.4911111111111111,1.0,0.0017062648308638062,low
primary,sector_rrg_y_z20_lag2,0.0019452494188076466,0.011377872691600118,0.5014814814814815,1.0,0.0008462997385776351,low
primary,sector_rrg_x_ma5,0.0019421422885045447,0.01111346444913563,0.5044444444444445,1.0,-0.0016568060794205182,low
primary,sent_agree_neg_ma5,0.0019331593229481258,0.014313465739263996,0.49333333333333335,1.0,0.006564879551007835,low
primary,guba_net_bullish_lag5,0.0019273548785770048,0.015715216101246494,0.5107487027427724,0.9992592592592593,0.00038678605316867874,low
primary,has_gap_is_vc_backed_ma20,0.001917005051293404,0.015835742042807043,0.5195035460992907,0.8355555555555556,0.008805130779307715,low
primary,has_gap_able_shares_ma20,0.001917005051293404,0.015835742042807043,0.5195035460992907,0.8355555555555556,0.008805130779307715,low
primary,has_gap_free_ratio_ma20,0.001917005051293404,0.015835742042807043,0.5195035460992907,0.8355555555555556,0.008805130779307715,low
primary,has_gap_free_shares_ma20,0.001917005051293404,0.015835742042807043,0.5195035460992907,0.8355555555555556,0.008805130779307715,low
primary,has_gap_unlock_return_30d_ma20,0.001917005051293404,0.015835742042807043,0.5195035460992907,0.8355555555555556,0.008805130779307715,low
primary,shibor_3M_lag3,0.0019040339789396712,0.01217132606305915,0.5267175572519084,0.09703703703703703,-0.004918701081976817,low
primary,sector_rrg_x_lag3,0.0018665569943907684,0.010626966116001947,0.507783543365456,0.9992592592592593,-8.788886664676689e-05,low
primary,guba_net_bullish_lag10,0.0018418470721332772,0.015449236530643437,0.5018532246108228,0.9992592592592593,0.0005389661410534902,low
primary,shibor_1M_ma20,0.0018292536875362795,0.013813768807561846,0.49812734082397003,0.39555555555555555,-0.005414669344676281,low
primary,guba_sentiment_mean_lag5,0.0018290512499465731,0.014935312867852452,0.5070422535211268,0.9992592592592593,0.0004507926320242919,low
primary,menv_fx_usd_cny_z_ma5_lag20,0.0017920073227141238,0.014041245494383589,0.5084337349397591,0.9222222222222223,0.0008637481354195474,low
primary,menv_cpi_z_ma10_lag2,0.0017880428637905088,0.014467033788253751,0.5026968716289104,0.6866666666666666,0.001857030566287224,low
primary,ann_negative_ratio_ma5,0.0017796288752469488,0.01459622970306111,0.5033333333333333,0.8888888888888888,0.004604433539248901,low
primary,profitability_stability_lag1,0.0017685278051072276,0.014351024134059007,0.5059259259259259,1.0,-0.0019282300821020337,low
primary,shibor_2W_lag3,0.0017056809675508316,0.010743143334519922,0.5310344827586206,0.10740740740740741,0.009777524737675214,low
primary,sector_rrg_x_z20_lag1,0.0016881362708915995,0.010192348364113275,0.5051851851851852,1.0,-0.0017221104333628853,low
primary,shibor_O_N_ma20,0.001687855164281885,0.01280748994543051,0.4944029850746269,0.397037037037037,-0.0006998621138008122,low
primary,sector_rrg_x_ma5_lag5,0.0016835487207892685,0.009784555825704555,0.5103703703703704,1.0,0.0040623233556512225,low
primary,profitability_stability_lag2,0.0016684758749628212,0.013447239820031048,0.5051851851851852,1.0,-0.0015702217054287342,low
primary,lhb_net_amount_lag5,0.001661903020269874,0.011124378260797207,0.506631299734748,0.5585185185185185,0.0007801218413738267,low
primary,has_guba_post,0.0016509286674250701,0.010846036661677045,0.5076804915514593,0.9644444444444444,0.0010141929506217637,low
primary,lhb_is_drop_lag3,0.001632153646086441,0.011097898952661783,0.5129151291512916,0.20074074074074075,0.00318184618842425,low
primary,guba_sent_bear_vol_lag1,0.001631401339897795,0.013620216858784949,0.5126488095238095,0.9955555555555555,0.0038801384282293114,low
primary,fx_gbp_cny_lag20,0.0016265878776296624,0.012058359648823368,0.5017921146953405,0.41333333333333333,0.008676362247624659,low
primary,menv_m1_m2_spread_z20_lag20,0.0016048246341164338,0.012335386158196049,0.5162393162393163,0.43333333333333335,0.005441742006433334,low
primary,ann_negative_ratio_lag10,0.0016047705581351687,0.012956497016512702,0.5082781456953642,0.4474074074074074,-0.0004978175269848565,low
primary,momentum_60d_accel_lag20,0.0016000528571630548,0.0092678556229158,0.49407407407407405,1.0,-0.00880676379774888,low
primary,guba_sent_momentum_5d_lag5,0.001590560985048662,0.01249813971931541,0.5148148148148148,1.0,0.0018186959376631426,low
primary,bond_us_30y_std20,0.0015887966485303075,0.011624512406641467,0.49624060150375937,0.3940740740740741,-0.0053125096596559045,low
primary,sector_rrg_quadrant_accel_lag1,0.0015762632235931974,0.009852944385844704,0.5096296296296297,1.0,-0.0038285088760595847,low
primary,has_guba_post_lag3,0.001569745557796355,0.010381679074966225,0.5176380368098159,0.965925925925926,-0.001091517212704915,low
primary,news_attention_z_lag10,0.0015645047873120979,0.012288814764384544,0.5123537061118335,0.5696296296296296,0.006293900581253159,low
primary,menv_us_cn_10y_spread_z20_lag10,0.0015617921388740178,0.011777953879999158,0.5115606936416185,0.5125925925925926,0.0009711094703833557,low
primary,menv_fx_usd_cny_z_ma5_lag1,0.0015514639243700246,0.011992149377849788,0.49733570159857904,0.8340740740740741,0.0009747221697329191,low
primary,sector_rrg_x_accel,0.0015478152697089543,0.009133235825722756,0.5081481481481481,1.0,-0.0021213756171251236,low
primary,lhb_present_accel,0.0015477873742446514,0.010397940353508004,0.4888888888888889,1.0,-0.004743486627374023,low
primary,sector_rrg_quadrant_ma5_lag3,0.0015466084958972867,0.009655575040805709,0.5155555555555555,1.0,-0.0052698626158566445,low
primary,sector_rrg_x_accel_lag2,0.0015098887010908434,0.008837091053529752,0.5,1.0,-0.000972910706567118,low
primary,sector_rrg_x_z20_lag2,0.0015084126752501529,0.009140650089176545,0.502962962962963,1.0,-0.0007539263864170473,low
primary,lhb_net_amount_lag20,0.001481848366165629,0.011148190431111458,0.5013333333333333,0.5555555555555556,-0.0011269755844418416,low
primary,down_count_ma20,0.0014770299208551566,0.00800675200934971,0.4911111111111111,1.0,-0.0005171542248943115,low
primary,lhb_net_amount_accel,0.0014640861215635056,0.010175756715341929,0.5133333333333333,1.0,2.287787986274416e-05,low
primary,bond_us_2y_lag5,0.0014415050800081727,0.009412527052091476,0.5027027027027027,0.13703703703703704,-0.005869267212910362,low
primary,menv_cpi_z_ma5_lag5,0.0014403966487305175,0.011687162528455456,0.4983425414364641,0.6703703703703704,0.00474471734543504,low
primary,sector_rrg_quadrant_accel,0.0014360771574313629,0.008989340635370241,0.5051851851851852,1.0,-0.007152149768904303,low
primary,rank_z20,0.001434236330162523,0.008339317819810874,0.5088888888888888,1.0,-0.0019536715201389104,low
primary,pledge_margin_dist_accel,0.0014296293900515986,0.01021662252490136,0.5044444444444445,1.0,0.007961770057429523,low
primary,ann_sentiment_std_ma5,0.00142712666637609,0.012086317122118209,0.5133267522211253,0.7503703703703704,0.00617909811910989,low
primary,menv_regime_z_ma10_lag20,0.0014217161058760713,0.011057220431144283,0.5051383399209486,0.937037037037037,-0.005241806727738092,low
primary,menv_cpi_z_std20_lag10,0.0014179430626443403,0.011478205906051725,0.5033050047214354,0.7844444444444445,-0.004647599782014825,low
primary,sector_breadth_z_lag1,0.0013937644248822665,0.007856499046074614,0.5003711952487008,0.9977777777777778,-0.005638849458022635,low
primary,temporary_impact_ma20,0.0013726185863670163,0.011116757558443326,0.5140740740740741,1.0,-0.0019926200385990784,low
primary,down_count_ma5,0.0013713964615036226,0.007424360420190754,0.4888888888888889,1.0,0.008936669824239301,low
primary,ann_sentiment_mean_ma10,0.001364230495367698,0.011385911098264319,0.5018698578908003,0.9903703703703703,-0.0020152559851283397,low
primary,sf_total_z20,0.0013375373800564871,0.010121869375651397,0.5181818181818182,0.24444444444444444,0.007260059943608188,low
primary,sector_rrg_x_ma10_lag2,0.0013330721820749881,0.007686939281184462,0.5059259259259259,1.0,0.003089549365246625,low
primary,shibor_1W_accel,0.001325527656802715,0.009873470001016512,0.5177570093457944,0.3962962962962963,0.0025759510479185046,low
primary,menv_cpi_z_ma10,0.0013208897824423047,0.010812502773638969,0.503858875413451,0.6718518518518518,0.006715245495106439,low
primary,sector_rrg_quadrant_z20_lag5,0.0013179886332986882,0.008030550401996298,0.49925925925925924,1.0,-0.0003787020606112526,low
primary,sector_rrg_quadrant_ma5_lag10,0.0013159882576380159,0.008164941786539547,0.5125925925925926,1.0,0.0024990216044732515,low
primary,news_count_momentum_lag5,0.0012961687912503158,0.010706342876595915,0.5344129554655871,0.36592592592592593,-0.0016446855043667028,low
primary,has_guba_post_lag1,0.0012957202245411543,0.008489628083627255,0.5026861089792786,0.9651851851851851,-0.0023377956371502377,low
primary,flow_z_lag1,0.001292747476334704,0.008317214651675542,0.4985141158989599,0.997037037037037,-0.00051666386596081,low
primary,menv_us_cn_10y_spread_std20_lag5,0.0012755176175580226,0.009715280422597382,0.5096463022508039,0.46074074074074073,-0.005673892375662245,low
primary,ann_sent_bear_vol_ma5,0.0012687173741236831,0.010383921886372521,0.5041876046901173,0.8844444444444445,0.00418309401847017,low
primary,has_guba_post_lag10,0.0012564156033853585,0.008201052128344101,0.5144817073170732,0.9718518518518519,-0.0028359359636832933,low
primary,sent_agree_pos_std20,0.0012467936076973048,0.008651034852450182,0.5007407407407407,1.0,0.00011198054144749281,low
primary,bond_us_10y2y_spread_std20,0.0012445228186068937,0.00919547254078028,0.4876190476190476,0.3888888888888889,0.003046965531139245,low
primary,margin_stability_lag1,0.001239505410930349,0.0098774265419464,0.502815768302494,0.9207407407407407,0.00498396499771317,low
primary,profitability_stability,0.0012183345602596435,0.009891945283040713,0.5066666666666667,1.0,-0.0020536082345682183,low
primary,negative_ratio_accel,0.001216925989463697,0.010080115834055922,0.5,0.5762962962962963,0.007476332988221115,low
primary,menv_m1_m2_spread_lag5,0.001214490682480222,0.008557317410830656,0.5,0.035555555555555556,0.006784694661702029,low
primary,sector_rrg_quadrant_ma10_lag5,0.0012014856567570435,0.007591029611775855,0.5044444444444445,1.0,6.078780340892158e-05,low
primary,guba_sent_bull_vol_lag20,0.0012012058634029937,0.009494084112264038,0.5,1.0,-0.0025390223553549336,low
primary,pledge_count_20d_lag10,0.0011831540368404181,0.008420830080401868,0.4975609756097561,0.9111111111111111,0.0035160635530171788,low
primary,sector_rrg_y_z20,0.0011625836259290302,0.006903672762427622,0.5155555555555555,1.0,-0.003016110363636934,low
primary,volume_ratio_lag3,0.0011587540866049664,0.008742969241836698,0.48814814814814816,1.0,-0.0037096764798466722,low
primary,shibor_1M_accel,0.0011478982979524258,0.008609749998308963,0.5214953271028038,0.3962962962962963,0.005392654940125924,low
primary,sector_breadth_z_ma10,0.0011368718920830086,0.006437610052992821,0.4985185185185185,1.0,-0.009801428515504943,low
primary,momentum_5d_ma5_lag3,0.0011362621136879218,0.006393632441659898,0.502962962962963,1.0,-0.002865855586508913,low
primary,menv_us_cn_10y_spread_std20_lag20,0.0010961085245371433,0.0083086288935997,0.5060532687651331,0.6118518518518519,0.005701919193995349,low
primary,ind_return_mean_z20,0.0010791000965581358,0.007988093887874276,0.49256505576208176,0.3985185185185185,0.008710465331464603,low
primary,sector_rrg_y_accel_lag5,0.0010771829274743407,0.006243040782802173,0.5088888888888888,1.0,0.002580151504382898,low
primary,ann_negative_ratio,0.0010722807115829233,0.009056383809075167,0.5124792013311148,0.4451851851851852,0.003219886944165447,low
primary,menv_fx_usd_cny_z_ma20_lag20,0.0010694031616992174,0.008321414378492667,0.5061728395061729,0.96,0.0099361911733864,low
primary,bond_us_10y,0.0010687149373591852,0.006298009035327576,0.48717948717948717,0.028888888888888888,-0.0040698269299715515,low
primary,up_count_ma20,0.0010657311921513965,0.005778710453244253,0.4955555555555556,1.0,-0.000584940121589673,low
primary,ind_return_min_lag20,0.0010529094392730226,0.007768637654037453,0.49016100178890876,0.4140740740740741,-0.005705534290370203,low
primary,guba_sent_momentum_5d_lag3,0.0010488982967764495,0.008256975307648348,0.5103703703703704,1.0,4.184646061636873e-05,low
primary,menv_fx_usd_cny_z_z20_lag2,0.0010450139516476483,0.008201774151384745,0.4979658258746949,0.9103703703703704,0.00030226365009205223,low
primary,menv_shibor_1m_z_ma5_lag20,0.0010422878729903233,0.008187834507774569,0.5060240963855421,0.9222222222222223,0.008719826332697207,low
primary,has_guba_post_ma5,0.0009936942336585225,0.00659448742615442,0.5052950075642966,0.9792592592592593,0.006679035225489691,low
primary,menv_fx_usd_cny_z_z20_lag3,0.0009932178380342243,0.007875603758541854,0.4987854251012146,0.9148148148148149,-0.0008054376962688275,low
primary,guba_sent_volume_lag10,0.0009799259553077684,0.008163611613593283,0.4966641957005189,0.9992592592592593,-0.00041764994732780314,low
primary,sector_rrg_quadrant_lag5,0.0009631053605443801,0.0060082265856721394,0.5081481481481481,1.0,-0.0014021639881594623,low
primary,profit_yoy_lag20,0.0009508920484631486,0.007182018217664658,0.5041322314049587,0.3585185185185185,0.001068780117033701,low
primary,ann_sent_bear_vol,0.0009460689358749776,0.007976932314529105,0.5167785234899329,0.4414814814814815,0.003508790520038389,low
primary,menv_cpi_z_std20_lag20,0.0009460478574072234,0.007719591447333661,0.5193868349864743,0.8214814814814815,0.002645481015849232,low
primary,ind_return_max_lag20,0.0009434239148080034,0.007023127534006814,0.5044722719141324,0.4140740740740741,0.00748122914144333,low
primary,PCRC_accel,0.0009416718368341811,0.007064250477175992,0.50625,0.35555555555555557,0.0026464977118821013,low
primary,volume_ratio_lag10,0.0009306965261112604,0.0073167454925777186,0.5074074074074074,1.0,-0.00342040179329193,low
primary,change_num_accel,0.000928316411752168,0.007313572606431732,0.5101289134438306,0.4022222222222222,0.0012524878701533134,low
primary,rsqr_30d,0.0009261600103731725,0.00606276162349791,0.5007407407407407,1.0,-0.0018952149001869195,low
primary,ann_sentiment_mean_lag2,0.0009234637762415251,0.007892654947373035,0.4993894993894994,0.6066666666666667,0.0033988109158649238,low
primary,growth_quality_lag10,0.0009167442565048511,0.007275392675326214,0.509594882729211,0.3474074074074074,-0.0015188695447431264,low
primary,bonus_ratio_accel,0.000906411185257617,0.0076940291050168075,0.4948453608247423,0.07185185185185185,0.006903180665304611,low
primary,bond_cn_2y_std20,0.0009046384248576565,0.0067532136004776425,0.48608534322820035,0.39925925925925926,0.008218163309526228,low
primary,margin_stability_lag2,0.0009023414396097451,0.0072146806222175555,0.5044176706827309,0.9222222222222223,0.00784269940405615,low
primary,has_guba_post_lag5,0.0008993757697587416,0.005951592286981727,0.5191424196018377,0.9674074074074074,-0.008720033680097172,low
primary,consecutive_inflow_20d_accel,0.0008632269221274524,0.005707636472040215,0.5007407407407407,1.0,0.003911715931042109,low
primary,bonus_ratio_std20,0.0008629202809229016,0.00732496538228127,0.5257731958762887,0.07185185185185185,0.006431554335841264,low
primary,ann_sentiment_std_ma10,0.0008626126162884195,0.0073850372300005365,0.5070892410341952,0.8881481481481481,0.0038952218275873527,low
primary,leader_change_ma10,0.0008388263813813858,0.004680047248426208,0.5,1.0,-0.0016566054917042277,low
primary,earnings_quality_lag20,0.0008353714902617493,0.006589376662942493,0.4834710743801653,0.3585185185185185,-0.0043781750825345285,low
primary,shibor_3M_ma20,0.000823341704612637,0.0062751471624831875,0.5200764818355641,0.3874074074074074,-0.007009367929029585,low
primary,momentum_5d_ma10_lag5,0.0008150765712429502,0.004516980964556896,0.5051851851851852,1.0,0.008990323879350528,low
primary,menv_us_cn_10y_spread_std20_lag3,0.0007971094470775832,0.005887876470743959,0.4873524451939292,0.43925925925925924,-0.007732058279486509,low
primary,sent_agree_neg_std20,0.0007834027818545364,0.005529163847881392,0.48444444444444446,1.0,0.002812732346568543,low
primary,guba_sent_volume_lag20,0.0007490850557499597,0.0062924920127171765,0.5007407407407407,1.0,-0.003135618336704793,low
primary,premium_pct_mean,0.0007436460447577375,0.005860545789142232,0.4962797619047619,0.9955555555555555,-0.004509730895750596,low
primary,premium_pct_wavg,0.0007436460447577375,0.005860545789142232,0.4962797619047619,0.9955555555555555,-0.0045093635964060415,low
primary,consecutive_inflow_20d_z20,0.0007279519682079312,0.004771239861037442,0.48518518518518516,1.0,0.002439096033601607,low
primary,news_guba_ratio_lag2,0.0007214908302143569,0.005737951392143388,0.5173611111111112,0.21333333333333335,-0.005124065357015445,low
primary,sector_rrg_quadrant_z20_lag3,0.0006757416612449001,0.004085696618567957,0.5044444444444445,1.0,-0.00465382190908217,low
primary,holder_num_std20,0.0006694891283545122,0.004591023631102721,0.4764705882352941,0.5037037037037037,-0.009044601530845521,low
primary,momentum_252d_z20_lag3,0.0006660109036138273,0.0037745849415890924,0.5088888888888888,1.0,-0.0056313083432581994,low
primary,ann_positive_ratio_lag5,0.0006549766248148783,0.005689447594616375,0.4936708860759494,0.3511111111111111,0.00013684744421350753,low
primary,sector_rrg_quadrant_ma10_lag3,0.0006448685816616813,0.004092705560519315,0.5044444444444445,1.0,-0.002854149980470669,low
primary,leader_change,0.0006404764298905311,0.003773609057058564,0.4962852897473997,0.997037037037037,-0.0014611899967484111,low
primary,shibor_1Y_ma10,0.0006304957359736162,0.00448935074559626,0.5161290322580645,0.22962962962962963,-0.006090688756689307,low
primary,menv_regime_z_ma5_lag20,0.0006258644271740896,0.00478988237725221,0.5060240963855421,0.9222222222222223,-0.004364340364792624,low
primary,is_deep_discount_ma5,0.0006034181750528623,0.0048880601198302495,0.509009009009009,0.6577777777777778,-0.00023420284989278438,low
primary,has_guba_post_lag2,0.0005733171655758205,0.0037749050309396686,0.5023006134969326,0.965925925925926,0.006964544079700365,low
primary,ann_positive_ratio_lag2,0.0005622295974120524,0.004970431234457921,0.49159663865546216,0.35259259259259257,0.000898309774557061,low
primary,dv_intensity_20d_accel,0.0005536490324815582,0.004577143778136003,0.4884836852207294,0.7718518518518519,-0.0008655740787530999,low
primary,sector_rrg_quadrant_ma10_lag1,0.0005405106104384604,0.0034088627590734954,0.502962962962963,1.0,-0.005799885457442328,low
primary,menv_cpi_z_ma10_lag1,0.0005390189437032736,0.004409490182737378,0.49727371864776443,0.6792592592592592,0.005296985195297051,low
primary,ind_matched_return_lag2,0.0005247329319685224,0.0018968410861435322,0.5152643335815339,0.9948148148148148,-0.0031887987036587806,low
primary,menv_regime_z_ma20_lag10,0.0005171495345380186,0.004023130261941443,0.5019762845849802,0.937037037037037,-0.004940908776442421,low
primary,sector_rrg_quadrant_ma5_lag1,0.0005125548347057169,0.0032069792230375377,0.5059259259259259,1.0,-0.0065213475768097825,low
primary,north_net_buy_ma5,0.0004997239443201132,0.0035026925829594754,0.5090497737556561,0.6548148148148148,-0.002910670361443406,low
primary,sent_agree_neg_ma20,0.00046628026221457515,0.003257745946346042,0.49333333333333335,1.0,0.0031981571854404174,low
primary,guba_sent_reversal_5d,0.0004439005561465918,0.003367761390886609,0.4955555555555556,1.0,0.0019915632045412975,low
primary,shibor_1M_z20,0.00044354191438809566,0.00343821638288205,0.5016891891891891,0.43851851851851853,0.006614621620525754,low
primary,comment_score_lag10,0.00043144817646685065,0.001910996651069233,0.47619047619047616,0.03111111111111111,0.006550193697004905,low
primary,margin_trend_4q_lag10,0.00043058437386054286,0.0031610554333411024,0.5051851851851852,1.0,0.005653713761956844,low
primary,menv_fx_usd_cny_z_ma10,0.0004005038884428312,0.003148923648630085,0.49220103986135183,0.8548148148148148,-0.0030905880628213714,low
primary,momentum_60d_accel,0.0003656707992320049,0.002022867525174644,0.49703703703703705,1.0,-0.0018672444105509796,low
primary,roe_accel_lag20,0.0003380092319974909,0.0022186844971541775,0.5059259259259259,1.0,0.0023025038331771605,low
primary,has_recent_dividend_ma5,0.00033107044101658543,0.0024737510186595923,0.4925925925925926,1.0,0.00681902547774959,low
primary,momentum_60d_accel_lag10,0.0003244225999794327,0.001848005804820661,0.5177777777777778,1.0,0.00659897969448067,low
primary,market_state_normal_std20_lag2,0.00032381070168567187,0.0027288980185826484,0.6153846153846154,0.00962962962962963,0.002431880639798863,low
primary,market_state_normal_ma20_lag2,0.00032381070168567187,0.0027288980185826484,0.6153846153846154,0.00962962962962963,0.002431880639798863,low
primary,fx_eur_cny_lag2,0.0003211167168647077,0.002039293854595218,0.49557522123893805,0.0837037037037037,0.005191156997097372,low
primary,shibor_2W_lag20,0.00031121160792979395,0.002325577238696956,0.5116696588868941,0.41259259259259257,-0.0041599009073687064,low
primary,bond_us_10y2y_spread_ma5,0.0003089695215851754,0.002024891125277399,0.5059523809523809,0.12444444444444444,0.0071720515166266985,low
primary,pcf_ttm_lag2,0.0003012745762076751,0.002471677512528782,0.5040770941438102,0.9992592592592593,-0.0035725759468490472,low
primary,cross_source_agreement_lag5,0.0002958983962572954,0.0022913798894623073,0.502594514455152,0.9992592592592593,-0.0007274408316005037,low
primary,sector_rrg_quadrant_ma20,0.0002946826352595783,0.001840441168624629,0.5,1.0,-0.0037366311221587816,low
primary,shibor_3M_lag2,0.0002804661998233566,0.0018143096870531876,0.5196078431372549,0.07555555555555556,-0.004628432711510829,low
primary,momentum_20d_accel_lag2,0.0002734015164799213,0.0015810839432399463,0.5074074074074074,1.0,0.009664792181278564,low
primary,sector_rrg_quadrant_ma5,0.0002716081271038334,0.0016957817082997014,0.5059259259259259,1.0,-0.008374836214952936,low
primary,cross_source_agreement_lag20,0.0002611590798171271,0.001971412295473649,0.5044444444444445,1.0,-0.00047116293792273596,low
primary,lhb_is_sustained_accel,0.0002540982006499467,0.0016773659680590454,0.48737566947207345,0.9681481481481482,0.0020474841564196203,low
primary,sector_rrg_x_ma20_lag10,0.0002466856862452008,0.001455841118390897,0.49037037037037035,1.0,-0.0005052092664038164,low
primary,news_sent_bull_vol_lag2,0.00024518569163625915,0.0019790085957153815,0.4723404255319149,0.17407407407407408,0.0011246911288042226,low
primary,sector_rrg_quadrant_ma10_lag10,0.0002403774696101016,0.0014961950265000405,0.4948148148148148,1.0,7.720486593719784e-05,low
primary,pledge_count_20d_lag20,0.00019284170319431676,0.0013635987738894126,0.4812398042414356,0.9081481481481481,0.006061048547314863,low
primary,bond_us_2y_ma20,0.0001858345480862494,0.0014091909282756795,0.5047801147227533,0.3874074074074074,-0.005869874507592158,low
primary,pledge_count_20d_lag1,0.0001788502236240085,0.001272135796368102,0.49349593495934957,0.9111111111111111,0.00046345285683110156,low
primary,menv_fx_usd_cny_z,0.0001650544055887201,0.0012943874037785552,0.49074074074074076,0.8,-0.005938524601855859,low
primary,sector_rrg_quadrant_ma5_lag2,0.00015279976804330797,0.0009505838281621104,0.5081481481481481,1.0,-0.008047695067776774,low
primary,dv_count_20d_accel,0.00013319303917678818,0.0011044787511125854,0.4952015355086372,0.7718518518518519,-0.000804216500663976,low
primary,change_ratio_accel,0.00012611471637567862,0.0009977324450251266,0.5101289134438306,0.4022222222222222,0.00217399609558615,low
primary,sent_agree_neg_ma10,0.00011204661139118382,0.0008089623934224294,0.48444444444444446,1.0,0.0033780081817910536,low
primary,guba_sent_momentum_5d_lag10,0.00011198150899294574,0.0008610043327246121,0.49333333333333335,1.0,0.0004835590821114247,low
primary,comment_score_ma20,0.00010173974435124213,0.0004517924858801093,0.49056603773584906,0.03925925925925926,-0.006558108106059564,low
primary,north_net_buy_lag20,9.85825425064411e-05,0.0007230501655673559,0.5069767441860465,0.6370370370370371,0.006705829691653045,low
primary,has_recent_dividend_ma20,9.72704799992142e-05,0.0007206785720955251,0.49037037037037035,1.0,0.004873822865765907,low
primary,sector_rrg_x_z20,9.370839598092205e-05,0.0005716898158379696,0.5088888888888888,1.0,-0.0035576392647874338,low
primary,has_recent_dividend_ma10,9.013343056450164e-05,0.0006700637411812903,0.48518518518518516,1.0,0.005271753433320503,low
primary,profitability_stability_lag10,8.266996316967594e-05,0.0006620926909307711,0.5007407407407407,1.0,-0.0029970684918481415,low
primary,sector_rrg_quadrant_ma10_lag2,8.255378179029088e-05,0.0005217555749256993,0.5133333333333333,1.0,-0.004270605580401784,low
primary,menv_shibor_1m_z_std20_lag10,7.950662690289252e-05,0.0006368408276950091,0.49881422924901186,0.937037037037037,0.006760132289182241,low
primary,rank_accel,7.937207436156878e-05,0.000459568229768451,0.4918518518518519,1.0,0.002536918948528785,low
primary,pcf_ttm_lag1,4.3592726429371895e-05,0.0003580708052223905,0.5055596738324685,0.9992592592592593,-0.003823552377988297,low
primary,pcf_ttm_lag3,3.9199090414722837e-05,0.0003225971842739548,0.5063009636767977,0.9992592592592593,-0.0038966827039453268,low
primary,leader_change_ma5,2.4905898294414825e-05,0.00014056137187484451,0.5044444444444445,1.0,-0.005933419601496884,low
primary,main_ratio_accel,1.1095004685572402e-05,7.05125954885343e-05,0.48962962962962964,1.0,-0.00858470991361463,low
primary,main_net_accel,1.1095004685572402e-05,7.05125954885343e-05,0.48962962962962964,1.0,-0.00858473843005975,low
primary,pledge_count_20d_lag2,9.102159526021428e-06,6.416162933412896e-05,0.4991869918699187,0.9111111111111111,-0.001725871485284296,low
primary,menv_fx_usd_cny_z_ma5_lag5,6.754653880209862e-06,5.269953566807261e-05,0.4982668977469671,0.8548148148148148,-0.005053080207435182,low
primary,vma_5d,5.879847100803322e-06,4.20059678887113e-05,0.49925925925925924,1.0,-0.006937310742757612,low
primary,ann_sentiment_std_lag20,5.447648535420628e-06,4.6999165750824566e-05,0.48517520215633425,0.2748148148148148,0.0015780367512532175,low
primary,volume_ratio,-5.879847100803322e-06,-4.20059678887113e-05,0.5007407407407407,1.0,0.006937310742757612,low
primary,menv_shibor_1m_z_z20_lag3,-8.321644010977678e-06,-6.541417158952749e-05,0.5141700404858299,0.9148148148148149,0.005810407789485552,low
primary,menv_us_cn_10y_spread_z20,-1.8444408400888643e-05,-0.00013774913044601082,0.48141263940520446,0.3985185185185185,-0.007135459901230079,low
primary,momentum_5d_ma10_lag2,-4.5865034069511076e-05,-0.0002490674590008472,0.5037037037037037,1.0,-0.002964705283565887,low
primary,ann_sent_x_macd,-5.7564020312737745e-05,-0.0004842618950786074,0.5061274509803921,0.6044444444444445,0.0023534498452504656,low
primary,menv_fx_usd_cny_z_lag1,-7.037651132124174e-05,-0.0005410749949945198,0.4908256880733945,0.8074074074074075,0.0018300733171755692,low
primary,pledge_count_20d_accel,-7.466496571409349e-05,-0.0005309643584391709,0.5085501858736059,0.9962962962962963,-0.0049940294942034495,low
primary,HN_z_std20,-8.438297320559821e-05,-0.0006989810501566382,0.5012942191544435,0.8585185185185186,-0.00851352268732112,low
primary,sector_rrg_quadrant_ma5_lag5,-8.922221902560423e-05,-0.0005698452974825499,0.5007407407407407,1.0,-0.0020539924899860983,low
primary,pledge_count_20d_lag3,-0.00011103889657582621,-0.0007749698390560854,0.4983739837398374,0.9111111111111111,-0.0016293473013507273,low
primary,guba_neg_momentum_lag2,-0.00011317460218343357,-0.0009917505171995827,0.49703703703703705,1.0,0.000284484937000409,low
primary,pcf_ttm,-0.00012359620029945371,-0.0010146887472688546,0.507783543365456,0.9992592592592593,-0.0033682014855047166,low
primary,menv_shibor_1m_z_lag10,-0.00012569260031702775,-0.0009850031677343717,0.5,0.8592592592592593,0.00711237724191661,low
primary,has_recent_dividend,-0.00014419364465720854,-0.0010804443790567264,0.4907338769458858,0.9992592592592593,0.004475730080572532,low
primary,menv_cpi_z_lag3,-0.0001457980836392578,-0.0011839537913014904,0.5071258907363421,0.6237037037037036,0.0033746125115988942,low
primary,momentum_20d_accel_lag10,-0.0001487162463553063,-0.0008681960882536782,0.49703703703703705,1.0,-0.002265169993361599,low
primary,menv_fx_usd_cny_z_ma5_lag2,-0.00016692009834861767,-0.0012891238721181363,0.48631950573698146,0.8392592592592593,-0.00040398220544727843,low
primary,guba_neg_momentum_lag20,-0.00018619240863616788,-0.0015838686398263696,0.5014814814814815,1.0,0.005649099650133016,low
primary,investor_new_num_std20,-0.00021618426134786126,-0.0016763267969948767,0.49387755102040815,0.1814814814814815,-0.004192142762567568,low
primary,stock_vs_industry_lag5,-0.00021865508665543822,-0.0007874441272971061,0.5081723625557206,0.997037037037037,0.006764202229877568,low
primary,momentum_5d_ma10_lag3,-0.0002191234292440635,-0.0012016137619866797,0.49777777777777776,1.0,0.0026760577178339953,low
primary,menv_regime_z_accel,-0.00022310320723002009,-0.0017799259998957273,0.4987674609695974,0.9014814814814814,0.009576032179873448,low
primary,flow_momentum_lag20,-0.00023982503671031715,-0.0016554902061840823,0.5003706449221645,0.9992592592592593,0.008752419355399344,low
primary,fx_gbp_cny_accel,-0.0002493916843040033,-0.001888360091101376,0.5,0.3985185185185185,2.7390644119499457e-06,low
primary,sector_rrg_x,-0.00026811791736531187,-0.0015388778989612283,0.4933135215453195,0.997037037037037,-0.007651700301179182,low
primary,temporary_impact_ma10,-0.00026855343355825943,-0.0021908232288556373,0.5022222222222222,1.0,-0.002698068931647772,low
primary,board_momentum_mean_accel_lag1,-0.0002711155593803549,-0.002559560216675425,0.6666666666666666,0.006666666666666667,0.0002130315621359272,low
primary,board_momentum_max_accel_lag1,-0.0002711155593803549,-0.002559560216675425,0.6666666666666666,0.006666666666666667,0.0002130315621359272,low
primary,menv_regime_z_std20,-0.0002787138831893167,-0.002188324124757872,0.4938373048479869,0.9014814814814814,-0.008774342297647777,low
primary,bond_cn_2y_ma20,-0.00028914179230760383,-0.0021683077209548257,0.5130111524163569,0.3985185185185185,-0.006492514820647434,low
primary,PCRC_std20,-0.0002906614745679558,-0.0022414131140700093,0.4918032786885246,0.8585185185185186,-0.007913804818092684,low
primary,shibor_2W_lag10,-0.00029344362953985097,-0.002105924960466013,0.4822485207100592,0.25037037037037035,-0.005038294195890003,low
primary,sector_rrg_quadrant_ma10,-0.0003042145839257849,-0.0019135426175742583,0.5,1.0,-0.007194376203338445,low
primary,lhb_net_amount_lag2,-0.00031121068305092466,-0.0019993091252640312,0.49800796812749004,0.5577777777777778,-0.003366106913799504,low
primary,ann_positive_ratio_ma20,-0.00031975859199227845,-0.002730031458055849,0.5060240963855421,0.9837037037037037,-0.0015652036693628699,low
primary,ann_positive_ratio_std20,-0.00032163812636169445,-0.0027472508121166215,0.5052710843373494,0.9837037037037037,-0.0015110968006575446,low
primary,has_guba_post_ma10,-0.0003378969325108966,-0.0022696647422653315,0.5056264066016504,0.9874074074074074,0.0002670527976918684,low
primary,idx_change_30d_std20,-0.0003489990959375681,-0.0021330903898879477,0.49248747913188645,0.4437037037037037,-0.002315015677191086,low
primary,ann_sent_bull_vol_ma20,-0.00035394095494170174,-0.0030183984353508676,0.5007530120481928,0.9837037037037037,-0.0011518911681550467,low
primary,news_sent_reversal_5d_lag2,-0.00036207848578833984,-0.0030170821609792715,0.48148148148148145,0.28,-0.004170994425327541,low
primary,guba_sent_volume_lag5,-0.0003680232927654566,-0.0029579501370146522,0.4966641957005189,0.9992592592592593,-0.00132174421773016,low
primary,menv_regime_z_lag20,-0.0003699007706920597,-0.002897717103468929,0.4987735077677841,0.9059259259259259,-0.00654934947530329,low
primary,flow_intensity_lag3,-0.0003968576723272139,-0.0031031342603825792,0.5178041543026706,0.9985185185185185,-0.0017918460802799983,low
primary,ann_sent_bull_vol_std20,-0.0004108939887182818,-0.003502980840370787,0.5022590361445783,0.9837037037037037,-0.0012812937237707885,low
primary,lhb_net_amount,-0.00041820774110631057,-0.002591382637302293,0.5046728971962616,0.5548148148148148,-0.0010136138615013917,low
primary,menv_m1_m2_spread_std20_lag20,-0.00041920493540761574,-0.0033035070075492345,0.5024711696869851,0.44962962962962966,-0.0014373070338571832,low
primary,menv_m1_m2_spread_std20_lag3,-0.0004204415393060014,-0.0031262559088240283,0.46846846846846846,0.3288888888888889,-5.417208583148314e-05,low
primary,ind_matched_return_lag20,-0.0004264883787357809,-0.0016031845765352686,0.48332097850259453,0.9992592592592593,0.005190573842886336,low
primary,premium_pct_wavg_ma5,-0.00043582862630214055,-0.0034455207414067677,0.48332097850259453,0.9992592592592593,-0.0032713970062824556,low
primary,premium_pct_mean_ma5,-0.00043582862630214055,-0.0034455207414067677,0.48332097850259453,0.9992592592592593,-0.003271357595520601,low
primary,news_pos_momentum_lag20,-0.0004399752472162804,-0.0038572778843497355,0.5115303983228512,0.35333333333333333,0.002401145344997233,low
primary,guba_sent_bear_vol_lag5,-0.0004530254229000252,-0.0038340979098972737,0.4899628252788104,0.9962962962962963,0.0004921438463048878,low
primary,momentum_20d_accel_lag1,-0.0004662643600113929,-0.00268563433875894,0.49703703703703705,1.0,0.007973401919795805,low
primary,menv_regime_z_z20_lag1,-0.00046913549037272585,-0.003753566231546607,0.5020441537203598,0.9059259259259259,0.002912033069603122,low
primary,flow_z_z20,-0.0004896498645126797,-0.003011262553315272,0.49037037037037035,1.0,0.008969347040163275,low
primary,sector_rrg_x_z20_lag3,-0.0004923321956361304,-0.0029556453962809016,0.5133333333333333,1.0,-0.002736795754512586,low
primary,dividend_yield_accel,-0.0005115246923364208,-0.004248353774594307,0.49571836346336823,0.7785185185185185,-0.0028042506714347636,low
primary,shibor_1Y_ma20,-0.0005141451162090054,-0.003858170728477807,0.4934579439252336,0.3962962962962963,-0.007093078824809617,low
primary,ind_dispersion_20d_lag10,-0.0005380501967776126,-0.003823930650983312,0.47928994082840237,0.25037037037037035,-0.0020649394768818786,low
primary,guba_sent_vol_ratio_lag2,-0.0005491013137901124,-0.00475483424990467,0.49407407407407405,1.0,-0.0009390780424430647,low
primary,n_stocks_z20,-0.0005852337092705046,-0.0033720407996391893,0.4918518518518519,1.0,-0.004876293678904973,low
primary,sector_rrg_quadrant_lag1,-0.0006086124001643981,-0.0037893700415814915,0.49888641425389757,0.9977777777777778,-0.006287043568074909,low
primary,sector_rrg_quadrant_ma20_lag1,-0.0006224173835823492,-0.003901613026041051,0.49777777777777776,1.0,-0.0030137009581348686,low
primary,bonus_rmb_accel,-0.0006313002381460632,-0.005214073684886252,0.4938154138915319,0.7785185185185185,-0.0027404855240077,low
primary,guba_pos_momentum_lag20,-0.0006321013924216535,-0.005617936078661233,0.4925925925925926,1.0,-0.00032538861338006486,low
primary,menv_regime_z_ma20_lag5,-0.0006997965519608811,-0.00539314950000677,0.5004016064257029,0.9222222222222223,0.0041355442316166205,low
primary,momentum_60d_std20_lag10,-0.0007015622441173542,-0.004416868124982308,0.5044444444444445,1.0,0.0099694491667604,low
primary,roe_accel_lag3,-0.0007211264351752887,-0.004706958572091754,0.4962962962962963,1.0,0.004114738995336546,low
primary,guba_attention_z_lag20,-0.0007338737059670366,-0.006043640388884461,0.5022222222222222,1.0,0.0019268666121565984,low
primary,flow_momentum_z20,-0.0007558342729430636,-0.004652898269150384,0.4888888888888889,1.0,0.008807459767637582,low
primary,pe_ttm_lag20,-0.0007724022699346838,-0.005740316966966338,0.49777777777777776,1.0,-0.00999139307040381,low
primary,flow_z_ma10,-0.0007840651463918799,-0.0050228115302333315,0.5007407407407407,1.0,-0.004546748373109636,low
primary,momentum_20d_z20_lag1,-0.0007973660585960783,-0.00460588116431042,0.5,1.0,0.00825949338343201,low
primary,roe_accel,-0.0008281522947457651,-0.005473803961820321,0.5,1.0,0.0020733672463956513,low
primary,guba_sent_vol_ratio_lag10,-0.0008297198682092658,-0.006960926753897557,0.4925925925925926,1.0,-0.001519161838340153,low
primary,sector_rrg_x_ma20_lag20,-0.0008350085164749533,-0.004937349683164355,0.4948148148148148,1.0,-0.004526653526123238,low
primary,menv_shibor_1m_z_ma20_lag10,-0.0008396070767790132,-0.0066271097530746165,0.500395256916996,0.937037037037037,0.006402662743790956,low
primary,roe_accel_lag2,-0.0008495494806507775,-0.0055700374719303315,0.5022222222222222,1.0,0.0035746041012615372,low
primary,ann_sentiment_mean_lag3,-0.0008495740396675265,-0.00707294476368295,0.4835164835164835,0.6066666666666667,-0.0034833223099121134,low
primary,guba_positive_ratio_lag10,-0.0008510328763520471,-0.006602367365711324,0.502594514455152,0.9992592592592593,-0.0013134725401195636,low
primary,total_amount_accel,-0.0008610530254559332,-0.0067663471538326634,0.5051851851851852,1.0,0.0027305170253751725,low
primary,shibor_6M_ma20,-0.000869175135607669,-0.0065190898422200425,0.5,0.3940740740740741,-0.006383859542658221,low
primary,flow_momentum_ma10,-0.000877207803683003,-0.005608867196671115,0.5014814814814815,1.0,-0.004797782678628011,low
primary,menv_regime_z_std20_lag1,-0.000884567358785128,-0.007082381406095489,0.49059689288634506,0.9059259259259259,-0.008719639593594977,low
primary,bond_us_10y_std20,-0.0009031857129942795,-0.006880484271460995,0.4887640449438202,0.39555555555555555,-0.004674289869549922,low
primary,main_ratio,-0.000908563142089453,-0.005421717101926284,0.5085501858736059,0.9962962962962963,0.006370492684441317,low
primary,main_net,-0.000908563142089453,-0.005421717101926284,0.5085501858736059,0.9962962962962963,0.006370492684441317,low
primary,news_attention_z_lag5,-0.000921662647108974,-0.007100040410598257,0.4974160206718346,0.5733333333333334,0.0025503879675051752,low
primary,menv_shibor_1m_z_ma20_lag20,-0.0009233268114491296,-0.007242868145265645,0.5115740740740741,0.96,0.008760178523434314,low
primary,guba_sent_bull_vol_lag5,-0.0009657047672250699,-0.007498601275010409,0.5003706449221645,0.9992592592592593,-0.001547732290638509,low
primary,ann_sent_x_macd_accel,-0.000968821846644792,-0.008494479149931287,0.5133333333333333,1.0,0.0006508425248191161,low
primary,momentum_5d_ma5_lag5,-0.0009707805858813211,-0.0052679592166787964,0.5037037037037037,1.0,0.0014949533303118007,low
primary,PCRC_z20,-0.000985289614953218,-0.007099108208778099,0.49891540130151846,0.3414814814814815,0.002195970933521902,low
primary,menv_shibor_1m_z_std20_lag3,-0.0009985541930597652,-0.007794662494080679,0.5012145748987854,0.9148148148148149,-0.009018869668509986,low
primary,menv_bond_10y2y_spread_ma10_lag10,-0.0010466138390458851,-0.007861233018872524,0.4869402985074627,0.397037037037037,0.006483386285379519,low
primary,premium_pct_wavg_accel,-0.001052440708963027,-0.008438815426806237,0.4911111111111111,1.0,-0.006578616593578337,low
primary,premium_pct_mean_accel,-0.001052981061379029,-0.008443160127359253,0.4911111111111111,1.0,-0.006582425491499709,low
primary,ann_positive_ratio_lag10,-0.0010576862343955585,-0.009350933299678217,0.502127659574468,0.34814814814814815,-0.007397133863801105,low
primary,guba_sent_vol_ratio_lag5,-0.001087275855481637,-0.009268955427305072,0.48592592592592593,1.0,-0.0011320802208893992,low
primary,news_sent_skew_lag5,-0.0010951341826189163,-0.008871243489022516,0.5026881720430108,0.5511111111111111,-0.004923275290905473,low
primary,news_sent_skew_lag3,-0.001151436458302344,-0.009380567119844627,0.4932975871313673,0.5525925925925926,-0.005648499345118091,low
primary,menv_fx_usd_cny_z_ma10_lag1,-0.0011516063630723481,-0.008988578769877964,0.49440137812230833,0.86,-0.003141587988840628,low
primary,news_sent_momentum_5d_lag10,-0.0011803654956760597,-0.009934403821649734,0.48739495798319327,0.35259259259259257,-0.007020697450950969,low
primary,ann_sent_x_roc20_accel,-0.0012026171035880292,-0.010329934276687266,0.48444444444444446,1.0,-0.0014009385854742604,low
primary,cb_0_accel_lag1,-0.001215646016429502,-0.006523236866852958,0.5555555555555556,0.006666666666666667,-0.0038079316109416173,low
primary,shibor_1W_lag20,-0.001225053745759614,-0.009152495281454592,0.4946236559139785,0.41333333333333333,-0.000527872911087636,low
primary,momentum_5d_ma10_lag1,-0.0012317841168459074,-0.006710412228027504,0.49333333333333335,1.0,-0.007952805142892757,low
primary,menv_fx_usd_cny_z_ma5_lag10,-0.0012338741799654005,-0.009633150756537178,0.489469250210615,0.8792592592592593,-0.00904432057570147,low
primary,menv_fx_usd_cny_z_lag10,-0.001237511223987435,-0.00970783884102612,0.5004314063848145,0.8585185185185186,-0.0021443861716477926,low
primary,ann_sent_x_macd_ma5,-0.0012644011873623787,-0.01053355747148336,0.5027237354085603,0.9518518518518518,-0.0011494141549256522,low
primary,momentum_60d_accel_lag1,-0.0012695232218089278,-0.006997843304541862,0.4948148148148148,1.0,0.0031645113495546275,low
primary,shibor_1M_lag10,-0.0012729758680932802,-0.009135028504110245,0.476038338658147,0.23185185185185186,-0.0055892102805932195,low
primary,roe_accel_lag1,-0.0012835275508299667,-0.008441978042474133,0.5014814814814815,1.0,0.0029125144421676234,low
primary,shibor_O_N_lag10,-0.0012968234775956788,-0.009347563969029674,0.49544072948328266,0.2437037037037037,0.003945210173000141,low
primary,menv_fx_usd_cny_z_ma5,-0.0013122852145195704,-0.010240783210772668,0.48300536672629696,0.8281481481481482,-0.00012144167996117737,low
primary,flow_intensity_lag1,-0.0013135186421006611,-0.009753126574764886,0.49405646359583955,0.997037037037037,-0.00028383492666699054,low
primary,ann_positive_ratio_lag20,-0.0013334623523520593,-0.011603449138940637,0.4978540772532189,0.3451851851851852,0.0021396568324949664,low
primary,guba_sent_bull_vol_lag10,-0.001339312475054622,-0.010878001990016744,0.4951816160118606,0.9992592592592593,-0.0025302608579976706,low
primary,menv_fx_usd_cny_z_lag3,-0.0013468822969299838,-0.010431904377856883,0.48104693140794225,0.8207407407407408,0.0011099842333483797,low
primary,shibor_1W_lag5,-0.0013532407624083779,-0.008883350870082388,0.5024390243902439,0.15185185185185185,-0.0015951912401980677,low
primary,pledge_count_20d,-0.0013564035223469942,-0.00962950397546841,0.491869918699187,0.9111111111111111,-0.0008577792214998514,low
primary,guba_neg_momentum_lag1,-0.0013650235690604324,-0.011204296149958996,0.5037037037037037,1.0,-0.002028838459154618,low
primary,sector_rrg_quadrant_std20_lag10,-0.0013754469706983748,-0.008596751952531836,0.4985185185185185,1.0,0.0030160643218243755,low
primary,momentum_60d_z20_lag10,-0.001383478014055887,-0.007936576634035594,0.49925925925925924,1.0,0.004074781987985762,low
primary,dividend_yield_std20,-0.0013860126815084,-0.010910092644039089,0.48405253283302063,0.7896296296296297,-0.0022655340912641105,low
primary,shibor_1M_lag20,-0.0013875904547367053,-0.01039048617920156,0.5,0.39111111111111113,-0.004491413136811795,low
primary,sector_rrg_y_z20_lag20,-0.0013918054180841481,-0.008330871799263083,0.5022222222222222,1.0,0.0026522164956739036,low
primary,ann_sent_x_roc20_ma20,-0.0013955183739573266,-0.01248094820493999,0.49037037037037035,1.0,-0.0004994592818125962,low
primary,news_sent_skew_lag2,-0.0014029980296150911,-0.011395404786654878,0.48460508701472554,0.5533333333333333,-0.004935182391979863,low
primary,guba_pos_momentum_lag5,-0.0014253264923993212,-0.012855314755520462,0.5,1.0,-0.004996066155517185,low
primary,margin_stability_lag20,-0.0014433684736214186,-0.011548374421948443,0.4984101748807631,0.9318518518518518,0.007707323280529099,low
primary,momentum_252d_accel_lag20,-0.0014511203602132169,-0.008498205981250893,0.49407407407407405,1.0,-0.007146599336128644,low
primary,sector_rrg_quadrant_ma20_lag3,-0.0014523086892436283,-0.00919585488968114,0.5014814814814815,1.0,-0.001859537932206537,low
primary,momentum_60d_z20_lag20,-0.001460467232559515,-0.008330349731320446,0.49703703703703705,1.0,-0.00911966236030578,low
primary,news_guba_divergence_lag20,-0.0014607520926985687,-0.012322071737562619,0.49333333333333335,1.0,0.0012415133585771867,low
primary,menv_fx_usd_cny_z_lag20,-0.0015020768058650283,-0.0115678314433624,0.48976248976248976,0.9044444444444445,-0.0007591099629392936,low
primary,momentum_252d_std20_lag20,-0.0015045169971446253,-0.008985827056346452,0.5007407407407407,1.0,-0.00047461523332526607,low
primary,menv_bond_10y2y_spread_ma10_lag20,-0.0015221800523071505,-0.011832405073719597,0.4797101449275362,0.5111111111111111,0.0012621531868583164,low
primary,news_neg_momentum_lag1,-0.0015261733891789764,-0.012615045074190052,0.5102459016393442,0.36148148148148146,-1.3990509917248344e-05,low
primary,momentum_20d_z20,-0.0015306387072669314,-0.008575551320495416,0.5118518518518519,1.0,0.00502565297276153,low
primary,main_net_ma10,-0.001536206367272104,-0.009428417521056907,0.5088888888888888,1.0,-0.009244149174517144,low
primary,main_ratio_ma10,-0.001536206367272104,-0.009428417521056907,0.5088888888888888,1.0,-0.009244149174517144,low
primary,main_ratio_z20,-0.0015379803306029892,-0.009261714241640238,0.48814814814814816,1.0,0.009148878866573182,low
primary,main_net_z20,-0.0015379803306029892,-0.009261714241640238,0.48814814814814816,1.0,0.009148878866573182,low
primary,menv_bond_10y2y_spread_ma5_lag20,-0.001539581875945815,-0.011710118555091307,0.4895330112721417,0.46,0.004095025473832869,low
primary,ann_sentiment_std_ma20,-0.001575923159871632,-0.013525460649600777,0.49149922720247297,0.9585185185185185,0.0016214803123165767,low
primary,ann_sentiment_std_std20,-0.0015832899610795247,-0.013594426609487655,0.4899536321483771,0.9585185185185185,0.0016676725276520779,low
primary,news_count_momentum_lag20,-0.0015860159203139965,-0.013797854147995645,0.49269311064718163,0.3548148148148148,0.0009812098270195106,low
primary,has_guba_post_ma20,-0.001593106687124766,-0.01085456088972225,0.5011169024571854,0.9948148148148148,-0.0033050673240555503,low
primary,menv_m1_m2_spread_ma5_lag10,-0.0016087505126792555,-0.012134415115010995,0.45695364238410596,0.11185185185185186,0.003289232126892564,low
primary,news_attention_z_lag1,-0.0016275097274522999,-0.012632568978028495,0.5,0.5762962962962963,0.005177533418000004,low
primary,temporary_impact_accel,-0.0016351677614502955,-0.013200068356077753,0.49777777777777776,1.0,-0.004290320969829823,low
primary,flow_market_cap_adj_z20,-0.001635770666894064,-0.009871987828076741,0.48962962962962964,1.0,0.008993123138417238,low
primary,ann_sent_x_macd_ma10,-0.001640077892664943,-0.013941190752301243,0.500374531835206,0.9888888888888889,-0.0022507578823879226,low
primary,bonus_rmb_std20,-0.0016411165910278501,-0.01286317389031143,0.49535315985130113,0.797037037037037,-0.0015060375276952454,low
primary,ind_return_max_lag10,-0.001645463208296141,-0.011781132796722184,0.47633136094674555,0.25037037037037035,0.0003594939908910494,low
primary,negative_ratio_lag10,-0.001650811457755284,-0.014496560216242007,0.49159663865546216,0.17629629629629628,-0.0011751988110674234,low
primary,news_guba_divergence_lag5,-0.0016548837295414325,-0.013637584849635696,0.4899925871015567,0.9992592592592593,-0.00028127612109913046,low
primary,bond_cn_2y_accel,-0.0016975549688971086,-0.01279727935979653,0.4888475836431227,0.3985185185185185,0.0063351875584738175,low
primary,guba_count_momentum_lag20,-0.0017009744941765494,-0.014410321656443877,0.4911111111111111,1.0,0.0038028222962432343,low
primary,ind_return_std_lag1,-0.0017016134061883848,-0.010195605583092049,0.48717948717948717,0.057777777777777775,-0.00341680865219291,low
primary,sector_rrg_quadrant_ma20_lag2,-0.0017098976731475374,-0.010789766865257759,0.4948148148148148,1.0,-0.0024647848436405505,low
primary,guba_sent_bear_vol_lag20,-0.001709936779250572,-0.014370538188758764,0.48068350668647847,0.997037037037037,0.0027496245028099235,low
primary,ann_sent_x_macd_std20,-0.0017108079707538692,-0.01412502591274696,0.48074074074074075,1.0,-0.0007374041318606614,low
primary,m2_yoy_z20,-0.0017204009265887215,-0.012907220813738508,0.48255813953488375,0.2548148148148148,-0.0043886303372493995,low
primary,ann_sent_bull_vol_accel,-0.0017209067412800112,-0.014694707390673023,0.5007530120481928,0.9837037037037037,0.0013050476212965194,low
primary,menv_fx_usd_cny_z_ma20_lag2,-0.0017234843303235606,-0.013546974850562908,0.4808787632221318,0.9103703703703704,-0.006296878383344047,low
primary,pledge_count_20d_ma20,-0.0017288660801294455,-0.012110990990609473,0.49405646359583955,0.997037037037037,0.003831381474424933,low
primary,pledge_count_20d_ma10,-0.0017300754298145648,-0.012141804103696746,0.5071915215745647,0.9785185185185186,0.001334939638865407,low
primary,momentum_20d_accel_lag20,-0.0017400326906177857,-0.010020821958942461,0.4955555555555556,1.0,-0.0096949948567985,low
primary,guba_sent_vol_ratio_lag3,-0.0017405198626528782,-0.014548221609129655,0.5051851851851852,1.0,-0.0006071538220876017,low
primary,ann_sentiment_mean_lag10,-0.001746989107241287,-0.014614382953127942,0.4902439024390244,0.6074074074074074,-0.0054318130726273214,low
primary,ann_sentiment_mean_std20,-0.0017678935071762378,-0.014588795908359644,0.48,1.0,-0.0007794397120597595,low
primary,flow_intensity_lag20,-0.001774196987128485,-0.013686753293917407,0.4936990363232024,0.9992592592592593,-0.0024955639774535744,low
primary,investor_new_num_ma20,-0.0017809579546124975,-0.013957337468268518,0.4957627118644068,0.1748148148148148,-0.008755907199380932,low
primary,pledge_count_20d_std20,-0.0017848399180398508,-0.012490049728614599,0.4944237918215613,0.9962962962962963,0.0034008358868060033,low
primary,sector_rrg_quadrant_std20_lag5,-0.001794681962796271,-0.010791942526665314,0.49777777777777776,1.0,0.009243538222616457,low
primary,sector_rrg_x_z20_lag20,-0.001812169404175658,-0.010695414555296288,0.49037037037037035,1.0,0.00253564883782069,low
primary,menv_fx_usd_cny_z_std20_lag10,-0.0018277523870939441,-0.014567544120205249,0.500395256916996,0.937037037037037,0.005298251607654363,low
primary,news_sent_extreme_lag10,-0.0018393519091937775,-0.015775735264641755,0.49264705882352944,0.20148148148148148,-0.0055073500031338814,low
primary,ann_sent_x_roc20_std20,-0.0018492142315344796,-0.015278931568985618,0.4822222222222222,1.0,-0.0007758612495078406,low
primary,shibor_6M_ma5,-0.0018579716091174717,-0.012303932330454459,0.5,0.1259259259259259,-0.0046706618775280585,low
primary,pledge_count_20d_lag5,-0.001858770153846152,-0.01299255288168228,0.4959349593495935,0.9111111111111111,-0.0019628342774757083,low
primary,guba_disagreement_lag20,-0.001877514683227592,-0.014203095962172571,0.48518518518518516,1.0,-0.000377480552076042,low
primary,momentum_20d_accel,-0.0018873237255729513,-0.01089032178656363,0.48592592592592593,1.0,0.006083563020980757,low
primary,pcf_ttm_lag20,-0.001898085901712612,-0.01568245632728455,0.502594514455152,0.9992592592592593,-0.005752430172540847,low
primary,guba_pos_momentum,-0.0019005149676794252,-0.01641293348127633,0.4918518518518519,1.0,0.001732868049160128,low
primary,margin_stability_lag10,-0.0019030450548220253,-0.01517375584823011,0.4824561403508772,0.9288888888888889,0.003668940476550148,low
primary,m1_yoy_lag10,-0.0019033879654308395,-0.013534449863754176,0.4603174603174603,0.04666666666666667,0.002891419046951684,low
primary,news_sent_volume_lag20,-0.0019162516032518585,-0.016847694217775475,0.4696969696969697,0.19555555555555557,-0.003786057159451315,low
primary,roe_accel_lag5,-0.0019180505185232752,-0.012453996858461481,0.49925925925925924,1.0,0.003771825013729656,low
primary,guba_positive_ratio_lag5,-0.001932963932143252,-0.014611968815049812,0.4951816160118606,0.9992592592592593,-0.003532245773106358,low
primary,menv_fx_usd_cny_z_z20_lag1,-0.0019386731803292178,-0.015074984411855674,0.49959116925592806,0.9059259259259259,-0.002376447468770933,low
primary,pcf_ttm_lag5,-0.0019514191737391407,-0.01586629157427348,0.5033358042994811,0.9992592592592593,-0.005497591162922376,low
primary,sent_consensus_std20,-0.0019531780111515414,-0.013863678680970664,0.482962962962963,1.0,0.0004002243800693913,low
primary,sector_rrg_quadrant_lag2,-0.001959731369005614,-0.011891262818653226,0.491839762611276,0.9985185185185185,-0.009973654755553129,low
primary,temporary_impact_ma5,-0.0019633010165527242,-0.015544151952067355,0.5059259259259259,1.0,-0.004645633822920173,low
primary,ann_sentiment_mean_ma5,-0.001970171222274254,-0.01637715052771846,0.49455676516329705,0.9525925925925925,-0.0027262767540892578,low
primary,free_ratio_std20,-0.001976335007226188,-0.016373416727089033,0.4778368794326241,0.8355555555555556,0.0035349506921401354,low
primary,shibor_6M_ma10,-0.0019785115270667384,-0.0140551571606458,0.495114006514658,0.22740740740740742,-0.004734168911291867,low
primary,guba_sent_accel_lag10,-0.0019814231727842565,-0.01683579732821827,0.49407407407407405,1.0,-0.002746250581105386,low
primary,news_sent_vol_ratio_lag2,-0.0019816024017076644,-0.01602895245096425,0.499330655957162,0.5533333333333333,0.002954060700698923,low
primary,pledge_count_20d_ma5,-0.0019903373437594753,-0.013942920198503062,0.49609375,0.9481481481481482,-0.0029978917267506336,low
primary,shibor_1W_lag3,-0.0019910939259936925,-0.012477358919435126,0.5069444444444444,0.10666666666666667,-0.0012978195619797895,low
primary,ann_sent_x_roc20_ma5,-0.0020159471880171437,-0.017382584960751107,0.5007776049766719,0.9525925925925925,-0.001649043177630544,low
primary,sector_breadth_z_ma20,-0.002033556054901215,-0.011212325372065152,0.5007407407407407,1.0,0.0023437542146274673,low
primary,able_shares_ma20,-0.0020345201943841916,-0.016842028160539545,0.4787234042553192,0.8355555555555556,0.00346325689288168,low
primary,fx_jpy_cny_ma10,-0.002040240237948011,-0.014649512946899925,0.48242811501597443,0.23185185185185186,0.008823635523494777,low
primary,sector_rrg_quadrant_z20_lag1,-0.0020411178293929166,-0.012529846214418161,0.48592592592592593,1.0,-0.0047209417987816,low
primary,sentiment_mean_lag20,-0.0020521826092341723,-0.018085247022532783,0.4696969696969697,0.19555555555555557,-0.003805089601850114,low
primary,free_ratio_ma20,-0.0020535833791889995,-0.017003637536994902,0.47429078014184395,0.8355555555555556,0.003438439237004247,low
primary,dv_intensity_20d,-0.0020540719998371378,-0.016711739176012902,0.488135593220339,0.6555555555555556,-0.001962932891267914,low
primary,consecutive_inflow_5d_z20,-0.002062489983122517,-0.014081739838969112,0.4962962962962963,1.0,-0.005045736062109673,low
primary,menv_shibor_1m_z_std20_lag2,-0.002067336316109524,-0.016169790614013167,0.4882017900732303,0.9103703703703704,-0.009377537755427738,low
primary,pcf_ttm_lag10,-0.002076316563571267,-0.016894324182916566,0.5003706449221645,0.9992592592592593,-0.005052073522749467,low
primary,ann_positive_ratio_accel,-0.0020767458157843065,-0.01784146128643978,0.49698795180722893,0.9837037037037037,0.0018283743475540097,low
primary,menv_fx_usd_cny_z_ma20,-0.002100647286138373,-0.01660142052530934,0.4782251437962202,0.9014814814814814,-0.006649077180772407,low
primary,volume_ratio_lag1,-0.0021028262911425336,-0.015159893658882312,0.4888888888888889,1.0,0.0015223607685189548,low
primary,shibor_2W_z20,-0.002112172008035833,-0.01567931259753849,0.5148148148148148,0.4,-0.0003618333525636787,low
primary,ann_sent_x_macd_ma20,-0.002122737726320585,-0.018058504524108746,0.5022222222222222,1.0,-0.00290140745777286,low
primary,momentum_20d_lag1,-0.0021332646889515258,-0.011681661998337239,0.48552338530066813,0.9977777777777778,-0.007884737745998231,low
primary,flow_market_cap_adj_accel,-0.002135093662745306,-0.013653658783069447,0.48592592592592593,1.0,-0.008971755096566739,low
primary,able_shares_std20,-0.002141599437876068,-0.017725656337824667,0.4769503546099291,0.8355555555555556,0.003576221844266898,low
primary,positive_ratio_lag5,-0.0021599577214400163,-0.017674662372647306,0.4575645756457565,0.20074074074074075,-0.004141661653943099,low
primary,free_shares_std20,-0.0021648040485198637,-0.017929443678377302,0.4769503546099291,0.8355555555555556,0.003665887667158891,low
primary,ann_negative_ratio_lag2,-0.002166801547248974,-0.017692277146315022,0.49667774086378735,0.44592592592592595,-0.0017594135281627401,low
primary,ind_return_min_ma20,-0.0021767054412438506,-0.016352761748228944,0.5074349442379182,0.3985185185185185,-0.0025923326306590095,low
primary,bond_cn_10y_lag10,-0.0022098663255897652,-0.015547178710734695,0.48656716417910445,0.24814814814814815,-0.006498691941443142,low
primary,free_shares_ma20,-0.0022246194309680166,-0.018416901917439974,0.47429078014184395,0.8355555555555556,0.0031795266928391183,low
primary,stock_vs_industry_ma10,-0.0022294988849568594,-0.008662468647567277,0.4966641957005189,0.9992592592592593,-0.0025094066100890245,low
primary,guba_sent_momentum_5d_lag2,-0.002236269444626523,-0.0174460373330606,0.49037037037037035,1.0,-0.003002653229228295,low
primary,menv_shibor_1m_z_accel_lag5,-0.0022377872619379195,-0.01748857004789584,0.4867469879518072,0.9222222222222223,0.0048442727189192,low
primary,fx_jpy_cny_lag20,-0.0022400773573295844,-0.016781585896441284,0.48566308243727596,0.41333333333333333,0.00460734861511943,low
primary,temporary_impact,-0.002248847926667228,-0.01736468768429401,0.5100371747211896,0.9962962962962963,-0.007995908921884728,low
primary,sector_rrg_quadrant_ma20_lag5,-0.0022858086307408435,-0.014454931461835978,0.5014814814814815,1.0,-0.0011966655239718132,low
primary,flow_intensity_lag10,-0.002303098605777585,-0.017656520733121007,0.48590504451038574,0.9985185185185185,-0.00850206681560708,low
primary,flow_z_ma20,-0.0023040387909491933,-0.014579088327644523,0.482962962962963,1.0,0.0029627325325213187,low
primary,sector_rrg_y_accel_lag20,-0.002305272555744746,-0.01375914476062619,0.4948148148148148,1.0,-0.002395565562657025,low
primary,guba_negative_ratio_lag20,-0.0023123342590855704,-0.018166175479236636,0.48,1.0,0.0025489627503749008,low
primary,menv_fx_usd_cny_z_ma20_lag5,-0.0023187652456268036,-0.018158656941522345,0.485140562248996,0.9222222222222223,-0.0036103206421931365,low
primary,ind_matched_return,-0.002341968421912319,-0.008473297057748831,0.4802386278896346,0.9933333333333333,0.005021146392955504,low
primary,menv_regime_z_z20_lag2,-0.0023637870438833882,-0.01850179269351922,0.49389747762408465,0.9103703703703704,0.008900674112388481,low
primary,dv_count_20d,-0.002377450411111104,-0.019385865043923672,0.480225988700565,0.6555555555555556,-0.0018773731579662808,low
primary,menv_bond_10y2y_spread_lag2,-0.002377987682593793,-0.015206339209280115,0.49107142857142855,0.08296296296296296,-0.0055735532847444366,low
primary,bond_cn_10y2y_spread_lag2,-0.002377987682593793,-0.015206339209280115,0.49107142857142855,0.08296296296296296,-0.0055735532847444366,low
primary,lhb_is_sustained_lag5,-0.002409857983962311,-0.015728092850938093,0.4950166112956811,0.22296296296296297,0.0018137011070039116,low
primary,sf_total_lag20,-0.0024109250779579105,-0.01847428209558151,0.4528301886792453,0.07851851851851852,-0.0041265664950793386,low
primary,shibor_O_N_lag3,-0.0024163564114862176,-0.015245667854549089,0.48226950354609927,0.10444444444444445,-0.0006604212723241178,low
primary,news_guba_divergence_lag10,-0.002430827816908554,-0.020803694691831152,0.4966641957005189,0.9992592592592593,-0.00317079770576134,low
primary,ann_sentiment_mean,-0.0024394821773040124,-0.0209193054402082,0.49019607843137253,0.6044444444444445,-0.0032839707779594714,low
primary,total_volume_accel,-0.002445971177424837,-0.019428907817760594,0.5037037037037037,1.0,0.0014176882782703897,low
primary,has_gap_HN_z_ma20,-0.0024706613472273787,-0.01995429385153701,0.48490077653149266,0.8585185185185186,0.003010323713766885,low
primary,lhb_count_5d_accel,-0.0024708938384397925,-0.017211220620098982,0.4792592592592593,1.0,-0.007915584482552222,low
primary,revenue_trend_4q_lag20,-0.0024711507711484325,-0.018810422364224397,0.4837037037037037,1.0,0.0005394633932645717,low
primary,ann_count_accel,-0.0024762076840042953,-0.02120493650285139,0.49333333333333335,1.0,0.009157111524138336,low
primary,ann_sent_bear_vol_ma10,-0.002479962929457986,-0.02031121084529058,0.48586707410236823,0.9696296296296296,0.0007577203597499991,low
primary,menv_bond_10y2y_spread_accel_lag10,-0.002493161957110383,-0.0194431978584773,0.5094066570188133,0.5118518518518519,0.00445910101621105,low
primary,has_gap_HN_z,-0.002514784805601748,-0.020376430490906774,0.484526967285588,0.8377777777777777,0.0005135386655964471,low
primary,ann_sentiment_std_lag5,-0.0025149756357993793,-0.021776506409560286,0.4787234042553192,0.2785185185185185,-0.0002428544237931171,low
primary,ann_negative_ratio_ma10,-0.0025165792999211293,-0.020542959310056105,0.4870229007633588,0.9703703703703703,0.0008893304832373217,low
primary,has_gap_HN_z_ma5,-0.0025241282070243573,-0.020447344639339764,0.4859402460456942,0.8429629629629629,-0.00010811689050039961,low
primary,shibor_3M_lag1,-0.002525474874702759,-0.01571501168448472,0.49295774647887325,0.052592592592592594,-0.0051396423947931424,low
primary,sector_rrg_x_accel_lag20,-0.0025307111968230016,-0.01450967367517259,0.49777777777777776,1.0,0.0009374234108339265,low
primary,ind_matched_return_z20,-0.002542577249717657,-0.00958578920894476,0.4951816160118606,0.9992592592592593,0.003909792443545494,low
primary,menv_shibor_1m_z_std20_lag5,-0.002556057497844649,-0.020186300980576624,0.5020080321285141,0.9222222222222223,-0.005156802074900627,low
primary,bond_cn_10y2y_spread_ma20,-0.002558625683118847,-0.01929487248208125,0.48507462686567165,0.397037037037037,0.0012337864415020053,low
primary,menv_bond_10y2y_spread_ma20,-0.002558625683118847,-0.01929487248208125,0.48507462686567165,0.397037037037037,0.0012337864415020053,low
primary,ann_positive_ratio_ma10,-0.002562496885284339,-0.021709619980898046,0.5067406819984139,0.9340740740740741,-0.0008325840327696788,low
primary,menv_shibor_1m_z_std20,-0.002570138636463048,-0.02020547992368155,0.4971240755957272,0.9014814814814814,-0.009925117839702107,low
primary,change_pct_z20,-0.002575699633001429,-0.014499194381486358,0.49407407407407405,1.0,0.00972102593963373,low
primary,change_ratio_z20,-0.002583335020417598,-0.01959862262816166,0.4880694143167028,0.3414814814814815,0.0012989801941803046,low
primary,momentum_5d_lag10,-0.0025913281530940196,-0.014392256963875668,0.5022222222222222,1.0,0.00508630067567516,low
primary,avg_account_cap_z_lag3,-0.0026216476524101636,-0.01842354015146882,0.4444444444444444,0.02,-0.004257221190871973,low
primary,menv_fx_usd_cny_z_ma20_lag3,-0.002630033705321251,-0.02075938634499064,0.4834008097165992,0.9148148148148149,-0.005650493762049203,low
primary,has_gap_HN_z_ma10,-0.002636076681285709,-0.02136606656730692,0.48293963254593175,0.8466666666666667,-0.0013417350527617398,low
primary,ann_sent_bull_vol_ma10,-0.0026505702865583297,-0.022579074937946524,0.5019888623707239,0.9311111111111111,-0.001220533028502016,low
primary,guba_sent_momentum_5d,-0.0026536570983468413,-0.02031068726834455,0.48592592592592593,1.0,-0.006149440857962787,low
primary,guba_sent_x_macd_lag5,-0.0026544131181012033,-0.021741913176395657,0.47961452928094883,0.9992592592592593,-0.0034316013059776246,low
primary,ind_return_mean_lag20,-0.0026602331082867764,-0.019709887632697334,0.49016100178890876,0.4140740740740741,0.004803841839251224,low
primary,flow_momentum_ma20,-0.002695000708738625,-0.01702233300428638,0.4837037037037037,1.0,0.0026357475262389573,low
primary,ind_dispersion_20d,-0.002697255810627419,-0.01598418384911092,0.4634146341463415,0.03037037037037037,0.00842990518662437,low
primary,guba_sent_bear_vol_lag2,-0.0026973350270060956,-0.022275948445628538,0.49516728624535317,0.9962962962962963,0.00085095107621753,low
primary,guba_sent_reversal_5d_lag1,-0.0027173948680047294,-0.020258471002681758,0.4777777777777778,1.0,-0.00207909454292951,low
primary,change_num_z20,-0.0027218931700426223,-0.02044189671787757,0.5032537960954447,0.3414814814814815,0.00022862758199726076,low
primary,momentum_20d,-0.002722811782651643,-0.014792322952762865,0.4888558692421991,0.997037037037037,-0.00820894162183727,low
primary,sector_rrg_quadrant_z20,-0.002730150482390018,-0.016839604728273106,0.48074074074074075,1.0,-0.009144098650911354,low
primary,dv_intensity_20d_ma5,-0.0027564940283607304,-0.021961295801993824,0.49353448275862066,0.6874074074074074,-0.003150403250371865,low
primary,menv_bond_10y2y_spread_ma10_lag5,-0.002759699652538626,-0.02042941990272538,0.4872389791183295,0.31925925925925924,-0.000793834213661562,low
primary,guba_sent_x_macd_lag2,-0.0027627073500665227,-0.023194676468837456,0.4840622683469237,0.9992592592592593,-0.00044048929271983206,low
primary,guba_sent_extreme_lag2,-0.0027694233400029776,-0.023299522962204104,0.4888888888888889,1.0,-0.0005682369528644326,low
primary,menv_fx_usd_cny_z_lag5,-0.002774272100234036,-0.02157479530422071,0.48131672597864766,0.8325925925925926,0.0020088425816435704,low
primary,vstd_20d,-0.0027765185074333973,-0.01872834446675621,0.5103703703703704,1.0,-0.007782962533155432,low
primary,ret_std_ma20,-0.0027800378197683035,-0.016106212855776406,0.49925925925925924,1.0,0.005126625645238924,low
primary,momentum_20d_z20_lag2,-0.0027868299933197973,-0.01594297570496299,0.5066666666666667,1.0,-0.0017865762272964766,low
primary,ann_sent_x_roc20_ma10,-0.002807203270762633,-0.02470898052615628,0.500374531835206,0.9888888888888889,-0.0008811067965327199,low
primary,news_net_bullish_lag2,-0.002812196539973003,-0.02371210715961141,0.4729241877256318,0.2051851851851852,0.0006979288585925263,low
primary,sector_rrg_quadrant_ma20_lag10,-0.0028122709018470774,-0.017840159075308896,0.49037037037037035,1.0,-0.0025676406689637047,low
primary,sector_rrg_x_std20_lag3,-0.00281810798115952,-0.018359273834148974,0.49777777777777776,1.0,0.0022215150277921794,low
primary,menv_bond_10y2y_spread_ma20_lag20,-0.002835187694122982,-0.021387441775076246,0.4775757575757576,0.6111111111111112,0.001647314229870633,low
primary,menv_fx_usd_cny_z_ma20_lag1,-0.002837254504975875,-0.022275901383558366,0.473426001635323,0.9059259259259259,-0.006167791374259636,low
primary,dividend_yield_ma20,-0.0028413165314063087,-0.02145393444564862,0.48451730418943534,0.8133333333333334,-0.002730111534355167,low
primary,guba_sent_reversal_5d_lag2,-0.002843922170646994,-0.021295920596244116,0.48518518518518516,1.0,0.00044852064807065806,low
primary,shibor_1W_z20,-0.002867458547976402,-0.021476539875393247,0.5046728971962616,0.3962962962962963,0.005898649624769981,low
primary,lhb_is_drop_lag10,-0.0028810540506017377,-0.02135737958576625,0.5111111111111111,0.2,0.0013541440693633348,low
primary,menv_m1_m2_spread_std20_lag2,-0.0029154197072067275,-0.02171397850816382,0.4558139534883721,0.31851851851851853,-0.00020810147750529177,low
primary,days_since_last_ex_div_std20,-0.0029178892406689803,-0.023459956611332933,0.4911111111111111,1.0,0.007426466164221246,low
primary,free_ratio_accel,-0.00292893922925256,-0.024520760023116893,0.5044326241134752,0.8355555555555556,-0.00039225310869805534,low
primary,menv_m1_m2_spread_accel_lag20,-0.0029305504119096,-0.022253624987381395,0.49914529914529915,0.43333333333333335,0.005541020025202502,low
primary,able_shares_accel,-0.002960783442845792,-0.02479161165827072,0.5053191489361702,0.8355555555555556,-0.0003785073341198723,low
primary,is_deep_discount_ma10,-0.0029682153494660973,-0.023590226069980756,0.4883720930232558,0.7962962962962963,-0.0028631203725149783,low
primary,market_turnover_z_lag3,-0.0029704832690947954,-0.01863366066157725,0.496551724137931,0.10740740740740741,-0.0018423303584647285,low
primary,guba_sent_bear_vol_lag10,-0.0029810760837646437,-0.024729548199732623,0.48029739776951674,0.9962962962962963,-0.0015384130392601942,low
primary,news_count_lag2,-0.0029819712067594797,-0.023692085038781972,0.5104166666666666,0.21333333333333335,-0.0053355206342058535,low
primary,ann_positive_ratio_ma5,-0.0030154299470467375,-0.026051462821726823,0.48741007194244607,0.8237037037037037,0.0003079726856079577,low
primary,sector_breadth_raw_ma20,-0.003026286021941971,-0.01648672130209389,0.5007407407407407,1.0,0.0017727391579295414,low
primary,max_5d,-0.003026967217501536,-0.015389030891389472,0.49407407407407405,1.0,0.007113022795015854,low
primary,ann_sent_bull_vol_ma5,-0.0030276384510718114,-0.026256529464727642,0.48633879781420764,0.8133333333333334,0.00076780967012656,low
primary,sentiment_mean_ma20,-0.003052013917713274,-0.024830273820018216,0.5006675567423231,0.5548148148148148,-0.009212452951210596,low
primary,pe_percentile_252d_lag20,-0.0030818706598788044,-0.025238689383031424,0.4888888888888889,1.0,-0.0044015551567996875,low
primary,market_turnover_z_z20,-0.003112732798511729,-0.02327226745847728,0.4851301115241636,0.3985185185185185,0.00016852732173804237,low
primary,menv_shibor_1m_z_std20_lag1,-0.0031277156733750464,-0.02447900319896981,0.49304987735077677,0.9059259259259259,-0.009781128344705797,low
primary,sector_rrg_x_ma5_lag20,-0.0031353128871381085,-0.01833179716411412,0.482962962962963,1.0,-0.0035499488335618843,low
primary,is_deep_discount_ma20,-0.003136605733625087,-0.025303894726753342,0.4837905236907731,0.8911111111111111,-0.004884884369555597,low
primary,news_net_bullish_lag20,-0.00314508496535516,-0.027429628375670003,0.4732824427480916,0.19407407407407407,-0.004441254834033935,low
primary,guba_pos_momentum_lag10,-0.0031466705093582646,-0.028019024229435852,0.4785185185185185,1.0,-4.583458223523717e-05,low
primary,news_sent_skew_lag1,-0.0031480975631643354,-0.02548342904095359,0.4919786096256685,0.554074074074074,-0.006142013890871686,low
primary,flow_market_cap_adj,-0.003149548831294636,-0.01933395924175497,0.49776785714285715,0.9955555555555555,0.005939431989657425,low
primary,sector_rrg_x_lag20,-0.0031654970019740444,-0.018304621408367385,0.482962962962963,1.0,-0.0024187676064809675,low
primary,dv_intensity_20d_std20,-0.0031886592361417203,-0.025193809311710703,0.4798464491362764,0.7718518518518519,-0.003292503076883827,low
primary,news_sent_x_roc20_lag5,-0.0031932266156202275,-0.028150234626557316,0.48905109489051096,0.20296296296296296,0.0006452206879412264,low
primary,bond_us_10y_lag5,-0.003204670214262043,-0.021282775902916287,0.5052083333333334,0.14222222222222222,-0.002605949615942367,low
primary,dv_count_20d_ma5,-0.0032059717835901573,-0.025712721807656557,0.49030172413793105,0.6874074074074074,-0.0029142067636752913,low
primary,sector_rrg_quadrant_accel_lag20,-0.003206819174536306,-0.019262957827919536,0.4955555555555556,1.0,-0.00032619280094973833,low
primary,guba_sent_accel_lag5,-0.003224301678123561,-0.027528693141208392,0.4785185185185185,1.0,-0.00028491114423124,low
primary,bond_us_5y,-0.003240248715008573,-0.019610488125191453,0.4864864864864865,0.027407407407407408,-0.00880886820442941,low
primary,menv_fx_usd_cny_z_ma10_lag3,-0.003257873195858961,-0.02544368249041516,0.48425531914893616,0.8703703703703703,-0.004964120719536515,low
primary,sent_consensus_ma20,-0.003264381127014808,-0.023703680952746588,0.48592592592592593,1.0,-0.005976241543011256,low
primary,has_announce,-0.0033286846698971427,-0.028522812810888056,0.48944487881157156,0.9474074074074074,1.9547680596393446e-05,low
primary,n_indexes_accel,-0.003332410422664446,-0.019350489927668475,0.5079365079365079,0.23333333333333334,0.002998688837880857,low
primary,change_pct_ma20,-0.003346046489673711,-0.0182836643608941,0.4888888888888889,1.0,-0.00966076697588953,low
primary,flow_momentum_accel,-0.003347740151842655,-0.021675590532879745,0.48148148148148145,1.0,-0.009846540857421855,low
primary,guba_sentiment_std_lag10,-0.003354058472186439,-0.024977351927930137,0.47739065974796147,0.9992592592592593,-0.0016995821831001744,low
primary,dividend_yield_ma10,-0.0033839326831901933,-0.026416668237654806,0.4785918173168411,0.7785185185185185,-0.002678112020965708,low
primary,has_gap_change_num,-0.003407917928742088,-0.027596717633472736,0.4808510638297872,0.8703703703703703,-0.0008984522275810246,low
primary,has_gap_holder_num,-0.003407917928742088,-0.027596717633472736,0.4808510638297872,0.8703703703703703,-0.0008984522275810246,low
primary,has_gap_change_ratio,-0.003407917928742088,-0.027596717633472736,0.4808510638297872,0.8703703703703703,-0.0008984522275810246,low
primary,has_gap_avg_shares,-0.003407917928742088,-0.027596717633472736,0.4808510638297872,0.8703703703703703,-0.0008984522275810246,low
primary,has_gap_consecutive_quarter_decline,-0.003407917928742088,-0.027596717633472736,0.4808510638297872,0.8703703703703703,-0.0008984522275810246,low
primary,has_gap_PCRC,-0.003407917928742088,-0.027596717633472736,0.4808510638297872,0.8703703703703703,-0.0008984522275810246,low
primary,sector_rrg_x_std20_lag5,-0.0034115714416639072,-0.022255847250669033,0.49037037037037035,1.0,0.0004346639734218546,low
primary,ann_count,-0.003416879105642925,-0.029280433305942623,0.4870992963252541,0.9474074074074074,0.0001452301023545247,low
primary,idx_change_30d_lag2,-0.0034243745268423506,-0.020442415143434315,0.4874141876430206,0.3237037037037037,0.0034017704584251534,low
primary,ann_negative_ratio_lag5,-0.0034306642249507025,-0.02867422129718049,0.4700996677740864,0.44592592592592595,0.002553583200045996,low
primary,menv_fx_usd_cny_z_lag2,-0.003450991333836524,-0.026711699298883472,0.47588717015468607,0.8140740740740741,0.00376948788307553,low
primary,flow_z_accel,-0.0034588667536061064,-0.02222320236204738,0.4837037037037037,1.0,-0.009180432974003044,low
primary,guba_count_momentum_lag10,-0.0034736698028032457,-0.029301573171970467,0.49962935507783546,0.9992592592592593,-0.005812881010663726,low
primary,lhb_net_amount_lag3,-0.0034974802372854078,-0.02281333960874726,0.4847277556440903,0.5577777777777778,-0.00319267115946842,low
primary,guba_sent_x_roc20_lag20,-0.0035012460018176905,-0.029635290724633508,0.4955555555555556,1.0,-0.003990711337402498,low
primary,dv_intensity_20d_ma20,-0.0035059462842792996,-0.027645984117571194,0.4837476099426386,0.7748148148148148,-0.003071130774310133,low
primary,guba_pos_momentum_lag1,-0.0035123721255520086,-0.03080410291751085,0.4955555555555556,1.0,-0.0058554514628284555,low
primary,news_sent_skew,-0.003528878430138084,-0.02848753184651501,0.4979973297730307,0.5548148148148148,-0.008902594716302836,low
primary,flow_intensity_lag2,-0.003541383892219363,-0.02778261041303396,0.48329621380846327,0.9977777777777778,-0.003110967409085872,low
primary,idx_change_30d,-0.0035444118543172766,-0.02078029004536434,0.4942528735632184,0.32222222222222224,0.004045568002056914,low
primary,has_gap_change_ratio_ma5,-0.0035780320597942274,-0.02898133572059239,0.48307952622673433,0.8755555555555555,-0.0020237984339446418,low
primary,has_gap_PCRC_ma5,-0.0035780320597942274,-0.02898133572059239,0.48307952622673433,0.8755555555555555,-0.0020237984339446418,low
primary,has_gap_holder_num_ma5,-0.0035780320597942274,-0.02898133572059239,0.48307952622673433,0.8755555555555555,-0.0020237984339446418,low
primary,has_gap_consecutive_quarter_decline_ma5,-0.0035780320597942274,-0.02898133572059239,0.48307952622673433,0.8755555555555555,-0.0020237984339446418,low
primary,has_gap_avg_shares_ma5,-0.0035780320597942274,-0.02898133572059239,0.48307952622673433,0.8755555555555555,-0.0020237984339446418,low
primary,has_gap_change_num_ma5,-0.0035780320597942274,-0.02898133572059239,0.48307952622673433,0.8755555555555555,-0.0020237984339446418,low
primary,ret_std_ma10,-0.0035823685364256555,-0.020972975176481876,0.4918518518518519,1.0,0.005019664649940505,low
primary,market_state_volatile_lag1,-0.003588016874030958,-0.012474012474012515,0.5,0.0014814814814814814,-9.795805641658164e-05,low
primary,shibor_3M_accel,-0.0036031169644906553,-0.02712986509646328,0.48091603053435117,0.38814814814814813,0.008268697695806647,low
primary,guba_neg_momentum,-0.0036037431735352907,-0.03169246517703155,0.4822222222222222,1.0,-0.0030102504312822763,low
primary,idx_change_30d_lag1,-0.0036037864188253753,-0.021522337755401657,0.4908256880733945,0.32296296296296295,0.0034794169758879845,low
primary,has_gap_holder_num_ma10,-0.0036169366519516583,-0.02928756802941838,0.481044650379107,0.8792592592592593,-0.0024104344530044486,low
primary,has_gap_consecutive_quarter_decline_ma10,-0.0036169366519516583,-0.02928756802941838,0.481044650379107,0.8792592592592593,-0.0024104344530044486,low
primary,has_gap_avg_shares_ma10,-0.0036169366519516583,-0.02928756802941838,0.481044650379107,0.8792592592592593,-0.0024104344530044486,low
primary,has_gap_change_ratio_ma10,-0.0036169366519516583,-0.02928756802941838,0.481044650379107,0.8792592592592593,-0.0024104344530044486,low
primary,has_gap_change_num_ma10,-0.0036169366519516583,-0.02928756802941838,0.481044650379107,0.8792592592592593,-0.0024104344530044486,low
primary,has_gap_PCRC_ma10,-0.0036169366519516583,-0.02928756802941838,0.481044650379107,0.8792592592592593,-0.0024104344530044486,low
primary,total_attention_lag20,-0.0036573927818671823,-0.025724120649702965,0.4785185185185185,1.0,-0.0034111394287809097,low
primary,sentiment_mean_lag2,-0.0036649891538039327,-0.031152039158370913,0.4838709677419355,0.20666666666666667,-0.00022959811420787056,low
primary,guba_sent_streak_lag5,-0.0036770628972512447,-0.0295560429953316,0.4844213649851632,0.9985185185185185,-0.0021654431860359123,low
primary,news_sent_x_roc20_lag10,-0.003686590490577833,-0.03174106154597125,0.4925925925925926,0.2,0.00044641554892343066,low
primary,menv_bond_10y2y_spread_ma20_lag1,-0.003689275800561499,-0.02759507763665362,0.49371633752244165,0.41259259259259257,0.0017796229619783783,low
primary,market_state_volatile_ma20,-0.003691842631677824,-0.0334091750265246,0.5384615384615384,0.00962962962962963,0.007774577949438799,low
primary,market_state_volatile_std20,-0.003691842631677824,-0.0334091750265246,0.5384615384615384,0.00962962962962963,0.007774577949438799,low
primary,menv_us_cn_10y_spread_std20_lag1,-0.0037030934777551546,-0.027424313325943587,0.48300536672629696,0.4140740740740741,-0.00977361334771959,low
primary,news_sent_streak_lag3,-0.003716672880490563,-0.030051470078082072,0.47474747474747475,0.07333333333333333,-0.004514340678899037,low
primary,guba_sentiment_std_lag5,-0.0037337335995864225,-0.027653453599982274,0.4840622683469237,0.9992592592592593,-0.0034831453092320206,low
primary,sector_breadth_z_lag20,-0.0037535142218740507,-0.021747447375274488,0.5007407407407407,1.0,0.00936328437120802,low
primary,menv_us_cn_10y_spread_ma5_lag20,-0.0037652219410752585,-0.028314571538829846,0.48231511254019294,0.46074074074074073,0.0036379061335890363,low
primary,menv_fx_usd_cny_z_ma10_lag2,-0.003776250818399146,-0.029635037953874347,0.4828767123287671,0.8651851851851852,-0.004010704402289225,low
primary,bond_cn_5y_lag20,-0.0037920610404605227,-0.02820398129501888,0.47584973166368516,0.4140740740740741,-0.005418220654344106,low
primary,guba_count_momentum_lag1,-0.003813972638720058,-0.03177382252078505,0.48813056379821956,0.9985185185185185,-0.009748443281631727,low
primary,flow_momentum_ma5,-0.0038374267013043307,-0.02445593159770772,0.48518518518518516,1.0,-0.008329208570372082,low
primary,dv_count_20d_ma20,-0.003837632167615806,-0.030468106279452435,0.4808795411089866,0.7748148148148148,-0.002896432498623429,low
primary,news_sent_vol_ratio_lag3,-0.0038790989362017694,-0.031263618815945644,0.4973190348525469,0.5525925925925926,0.0002457558442789708,low
primary,guba_sent_extreme_lag1,-0.003887196398731196,-0.033203804848118766,0.4711111111111111,1.0,-0.0073876560533335895,low
primary,sector_rrg_y_std20_lag10,-0.0038913497272419335,-0.024536433106631846,0.48962962962962964,1.0,-0.00797891557923022,low
primary,flow_z_ma5,-0.003921113178839471,-0.024820593808204526,0.48592592592592593,1.0,-0.007564758759005974,low
primary,sector_rrg_x_std20_lag2,-0.003932010663858013,-0.025562112635681346,0.4985185185185185,1.0,0.0019549503949227247,low
primary,shibor_9M_ma20,-0.003947534497633911,-0.029910666443250123,0.48411214953271026,0.3962962962962963,-0.005729010554282848,low
primary,bond_us_10y2y_spread_lag20,-0.003953656625930269,-0.030097499255816562,0.49320388349514566,0.3814814814814815,0.0060271977480882925,low
primary,guba_post_count_lag20,-0.003957653321990504,-0.027805123672052377,0.48,1.0,-0.003874775197445797,low
primary,cpi_yoy_ma20,-0.003966167958824873,-0.03133572547734235,0.49361702127659574,0.17407407407407408,-0.00574605764872888,low
primary,guba_sent_streak_lag20,-0.004008685680346301,-0.032505927616070726,0.4748148148148148,1.0,-0.006006110958525211,low
primary,guba_sentiment_std_lag1,-0.004029735225415872,-0.029817583895451725,0.4896142433234421,0.9985185185185185,-0.004266527648453906,low
primary,bond_us_2y_lag10,-0.004048198062839441,-0.029009464415956393,0.51,0.2222222222222222,-0.00170503535199647,low
primary,ann_positive_ratio_lag1,-0.0040705009719609365,-0.036471235610646344,0.4673684210526316,0.35185185185185186,-0.0002879120245827698,low
primary,ann_sentiment_mean_lag20,-0.004075725328813064,-0.034737100970957904,0.4938875305623472,0.605925925925926,-0.0020928013030397214,low
primary,bond_us_10y2y_spread_accel,-0.00408147952724386,-0.03031756866995515,0.49429657794676807,0.3896296296296296,-0.00012226284394859484,low
primary,dividend_yield,-0.0041002005278349095,-0.03211856328146642,0.4855721393034826,0.7444444444444445,-0.003413500832720206,low
primary,flow_intensity_accel,-0.004102660176168798,-0.030070518361791688,0.49925925925925924,1.0,-0.009219954457898142,low
primary,sector_rrg_x_ma10_lag20,-0.0041091850920561114,-0.024360070884193716,0.48444444444444446,1.0,-0.004455833402950835,low
primary,holder_num_ma20,-0.00413849076626338,-0.025380128597395503,0.47451963241436923,0.8866666666666667,-0.005326650285469603,low
primary,negative_ratio_lag3,-0.00414945160810653,-0.03334040490976406,0.4816326530612245,0.1814814814814815,-0.0009690032146527494,low
primary,flow_intensity_lag5,-0.004153891699797706,-0.03294222115921098,0.49332344213649854,0.9985185185185185,-0.0018277291384722193,low
primary,debt_ratio_lag3,-0.004162392176794525,-0.03234305325487549,0.47019867549668876,0.33555555555555555,0.009748287825939997,low
primary,news_sent_volume_lag2,-0.004190973825641805,-0.035589809613358704,0.4767025089605735,0.20666666666666667,-0.00022729696961855465,low
primary,guba_sentiment_std_lag3,-0.00419495551373546,-0.031314513046963026,0.4907338769458858,0.9992592592592593,-0.0012349113256393655,low
primary,news_net_bullish_lag10,-0.004208903247766791,-0.03742512361657097,0.46296296296296297,0.2,-0.006339648646252341,low
primary,dv_count_20d_std20,-0.004217562449076308,-0.03385732707972337,0.4817658349328215,0.7718518518518519,-0.003308187123352841,low
primary,sector_rrg_quadrant_z20_lag20,-0.0042441228164500164,-0.025982787102338926,0.4874074074074074,1.0,-0.001365100594905988,low
primary,has_gap_avg_shares_ma20,-0.004269439706058017,-0.034424879028899694,0.47953216374269003,0.8866666666666667,0.0025337908577499992,low
primary,has_gap_change_ratio_ma20,-0.004269439706058017,-0.034424879028899694,0.47953216374269003,0.8866666666666667,0.0025337908577499992,low
primary,has_gap_consecutive_quarter_decline_ma20,-0.004269439706058017,-0.034424879028899694,0.47953216374269003,0.8866666666666667,0.0025337908577499992,low
primary,has_gap_PCRC_ma20,-0.004269439706058017,-0.034424879028899694,0.47953216374269003,0.8866666666666667,0.0025337908577499992,low
primary,has_gap_holder_num_ma20,-0.004269439706058017,-0.034424879028899694,0.47953216374269003,0.8866666666666667,0.0025337908577499992,low
primary,has_gap_change_num_ma20,-0.004269439706058017,-0.034424879028899694,0.47953216374269003,0.8866666666666667,0.0025337908577499992,low
primary,sentiment_std_accel,-0.00427932583439344,-0.035199219365235755,0.49037227214377405,0.577037037037037,0.001181101130304088,low
primary,holder_num_ma5,-0.004319906677342931,-0.026573911047004958,0.4746192893401015,0.8755555555555555,-0.0021267282830799827,low
primary,bond_cn_5y_lag2,-0.004322625769774975,-0.027905678109340394,0.4732142857142857,0.08296296296296296,-0.005804292596263612,low
primary,leader_change_z20,-0.004353239432081178,-0.027644836595075432,0.5007407407407407,1.0,-0.0009730079019611822,low
primary,market_adv_ratio_ma10,-0.004369686613642516,-0.0318423457326554,0.4682274247491639,0.22148148148148147,-0.007090549671972797,low
primary,ind_return_std_ma10,-0.004404403842795339,-0.03142164133759396,0.43450479233226835,0.23185185185185186,-0.003628122099749927,low
primary,margin_buy_accel,-0.004420148862915144,-0.025766204189280155,0.49703703703703705,1.0,-0.00986855201724048,low
primary,idx_change_30d_lag5,-0.00442575333754321,-0.026784989578917496,0.47954545454545455,0.32592592592592595,0.0034614122758117173,low
primary,ann_sent_bear_vol_ma20,-0.0044480888756897674,-0.036543549240288055,0.49368968077208614,0.9977777777777778,-0.0018834186361367086,low
primary,menv_fx_usd_cny_z_ma10_lag5,-0.004461574262362044,-0.03488836204253964,0.4743049705139006,0.8792592592592593,-0.007740878466190318,low
primary,news_sent_vol_ratio_lag1,-0.004465707824945402,-0.036722015233032,0.4852941176470588,0.554074074074074,0.0049708990405333735,low
primary,days_since_last_ex_div_ma5,-0.004483811766978133,-0.03176844638933927,0.48,1.0,-0.0010969926025602636,low
primary,menv_fx_usd_cny_z_ma10_lag20,-0.004486408819513126,-0.03492566923140899,0.5019762845849802,0.937037037037037,0.0076905785654438705,low
primary,ann_sentiment_mean_lag1,-0.00448883394114539,-0.037679889750803656,0.4700122399020808,0.6051851851851852,-0.003179691756653929,low
primary,bonus_rmb_ma20,-0.004497079360861389,-0.03392266156294218,0.4763205828779599,0.8133333333333334,-0.003163426549038814,low
primary,guba_sent_momentum_5d_lag1,-0.004497685453923569,-0.03456615355678964,0.47185185185185186,1.0,-0.004295612098324524,low
primary,ann_sent_bear_vol_std20,-0.004513406389057163,-0.03710856071467647,0.49368968077208614,0.9977777777777778,-0.001956256431695471,low
primary,menv_cpi_z_accel_lag20,-0.004520599902507257,-0.037372366849762674,0.47610459873760147,0.8214814814814815,0.0026213213209953347,low
primary,fx_eur_cny_lag20,-0.004558973133070762,-0.03378294785682435,0.47942754919499103,0.4140740740740741,0.0037821967533280382,low
primary,holder_num_ma10,-0.004570464085093937,-0.02810655224583857,0.4751474304970514,0.8792592592592593,-0.0023362312483554645,low
primary,ann_sentiment_std,-0.004570830416407276,-0.03756094036805779,0.478494623655914,0.27555555555555555,-0.002332971861178767,low
primary,menv_fx_usd_cny_z_ma5_lag3,-0.004571113616869705,-0.0357241998612387,0.4789473684210526,0.8444444444444444,-0.002489191337123032,low
primary,debt_ratio_lag2,-0.0045718219547385515,-0.03510776363496127,0.46325167037861914,0.3325925925925926,-0.0007084984354049781,low
primary,menv_bond_10y2y_spread_ma20_lag10,-0.004596777103737012,-0.03555464617461746,0.4630969609261939,0.5118518518518519,0.0020435132679243856,low
primary,shibor_1Y_lag5,-0.004602803687781584,-0.031149452952595923,0.5,0.14222222222222222,-0.005957246057031805,low
primary,idx_change_30d_lag3,-0.004612196915260016,-0.027524279738523238,0.4863013698630137,0.3244444444444444,0.00335585753853985,low
primary,ann_negative_ratio_ma20,-0.004629959560790043,-0.037886949714606426,0.49072011878247956,0.9977777777777778,-0.0018971892488852072,low
primary,ann_negative_ratio_std20,-0.004637845119994482,-0.037961410454881536,0.4884929472902747,0.9977777777777778,-0.001838340512671289,low
primary,bonus_rmb_ma10,-0.004654538767452414,-0.03628624784841124,0.47573739295908657,0.7785185185185185,-0.0030358936601663986,low
primary,idx_change_30d_ma10,-0.004656945136022657,-0.027658876542388584,0.48314606741573035,0.39555555555555555,0.0020280308362480085,low
primary,sector_rrg_y_lag5,-0.0046992027067790125,-0.025714875010860186,0.49407407407407405,1.0,-0.006004625202373787,low
primary,sent_agree_pos_ma20,-0.004711322048515601,-0.0320959782997431,0.4703703703703704,1.0,-0.00891349057561865,low
primary,days_since_last_ex_div,-0.004733368552556307,-0.033474176939964295,0.48035581912527797,0.9992592592592593,-0.00048386236730425965,low
primary,guba_sent_x_macd_lag10,-0.004740048296075956,-0.040929473693322185,0.4892512972572276,0.9992592592592593,-0.006012206760412445,low
primary,sector_rrg_y_lag1,-0.0047826382849026185,-0.026398647067455015,0.5011135857461024,0.9977777777777778,-0.007010750961207263,low
primary,sector_rrg_quadrant_ma20_lag20,-0.0047979084391406,-0.029442045238314594,0.4822222222222222,1.0,-0.005365675987620172,low
primary,bond_cn_2y_lag2,-0.004802151538817261,-0.03074497565250738,0.49107142857142855,0.08296296296296296,-0.0072891584788762065,low
primary,north_net_buy_z20,-0.004815452747626469,-0.02435616890035536,0.4949944382647386,0.6659259259259259,-2.95543971463869e-06,low
primary,is_top5_sector,-0.004816887242580111,-0.029189734428940916,0.4947994056463596,0.997037037037037,-0.00464429505486907,low
primary,shibor_1W_ma10,-0.004828165218325327,-0.035128082022849,0.5096153846153846,0.2311111111111111,-0.00020497705512034477,low
primary,momentum_20d_z20_lag10,-0.00483418105750126,-0.028631165866701627,0.482962962962963,1.0,0.0019068036180772791,low
primary,positive_ratio_accel,-0.004844985328787618,-0.040520607740148,0.4749679075738126,0.577037037037037,0.0007817963809076587,low
primary,holder_num,-0.004863648544836448,-0.029982547517048094,0.47404255319148936,0.8703703703703703,-0.005603753535917633,low
primary,ann_sent_x_roc20,-0.004883041439205708,-0.04155921166978814,0.4876847290640394,0.6014814814814815,-0.001750037781128579,low
primary,market_turnover_z_lag20,-0.004896155392800734,-0.03643723069823344,0.4865831842576029,0.4140740740740741,-0.004877631713742913,low
primary,news_sent_extreme_lag5,-0.004904546170190478,-0.04055318408365748,0.43478260869565216,0.20444444444444446,-0.0069614106672921255,low
primary,roe_accel_lag10,-0.004907906663381756,-0.031772805997217,0.4822222222222222,1.0,0.0027118519478590355,low
primary,news_sent_vol_ratio_lag10,-0.004919231479983846,-0.04048249884813683,0.4776725304465494,0.5474074074074075,0.0024383110124712435,low
primary,dv_intensity_20d_ma10,-0.004921756129962529,-0.0390501624671643,0.48773006134969327,0.7244444444444444,-0.004485161732583153,low
primary,leader_change_accel,-0.0049306557803703655,-0.03055193103438765,0.48518518518518516,1.0,-0.006888174598476238,low
primary,guba_sent_reversal_5d_lag3,-0.004930706860744774,-0.03662126228122415,0.48,1.0,-0.006312978993999489,low
primary,bond_us_5y_std20,-0.004930882047862825,-0.037454440798015284,0.469811320754717,0.3925925925925926,-0.0005076009203168391,low
primary,dv_count_20d_ma10,-0.0049513449990846075,-0.03939082985835749,0.48261758691206547,0.7244444444444444,-0.004199797591978884,low
primary,idx_change_30d_ma20,-0.004987537432539194,-0.029507557171237295,0.49295774647887325,0.47333333333333333,0.00015771386952807367,low
primary,sector_rrg_quadrant_ma10_lag20,-0.004992238016199655,-0.031200468800365273,0.48444444444444446,1.0,-0.00491717234898297,low
primary,sector_rrg_quadrant_ma5_lag20,-0.0049954695054841595,-0.030467828344152185,0.4785185185185185,1.0,-0.0037257370706662947,low
primary,guba_disagreement_lag10,-0.005021744673027589,-0.03848482578305063,0.4744255003706449,0.9992592592592593,-0.004894977871453142,low
primary,ann_sentiment_std_lag10,-0.0050379931726427084,-0.041541218024101025,0.4691689008042895,0.2762962962962963,-0.004923427359530924,low
primary,negative_ratio,-0.005054088352443941,-0.04052606998580231,0.4475806451612903,0.1837037037037037,0.004743628217461806,low
primary,sector_rrg_y_ma10_lag5,-0.005056894594121667,-0.02754568313958344,0.48962962962962964,1.0,-0.005660889448994852,low
primary,guba_net_bullish_lag2,-0.005062056589414797,-0.041920529296673975,0.46849518161601184,0.9992592592592593,-0.003534772391411925,low
primary,dividend_yield_ma5,-0.005078101684471513,-0.03942920446103743,0.4746588693957115,0.76,-0.0034615332830993523,low
primary,stock_vs_industry_lag3,-0.005090858475788017,-0.0190297324139842,0.5052083333333334,0.9955555555555555,0.00799796998616718,low
primary,guba_sent_extreme_lag10,-0.005099902302624358,-0.0432544504348742,0.47185185185185186,1.0,-0.003464841593764033,low
primary,guba_sentiment_std,-0.00512126447257132,-0.03743889279178744,0.48700816629547145,0.9977777777777778,-0.000990997850413597,low
primary,guba_sentiment_mean,-0.005125041442006793,-0.04216484322849585,0.4795842613214551,0.9977777777777778,-0.0063252534284120405,low
primary,amount_vol_6d,-0.005134065490068563,-0.03960164154819933,0.47914893617021276,0.8703703703703703,-0.0009387318145231886,low
primary,news_sent_x_macd_lag2,-0.0051372635087150184,-0.04531605546220413,0.48028673835125446,0.20666666666666667,-0.0037322377570870647,low
primary,sector_rrg_y_std20_lag5,-0.005139079183721052,-0.03277954095075387,0.48814814814814816,1.0,-0.006961677409620105,low
primary,news_neg_momentum_lag20,-0.0051455226829821765,-0.045406087945832264,0.4840085287846482,0.3474074074074074,-0.0019290441451650276,low
primary,pe_percentile_252d_lag10,-0.005148635396360759,-0.04199880095017598,0.4696296296296296,1.0,-0.0034675392205549605,low
primary,guba_sent_extreme_lag3,-0.0051610874762223515,-0.043433988152691144,0.4837037037037037,1.0,-0.003022073339729226,low
primary,ind_dispersion_20d_ma10,-0.005163988445901516,-0.037205900299264176,0.4984025559105431,0.23185185185185186,0.003564144376708327,low
primary,guba_sentiment_mean_lag2,-0.005171566679603817,-0.04280500101701568,0.4647887323943662,0.9992592592592593,-0.003740308052866031,low
primary,days_since_last_ex_div_ma10,-0.0051862842901929836,-0.0367126446278358,0.4792592592592593,1.0,-0.002336676363117421,low
primary,guba_net_bullish,-0.005198811032291294,-0.04273490330369885,0.4803266518188567,0.9977777777777778,-0.006589254989910696,low
primary,menv_m1_m2_spread_lag10,-0.005216800827710936,-0.037593775758736694,0.4782608695652174,0.051111111111111114,0.008873885340879867,low
primary,lhb_net_amount_ma5,-0.0052432496091964955,-0.03390764970927811,0.4750402576489533,0.92,-0.007831267936833664,low
primary,ann_sentiment_mean_accel,-0.00525504784463922,-0.0462372977133416,0.4874074074074074,1.0,-0.003269272826810048,low
primary,lhb_net_amount_ma20,-0.005261854225998577,-0.036916988126227894,0.47555555555555556,1.0,-0.006815977186764413,low
primary,guba_negative_ratio_lag1,-0.005263766727476413,-0.04055777726190388,0.478486646884273,0.9985185185185185,-0.00334471275413223,low
primary,momentum_20d_z20_lag3,-0.005279731583426213,-0.030333948902971346,0.49777777777777776,1.0,-0.002219782643063432,low
primary,bonus_rmb,-0.005290341033081156,-0.041245950719431816,0.47761194029850745,0.7444444444444445,-0.0036659466816877763,low
primary,shibor_3M_lag5,-0.005306885906698453,-0.035759808775363916,0.47540983606557374,0.13555555555555557,-0.005201131754186586,low
primary,sector_rrg_y_lag2,-0.00532548990080827,-0.029351159687992304,0.4940652818991098,0.9985185185185185,-0.006707864356755986,low
primary,shibor_O_N_ma10,-0.005343190206813416,-0.037756562953192234,0.4967948717948718,0.2311111111111111,-0.00015706655150409505,low
primary,days_since_last_ex_div_ma20,-0.005352858885210299,-0.03783122655024208,0.4866666666666667,1.0,-0.0037732109068612163,low
primary,quality_composite_lag20,-0.005361838317994175,-0.036839359191219924,0.47333333333333333,1.0,0.006854664782964495,low
primary,sector_rrg_y_ma5_lag3,-0.005417297651689356,-0.029769714169866686,0.49333333333333335,1.0,-0.005742519300292127,low
primary,shibor_1Y_lag10,-0.005423835073989141,-0.039049733038944705,0.47770700636942676,0.2325925925925926,-0.00696870520530002,low
primary,change_num_std20,-0.0054356267584723585,-0.037713781579935254,0.4735413839891452,0.5459259259259259,-0.00950755470648119,low
primary,news_sent_accel_lag3,-0.00544918504840611,-0.04432764413809268,0.48927613941018766,0.5525925925925926,-0.0022992374408911443,low
primary,menv_bond_10y2y_spread_ma5_lag10,-0.005467625553360689,-0.040386596449602685,0.4837962962962963,0.32,0.003251036578073213,low
primary,shibor_3M_lag20,-0.005485365259487415,-0.0414393078352675,0.5077821011673151,0.38074074074074077,-0.006789872836373917,low
primary,quality_composite,-0.005509571165323013,-0.03783602945807241,0.48074074074074075,1.0,-0.008627112457062706,low
primary,idx_change_30d_lag10,-0.0055396179329866456,-0.03394920562875552,0.46741573033707867,0.3296296296296296,0.00013503886209341107,low
primary,bond_cn_2y_lag10,-0.005547825106427877,-0.03901283135098023,0.4732142857142857,0.24888888888888888,-0.004844004570888243,low
primary,sector_rrg_y_ma10_lag3,-0.005554043855873161,-0.030488530279402466,0.482962962962963,1.0,-0.005786297255152066,low
primary,pe_percentile_252d_lag5,-0.0055548020095025205,-0.04464576490550936,0.4792592592592593,1.0,-0.004845866147124302,low
primary,shibor_6M_lag2,-0.005556992959350488,-0.03610681822853149,0.4897959183673469,0.0725925925925926,-0.004474647879912888,low
primary,menv_bond_10y2y_spread_std20_lag20,-0.005569068839522986,-0.04259997686633409,0.4909090909090909,0.6111111111111112,0.009620955292154771,low
primary,bond_cn_10y_ma20,-0.0055740593196068255,-0.041295064118862565,0.49814126394052044,0.3985185185185185,-0.007372153585830599,low
primary,menv_fx_usd_cny_z_ma20_lag10,-0.005574204160777423,-0.04408581817213453,0.48221343873517786,0.937037037037037,-0.0031735960888725143,low
primary,positive_ratio_lag10,-0.005622106075278138,-0.049932001876040424,0.4606741573033708,0.19777777777777777,-0.008126358509825566,low
primary,debt_ratio_lag1,-0.0056341144454928405,-0.04359074783477729,0.4551569506726457,0.33037037037037037,-0.009164649686201919,low
primary,menv_fx_usd_cny_z_ma10_lag10,-0.005651877281429646,-0.04444296160105583,0.4774034511092851,0.9014814814814814,-0.008762322493219085,low
primary,profit_yoy_lag10,-0.005682340623134286,-0.04051396261337255,0.4968017057569296,0.3474074074074074,-0.0035624726571539594,low
primary,investor_new_num_ma10,-0.005684831884037441,-0.043915642624610604,0.48148148148148145,0.08,-0.009670215158637916,low
primary,guba_disagreement_lag1,-0.005690749939154346,-0.043121033110652164,0.4814540059347181,0.9985185185185185,-0.007372692283225684,low
primary,investor_new_num_lag5,-0.005713366536642165,-0.04509507516050359,0.4444444444444444,0.02666666666666667,-0.009756829296750832,low
primary,menv_bond_10y2y_spread_ma20_lag5,-0.005735459679853042,-0.043600241530916246,0.47665056360708535,0.46,0.0029369415941738106,low
primary,sector_rrg_x_std20_lag10,-0.00574473554116754,-0.037309743109740494,0.48074074074074075,1.0,-0.0008368423248367759,low
primary,ind_return_std_ma5,-0.005748642290295112,-0.0380909333106863,0.4715909090909091,0.13037037037037036,-0.004542079479166286,low
primary,news_sent_vol_ratio_lag5,-0.00575460383820102,-0.0465928341334029,0.47446236559139787,0.5511111111111111,0.0020292474044672627,low
primary,bond_cn_2y_lag1,-0.005769509567506164,-0.0345223687358391,0.4675324675324675,0.05703703703703704,-0.007570361964055347,low
primary,sector_rrg_y_ma5_lag5,-0.00577092418882448,-0.03162585156366597,0.48814814814814816,1.0,-0.005554231766179061,low
primary,ret_std_accel,-0.005806556713122715,-0.03494629153073213,0.49407407407407405,1.0,0.0029976278937359924,low
primary,sector_rrg_y_ma20,-0.005825315381561968,-0.03181225482940721,0.49037037037037035,1.0,-0.0062952470959228395,low
primary,sector_rrg_y_ma5,-0.005825842531333001,-0.03210300743442981,0.49037037037037035,1.0,-0.006683700647599398,low
primary,sector_rrg_quadrant_lag20,-0.005826009540476807,-0.035800306796136536,0.4822222222222222,1.0,-0.00640038921692386,low
primary,holder_num_accel,-0.005826080001077725,-0.041773746081378314,0.49355432780847147,0.4022222222222222,0.0032725666530398437,low
primary,sector_rrg_x_std20_lag1,-0.005831617398412114,-0.03772185599700216,0.49703703703703705,1.0,0.0027514924777263068,low
primary,menv_us_cn_10y_spread_z20_lag2,-0.00585933333271011,-0.04574000553393382,0.4670138888888889,0.4266666666666667,-0.006163394617399428,low
primary,sector_rrg_y_ma20_lag2,-0.005869085673412801,-0.03194012587390027,0.48814814814814816,1.0,-0.006219519064942252,low
primary,sector_rrg_y_std20_lag2,-0.005892980254656588,-0.0378727531195719,0.4837037037037037,1.0,-0.004272445252058146,low
primary,sector_rrg_y_ma5_lag2,-0.005906971822724615,-0.03235783983424631,0.48962962962962964,1.0,-0.005937699927250249,low
primary,permanent_impact,-0.005911993187556852,-0.031050863680979396,0.48586707410236823,0.9696296296296296,0.008136036066460878,low
primary,sector_rrg_y_ma5_lag1,-0.005917804469453328,-0.032537111574650786,0.4888888888888889,1.0,-0.006145132161056609,low
primary,north_net_buy_accel,-0.005933472871496842,-0.043400629722432936,0.47052280311457173,0.6659259259259259,-0.007357122276939768,low
primary,news_sent_x_macd_lag3,-0.005934982199401302,-0.047919514960982935,0.4892086330935252,0.20592592592592593,-0.0029956272357065153,low
primary,dv_days_since_ma5,-0.005934983920499432,-0.0397478235033799,0.482962962962963,1.0,-0.0012803234164611172,low
primary,sector_rrg_y_ma20_lag1,-0.005951639158879595,-0.03248559490385424,0.48962962962962964,1.0,-0.0061954357378877535,low
primary,flow_intensity_ma5,-0.0059694357753138855,-0.0422470930742392,0.4918518518518519,1.0,-0.009566359990087989,low
primary,sector_rrg_y,-0.005972387651131483,-0.032990105316490624,0.4947994056463596,0.997037037037037,-0.007352463260238738,low
primary,menv_bond_10y2y_spread_ma20_lag3,-0.005993161285661257,-0.044890294994812716,0.46114864864864863,0.43851851851851853,0.0029193294377314626,low
primary,news_sent_vol_ratio,-0.006015114338520406,-0.04910742613500568,0.4766355140186916,0.5548148148148148,0.0017340343789287761,low
primary,sentiment_mean_lag10,-0.006025399077050431,-0.054683872910163606,0.45955882352941174,0.20148148148148148,-0.0075607235920655365,low
primary,board_momentum_mean_ma10_lag1,-0.006038972295920369,-0.06497765750355322,0.5555555555555556,0.006666666666666667,-0.008873126407487233,low
primary,board_momentum_max_ma20_lag1,-0.006038972295920369,-0.06497765750355322,0.5555555555555556,0.006666666666666667,-0.008873126407487233,low
primary,board_momentum_max_ma10_lag1,-0.006038972295920369,-0.06497765750355322,0.5555555555555556,0.006666666666666667,-0.008873126407487233,low
primary,board_momentum_mean_ma20_lag1,-0.006038972295920369,-0.06497765750355322,0.5555555555555556,0.006666666666666667,-0.008873126407487233,low
primary,north_net_buy,-0.00606695187384155,-0.04213098464039448,0.4821852731591449,0.6237037037037036,0.004071338627431543,low
primary,shibor_9M_lag10,-0.0060788368300545535,-0.043249156999656535,0.46153846153846156,0.22148148148148147,-0.0058575807586075685,low
primary,idx_change_30d_ma5,-0.0060796397929373715,-0.03609931343520234,0.48851774530271397,0.3548148148148148,0.0017935183040839332,low
primary,sector_rrg_y_ma10_lag1,-0.006091414952555383,-0.033417918490603715,0.4874074074074074,1.0,-0.005922664717018189,low
primary,news_sent_streak_lag2,-0.006094259950766454,-0.04797628328333597,0.48,0.07407407407407407,-0.004546304871815632,low
primary,bond_cn_5y_ma5,-0.006099056948382453,-0.040083942188471534,0.5227272727272727,0.13037037037037036,-0.005906989205646543,low
primary,sector_rrg_y_ma20_lag3,-0.0061113576925554015,-0.03326964820980277,0.48962962962962964,1.0,-0.00610138138756387,low
primary,momentum_5d_ma10_lag10,-0.006153681757151664,-0.03392646259274062,0.4748148148148148,1.0,-0.004481834677968309,low
primary,news_count_momentum_lag1,-0.006158403632052698,-0.05147249212860519,0.5,0.3688888888888889,0.0017603826990782515,low
primary,news_disagreement_lag2,-0.0061661045273610545,-0.05284630463818726,0.5018315018315018,0.20222222222222222,0.002184599109636877,low
primary,news_sent_volume_lag10,-0.0061773353099719335,-0.05606961721806817,0.4522058823529412,0.20148148148148148,-0.0075594585464965865,low
primary,shibor_6M_lag5,-0.006196127197444047,-0.04083996676953193,0.4692737430167598,0.1325925925925926,-0.004844472903148729,low
primary,dv_days_since,-0.006204815625737008,-0.04156648623918166,0.47961452928094883,0.9992592592592593,-0.0008252952249750249,low
primary,sent_dispersion,-0.006234261439333605,-0.04713641927937439,0.48518518518518516,1.0,-0.0034443026159610103,low
primary,earnings_surprise_lag3,-0.00624633258568625,-0.03593848263241787,0.4785185185185185,1.0,-0.00197252995378827,low
primary,guba_post_count_lag10,-0.0062522956290358795,-0.0436613209735232,0.47071905114899926,0.9992592592592593,-0.009272664707362203,low
primary,menv_us_cn_10y_spread_std20_lag2,-0.00625400333563371,-0.04654183318733185,0.4670138888888889,0.4266666666666667,-0.008693520897819138,low
primary,news_sent_bull_vol_lag10,-0.006262636825437362,-0.056200058594706837,0.4692982456140351,0.1688888888888889,-0.009210689034498882,low
primary,guba_negative_ratio_lag3,-0.006264446805457348,-0.04899282400341528,0.47961452928094883,0.9992592592592593,-0.0017051190058440292,low
primary,guba_sent_streak_lag3,-0.006277636207085536,-0.050838476429479265,0.47700296735905046,0.9985185185185185,-0.005875411136234126,low
primary,effective_yield_accel,-0.006291861701758102,-0.042340263903345485,0.4888888888888889,1.0,-0.0067168888195979345,low
primary,menv_cpi_z_std20,-0.006322560782446504,-0.05050847422951319,0.47585513078470826,0.7362962962962963,-0.006608570027672574,low
primary,guba_sent_accel_lag3,-0.006323770509247961,-0.0536566064589184,0.47703703703703704,1.0,-0.007569646428716145,low
primary,bonus_rmb_ma5,-0.006325280025713738,-0.04890307098462406,0.46881091617933723,0.76,-0.0037593786638940507,low
primary,dv_days_since_ma10,-0.006368359418304136,-0.0426419088595213,0.4837037037037037,1.0,-0.0024342688611482376,low
primary,news_sent_momentum_5d_lag20,-0.0063795775028505555,-0.058014712287496537,0.48068669527896996,0.3451851851851852,-0.00732119290175771,low
primary,guba_sent_accel_lag2,-0.00638279390307638,-0.05462511236681378,0.46370370370370373,1.0,-0.00984465835403388,low
primary,lhb_is_sustained,-0.006393073399102866,-0.03932889158733333,0.47491638795986624,0.22148148148148147,0.0027129294723649182,low
primary,high_low_ratio_lag20,-0.00640000588936364,-0.04128906108106938,0.5149253731343284,0.09925925925925926,0.00972568208595077,low
primary,bond_us_10y2y_spread_lag1,-0.006400931094754379,-0.038304049336942085,0.4852941176470588,0.05037037037037037,0.00770302506194219,low
primary,sector_rrg_y_std20_lag3,-0.00640510529806324,-0.04119034889819345,0.49037037037037035,1.0,-0.004381178247642594,low
primary,sector_rrg_y_ma20_lag20,-0.006410523921958131,-0.03462332231099366,0.48814814814814816,1.0,-0.006637791768529785,low
primary,sector_rrg_y_ma10_lag2,-0.006413426904328342,-0.03514757536416061,0.4837037037037037,1.0,-0.005724587048462209,low
primary,sector_rrg_y_lag3,-0.006428708661852177,-0.035368587971190676,0.4825796886582654,0.9992592592592593,-0.006407457629434077,low
primary,shibor_6M_lag10,-0.006434705698755078,-0.04561146352592134,0.46938775510204084,0.21777777777777776,-0.0065769908770709675,low
primary,total_attention_lag10,-0.006445644019409675,-0.04502516065575628,0.469236471460341,0.9992592592592593,-0.009192551306295035,low
primary,bond_cn_10y_ma10,-0.006465651209781741,-0.04557967541465635,0.4984025559105431,0.23185185185185186,-0.008044634207507478,low
primary,guba_sent_x_macd_lag3,-0.006482449423297695,-0.053480149041936306,0.4699777613046701,0.9992592592592593,-0.007153505880483685,low
primary,dv_days_since_ma20,-0.006485271849037604,-0.04344026007087396,0.4792592592592593,1.0,-0.003724707310606734,low
primary,sector_rrg_y_ma5_lag10,-0.0064966940989863225,-0.03564788753164011,0.48518518518518516,1.0,-0.005896394013079905,low
primary,ret_std_ma5,-0.006504816046056471,-0.038201731861202064,0.4925925925925926,1.0,0.006506778608552867,low
primary,guba_sent_streak_lag10,-0.006511955444672965,-0.0541117699027641,0.486646884272997,0.9985185185185185,-0.005976160119814664,low
primary,guba_positive_ratio,-0.006523027367623645,-0.04991777158813051,0.48329621380846327,0.9977777777777778,-0.005108272531199725,low
primary,menv_us_cn_10y_spread_z20_lag20,-0.00653246639606843,-0.04992162485441721,0.47578692493946734,0.6118518518518519,0.008157309800804959,low
primary,bond_cn_10y_lag3,-0.006542258088914527,-0.0413405367998332,0.5069444444444444,0.10666666666666667,-0.007082217427955684,low
primary,bond_cn_5y_lag10,-0.006570530679681783,-0.045902689253928916,0.4822485207100592,0.25037037037037035,-0.003366648993836644,low
primary,guba_sent_bull_vol,-0.006580094603854785,-0.051199467755398076,0.4884929472902747,0.9977777777777778,-0.006205578526245689,low
primary,idx_change_30d_lag20,-0.0065969366952176875,-0.04065651872171042,0.48131868131868133,0.337037037037037,-0.00382903789619808,low
primary,momentum_5d_std20_lag20,-0.006631513055162804,-0.04119647836280326,0.48518518518518516,1.0,-0.0015517625385430942,low
primary,short_balance_accel,-0.006638648681022855,-0.047053044222426066,0.4792592592592593,1.0,-0.008107125914467763,low
primary,sentiment_std_lag2,-0.006655656689098324,-0.05696450774401136,0.4945054945054945,0.20222222222222222,0.0021309910541951857,low
primary,ind_pct_up_ma20,-0.006662488576432595,-0.04940623957762315,0.4944029850746269,0.397037037037037,0.002520179173933158,low
primary,negative_ratio_std20,-0.006675450754281934,-0.05174991144052679,0.47429305912596403,0.5762962962962963,-0.008393909132764985,low
primary,trade_count_std20,-0.006681828025957054,-0.05489726728704639,0.49070631970260226,0.9962962962962963,-0.005229991133039447,low
primary,bond_us_5y_lag20,-0.0066994086223179945,-0.05084657250510386,0.4726930320150659,0.3933333333333333,-0.006483081944349806,low
primary,guba_net_bullish_lag1,-0.0067167559586891,-0.0540247301675405,0.48516320474777447,0.9985185185185185,-0.008328860107553859,low
primary,menv_cpi_z_std20_lag3,-0.006743455286496846,-0.054074415111032705,0.4822834645669291,0.7525925925925926,0.0009525711571202706,low
primary,ann_sent_bull_vol,-0.006749394014403297,-0.057966688613788155,0.4700854700854701,0.3466666666666667,0.0015199263308580994,low
primary,negative_ratio_ma20,-0.006757438057586198,-0.0523500647158636,0.47429305912596403,0.5762962962962963,-0.008367129857130265,low
primary,sector_rrg_y_ma10,-0.006777136201735263,-0.037175902477187266,0.4866666666666667,1.0,-0.0064392114842463915,low
primary,menv_cpi_z_std20_lag2,-0.006782703307296196,-0.054138097482883264,0.4767096134786918,0.7474074074074074,-0.0013070441097236887,low
primary,sent_dispersion_ma20,-0.006805181530390926,-0.04896671407642984,0.47555555555555556,1.0,-0.0062896086111675605,low
primary,guba_sentiment_mean_lag1,-0.006833210375427733,-0.05502197098683951,0.486646884272997,0.9985185185185185,-0.008607123107809731,low
primary,sent_dispersion_accel,-0.006883637356282538,-0.0596220278172518,0.46814814814814815,1.0,-0.003909060615876858,low
primary,quality_composite_lag3,-0.006892604802133959,-0.047057292004507936,0.47703703703703704,1.0,-0.003970419322905693,low
primary,menv_cpi_z_std20_lag5,-0.006897592722618575,-0.056544014676621096,0.48446601941747575,0.762962962962963,4.986414487692034e-05,low
primary,bond_cn_2y_ma10,-0.00689979162451981,-0.04810292264188507,0.48881789137380194,0.23185185185185186,-0.007182346974640499,low
primary,total_amount,-0.006935331487230927,-0.05050014338991455,0.4836795252225519,0.9985185185185185,0.000988094141835417,low
primary,sector_rrg_x_std20_lag20,-0.006978290417087736,-0.04508514334187063,0.4725925925925926,1.0,-0.003993421522987219,low
primary,avg_account_cap_z_std20,-0.006990939402575639,-0.054524301080272064,0.464,0.18518518518518517,-0.004106771276793727,low
primary,menv_bond_10y2y_spread_lag10,-0.00699393825236796,-0.049695147519993634,0.4732142857142857,0.24888888888888888,-0.004169108769507834,low
primary,bond_cn_10y2y_spread_lag10,-0.00699393825236796,-0.049695147519993634,0.4732142857142857,0.24888888888888888,-0.004169108769507834,low
primary,guba_disagreement_lag5,-0.007000150194399786,-0.05264248621706277,0.46627131208302447,0.9992592592592593,-0.00738793584438654,low
primary,guba_pos_momentum_lag2,-0.007017799352464765,-0.06492791477157954,0.47185185185185186,1.0,-0.005129312921285866,low
primary,shibor_3M_ma5,-0.007027492275018447,-0.04667833821796887,0.4880952380952381,0.12444444444444444,-0.004776295457060835,low
primary,sector_rrg_y_ma20_lag5,-0.007037833043699205,-0.03833902003571749,0.4948148148148148,1.0,-0.006144300212215765,low
primary,trade_count,-0.007046017526101116,-0.05148111345550217,0.47774480712166173,0.9985185185185185,0.0014346944856815647,low
primary,total_volume,-0.007061996934057113,-0.05157738712715263,0.47700296735905046,0.9985185185185185,0.0013920093023352838,low
primary,sector_rrg_y_std20_lag20,-0.00707674175520121,-0.045678542620991594,0.4762962962962963,1.0,-0.002467274685372663,low
primary,ann_positive_ratio,-0.007085947031906168,-0.0606405221254556,0.4673684210526316,0.35185185185185186,0.0001766326330752553,low
primary,earnings_surprise_lag1,-0.007107073929698946,-0.040885257825561815,0.4837037037037037,1.0,-0.009228989979731303,low
primary,news_sent_reversal_5d_lag5,-0.007108575163022572,-0.059263076789121426,0.456,0.2777777777777778,-0.008749251191918963,low
primary,kup2,-0.007110568310054414,-0.048110776767546215,0.48518518518518516,1.0,-0.005749801409198711,low
primary,ret_std,-0.007133447714125361,-0.04345023061792638,0.4947994056463596,0.997037037037037,0.009981324569588204,low
primary,bond_us_30y_lag20,-0.007148065519361456,-0.053389213001415546,0.4669187145557656,0.39185185185185184,0.0023425922504420015,low
primary,flow_intensity_ma20,-0.007165211887035917,-0.04921648856799173,0.482962962962963,1.0,-0.005136143557755614,low
primary,sent_consensus_ma10,-0.007166544653818741,-0.053844413902602806,0.4777777777777778,1.0,-0.009034490923164579,low
primary,guba_positive_ratio_lag2,-0.007170487479601502,-0.05541230085148105,0.48035581912527797,0.9992592592592593,-0.006586828189469545,low
primary,guba_sent_x_macd,-0.007222791389940413,-0.059451635493448715,0.4758723088344469,0.9977777777777778,-0.005173499020816368,low
primary,lhb_is_wave_lag3,-0.007305292697316055,-0.048835070817879724,0.4954545454545455,0.16296296296296298,-0.004561107086200746,low
primary,free_shares_accel,-0.007323690039836694,-0.061593616742630884,0.48315602836879434,0.8355555555555556,-0.002704050557461246,low
primary,total_amount_ma5,-0.0073536329092209985,-0.053742744190264286,0.4740740740740741,1.0,-0.002394080131144465,low
primary,sector_rrg_y_ma5_lag20,-0.007361894904148148,-0.03994074670014768,0.48444444444444446,1.0,-0.006038849344093716,low
primary,pledge_risk_ma20,-0.0073646637876185,-0.05809797604504443,0.46986607142857145,0.6637037037037037,0.004273633609471082,low
primary,shibor_1M_ma5,-0.007371599286920249,-0.048769338206956184,0.4942528735632184,0.1288888888888889,-0.004885542091537405,low
primary,guba_sentiment_std_lag2,-0.007389243838088478,-0.05494512317043099,0.4647887323943662,0.9992592592592593,-0.0034989709546957098,low
primary,sent_agree_pos_ma10,-0.007390500496385457,-0.05085509905992411,0.47555555555555556,1.0,-0.009726079190819392,low
primary,quality_composite_lag1,-0.007398974359354373,-0.0506548510859955,0.47555555555555556,1.0,-0.007188631564046979,low
primary,news_sent_accel_lag2,-0.007400603532895654,-0.059960751667327596,0.46987951807228917,0.5533333333333333,-0.001034951096728712,low
primary,pct_change,-0.007435837722154168,-0.03952056163432106,0.4903417533432392,0.997037037037037,0.005751149598995607,low
primary,guba_neg_momentum_lag5,-0.007458467417831691,-0.06432461532586754,0.46814814814814815,1.0,-0.0036783063036925773,low
primary,guba_sent_volume_lag2,-0.007459974355709074,-0.06049627936231954,0.4603409933283914,0.9992592592592593,-0.005740308913247373,low
primary,main_net_ma20,-0.007480634833566361,-0.044786114156582006,0.49333333333333335,1.0,-0.00918403083506151,low
primary,main_ratio_ma20,-0.007480634833566361,-0.044786114156582006,0.49333333333333335,1.0,-0.00918403083506151,low
primary,rank_std20,-0.007493897353791246,-0.04888051648369386,0.4651851851851852,1.0,-0.0026440509591733464,low
primary,sector_rrg_y_std20_lag1,-0.007502120463440893,-0.04791476171782726,0.4725925925925926,1.0,-0.0030723656693646753,low
primary,guba_net_bullish_lag3,-0.007504394312140954,-0.06207996748174826,0.4781319495922906,0.9992592592592593,-0.008649267597652785,low
primary,bonus_ratio_ma10,-0.0075240159639178095,-0.061313045255005805,0.4672897196261682,0.07925925925925927,-6.367174861684945e-05,low
primary,guba_count_momentum_lag2,-0.007555330851588038,-0.06156983643786426,0.4788732394366197,0.9992592592592593,-0.008499817902094286,low
primary,sector_rrg_x_std20,-0.007556144124306887,-0.0487616374815421,0.4866666666666667,1.0,0.003768502181074185,low
primary,pe_percentile_252d_lag3,-0.007569893096789619,-0.06122980982434689,0.4703703703703704,1.0,-0.009109388169202473,low
primary,sector_rrg_y_ma10_lag20,-0.007602216464762215,-0.0412254852485502,0.48814814814814816,1.0,-0.006541674569203678,low
primary,guba_count_momentum_lag3,-0.007605926560002464,-0.06284726047660666,0.4699777613046701,0.9992592592592593,-0.006925136440888288,low
primary,news_sent_x_roc20_lag20,-0.007610537360132411,-0.06627846574634572,0.48854961832061067,0.19407407407407407,-0.007146091762001816,low
primary,total_volume_ma5,-0.007612064435832777,-0.0558481638564183,0.47185185185185186,1.0,-0.0019455948859907462,low
primary,menv_us_cn_10y_spread_lag20,-0.007625691519649323,-0.05714894584730416,0.47048300536672627,0.4140740740740741,0.004586038554551241,low
primary,pledge_risk_lag10,-0.007625762767307825,-0.059653281235202145,0.4668218859138533,0.6362962962962962,0.004900117002406302,low
primary,bond_cn_2y_ma5,-0.00762677732580366,-0.05066774660573491,0.5227272727272727,0.13037037037037036,-0.007256016018869514,low
primary,trade_count_ma5,-0.007648406428279187,-0.05608714735436521,0.47555555555555556,1.0,-0.0020300091224937345,low
primary,stock_vs_industry_ma20,-0.007653430394143943,-0.03017634099741738,0.47516679021497404,0.9992592592592593,-0.0039059495218525054,low
primary,sector_rrg_y_ma20_lag10,-0.007765423084230734,-0.042346287827721464,0.4925925925925926,1.0,-0.006027401717043191,low
primary,ann_sentiment_std_lag2,-0.007839024339248882,-0.06478247481616453,0.4839572192513369,0.277037037037037,-0.00020236551423082844,low
primary,premium_pct_wavg_std20,-0.007860240995497753,-0.0637093059318212,0.4622222222222222,1.0,-0.003948112258923454,low
primary,premium_pct_mean_std20,-0.007860240995497753,-0.0637093059318212,0.4622222222222222,1.0,-0.003967001434927197,low
primary,market_turnover_z_accel,-0.00786730768399282,-0.058887829567514705,0.4739776951672863,0.3985185185185185,-0.004376710635028741,low
primary,bond_us_10y_lag20,-0.007906770021596265,-0.059943909080486836,0.4727954971857411,0.39481481481481484,-0.0023875133933766376,low
primary,sector_rrg_y_lag20,-0.007910616076861832,-0.043116972621520505,0.48592592592592593,1.0,-0.005655112749787405,low
primary,guba_sentiment_mean_lag3,-0.007982608201607202,-0.06600938664847268,0.4729429206819867,0.9992592592592593,-0.008979789697365749,low
primary,guba_positive_ratio_lag3,-0.007996425073862626,-0.061971546791310624,0.4759080800593032,0.9992592592592593,-0.006829767029835797,low
primary,sent_dispersion_ma10,-0.007997875745916868,-0.057143178617412436,0.4711111111111111,1.0,-0.006140855468465101,low
primary,guba_sent_volume,-0.008003611148412124,-0.06486052685110343,0.46770601336302897,0.9977777777777778,-0.008671467754062712,low
primary,menv_us_cn_10y_spread_lag5,-0.008007582860223062,-0.053243384406543845,0.49514563106796117,0.15259259259259259,0.004764259220490693,low
primary,guba_disagreement_lag3,-0.008012442097987058,-0.06143749652057306,0.4670126019273536,0.9992592592592593,-0.006247612838329518,low
primary,guba_positive_ratio_lag1,-0.008015288818215253,-0.06115459121093511,0.4629080118694362,0.9985185185185185,-0.008520889468833904,low
primary,sector_rrg_y_ma10_lag10,-0.00804339418551342,-0.044029704500953275,0.4866666666666667,1.0,-0.006469783427123327,low
primary,sector_rrg_y_lag10,-0.008049609857871379,-0.043994546617006317,0.4866666666666667,1.0,-0.004974705331768672,low
primary,guba_negative_ratio_lag2,-0.008193982235884821,-0.0632772463293286,0.4633061527057079,0.9992592592592593,-0.004220580954040621,low
primary,volume_ratio_lag5,-0.00820027795923891,-0.061516600982621454,0.4711111111111111,1.0,-0.004901057440152243,low
primary,guba_count_momentum_lag5,-0.008210829727398896,-0.06768555033923138,0.46849518161601184,0.9992592592592593,-0.002770858868329228,low
primary,market_adv_ratio_ma20,-0.008216895667470067,-0.06338881454681898,0.4709193245778612,0.39481481481481484,0.00819707762632313,low
primary,shibor_1M_lag2,-0.008225110213666963,-0.052966918740290685,0.5188679245283019,0.07851851851851852,-0.004376261658313035,low
primary,guba_negative_ratio_lag10,-0.008237013725563281,-0.06439923343840784,0.47739065974796147,0.9992592592592593,-0.00523067644711402,low
primary,sent_dispersion_ma5,-0.008268206662495005,-0.05918494124749569,0.4651851851851852,1.0,-0.005870775001217658,low
primary,pe_percentile_252d_lag2,-0.008302967998759996,-0.06685595514917386,0.4740740740740741,1.0,-0.009418102080560273,low
primary,bond_cn_5y_ma10,-0.008322999025357023,-0.06035581496319088,0.476038338658147,0.23185185185185186,-0.004765015916341925,low
primary,sentiment_mean_ma10,-0.008349701576341868,-0.07186671590619043,0.4527363184079602,0.44666666666666666,-0.0076017683430698755,low
primary,bond_cn_2y_lag20,-0.008390874202510999,-0.062214226673387926,0.4712230215827338,0.41185185185185186,-0.007538749190184964,low
primary,ind_return_mean_ma20,-0.00840678703031194,-0.06241843432803334,0.48141263940520446,0.3985185185185185,-0.0013848737332372027,low
primary,menv_cpi_z_std20_lag1,-0.008409369340452735,-0.06731614046375083,0.469061876247505,0.7422222222222222,-0.0029927588288793518,low
primary,earnings_quality_lag10,-0.008442946852878563,-0.06426851859649327,0.4605543710021322,0.3474074074074074,-0.0066039764141085,low
primary,quality_composite_lag2,-0.008499799609004528,-0.05834080360835834,0.47333333333333333,1.0,-0.007453839158604364,low
primary,fx_gbp_cny_std20,-0.008500377097256144,-0.06261343122224822,0.4981481481481482,0.4,0.007847227377967258,low
primary,guba_pos_momentum_lag3,-0.00850292444341983,-0.07665534705287692,0.45185185185185184,1.0,-0.007903075628650858,low
primary,n_indexes_z20,-0.008567587834430962,-0.03921245240769407,0.48497854077253216,0.1725925925925926,0.0030873876325982572,low
primary,bond_cn_10y_ma5,-0.008572937979218697,-0.057633029830228284,0.5056818181818182,0.13037037037037036,-0.008677987781383636,low
primary,able_shares_ma10,-0.008632585214272426,-0.07003504742114736,0.47253886010362695,0.7148148148148148,0.0029191000735959774,low
primary,pledge_risk_lag20,-0.00864824478031397,-0.06772897524689148,0.4664310954063604,0.6288888888888889,-0.000944826888354748,low
primary,earnings_surprise_lag2,-0.008656965703702932,-0.04984934366726522,0.4777777777777778,1.0,-0.0077994831936651935,low
primary,free_ratio_ma10,-0.008661623388929921,-0.0702584997741378,0.47357512953367875,0.7148148148148148,0.002876670458699759,low
primary,news_pos_momentum_lag1,-0.008681859859442368,-0.07137152425093503,0.4737903225806452,0.3674074074074074,-0.005933640755824081,low
primary,guba_disagreement_lag2,-0.008686989561475521,-0.06495660737843735,0.4744255003706449,0.9992592592592593,-0.006088833585678749,low
primary,ann_count_std20,-0.008686999696641636,-0.07190430578810414,0.46370370370370373,1.0,-0.00631109810055068,low
primary,shibor_3M_lag10,-0.008702263583259285,-0.06213181835634374,0.46710526315789475,0.22518518518518518,-0.007848089556736843,low
primary,menv_m1_m2_spread_ma20_lag10,-0.00876614775600464,-0.06441361791872131,0.4698544698544699,0.3562962962962963,-0.004403725877984547,low
primary,board_momentum_mean_lag2,-0.008767129214802868,-0.13298890073740777,0.5,0.0014814814814814814,-0.009561261310301187,low
primary,board_momentum_max_lag2,-0.008767129214802868,-0.13298890073740777,0.5,0.0014814814814814814,-0.009561261310301187,low
primary,shibor_3M_ma10,-0.008776691931254946,-0.06173098432253695,0.47333333333333333,0.2222222222222222,-0.0054767801486396385,low
primary,news_sent_accel_lag1,-0.008779087867775733,-0.07244876707113325,0.4799465240641711,0.554074074074074,-0.003846138338224653,low
primary,flow_intensity_ma10,-0.008784781218493545,-0.06206504401823697,0.4925925925925926,1.0,-0.009598101768129724,low
primary,news_sent_momentum_5d_lag3,-0.008832239524082396,-0.07691491014186647,0.484472049689441,0.35777777777777775,-0.008220316860311752,low
primary,sentiment_std_lag10,-0.008860322478343294,-0.07897046639820451,0.47368421052631576,0.19703703703703704,-0.005268081837137895,low
primary,shibor_1M_lag1,-0.008880867756715472,-0.053845201435334535,0.4931506849315068,0.05407407407407407,-0.005181551080335264,low
primary,free_shares_ma10,-0.008901259990820976,-0.07224202073391832,0.47357512953367875,0.7148148148148148,0.002634588212398377,low
primary,bond_us_2y_lag20,-0.008945206087695145,-0.06717349268498345,0.46092184368737477,0.36962962962962964,-0.006272216936650285,low
primary,news_sent_extreme_lag3,-0.008951818560475028,-0.06956995972961669,0.45323741007194246,0.20592592592592593,-0.00525079960244422,low
primary,guba_neg_momentum_lag10,-0.008975964716196771,-0.07783355440687233,0.4748148148148148,1.0,-0.004130917415426298,low
primary,negative_ratio_lag5,-0.008991753884514453,-0.07558220456934929,0.4403292181069959,0.18,-0.007522225814633878,low
primary,sector_vol_volatility_accel,-0.00903640609238066,-0.06980871933380194,0.47555555555555556,1.0,-0.009638614065894733,low
primary,guba_sent_bull_vol_lag2,-0.00905358024823109,-0.07068562869884941,0.45663454410674575,0.9992592592592593,-0.0072142914129977725,low
primary,bonus_ratio_ma20,-0.009123469691897585,-0.07740682437237331,0.48031496062992124,0.09407407407407407,-0.0009606840472236207,low
primary,ann_count_ma10,-0.009127434312108091,-0.07645799206375115,0.4622222222222222,1.0,-0.0022486793746100886,low
primary,news_sent_momentum_5d_lag2,-0.009145499512269822,-0.07910791502954723,0.45661157024793386,0.3585185185185185,-0.005590365075882258,low
primary,news_disagreement_lag10,-0.009166360531180353,-0.08197460702301919,0.47368421052631576,0.19703703703703704,-0.005297576068669162,low
primary,change_num,-0.009168147302496888,-0.07129740240919513,0.4646808510638298,0.8703703703703703,-0.007043818851181435,low
primary,total_amount_ma10,-0.009193698356790177,-0.06717471600248158,0.4688888888888889,1.0,-0.005400100571637125,low
primary,sector_vol_volatility_z20,-0.009196247967260951,-0.07225085723420077,0.4792592592592593,1.0,-0.007175241673370182,low
primary,sector_rrg_y_std20,-0.009251721391922483,-0.059008177172558525,0.4777777777777778,1.0,-0.0014007037900807318,low
primary,news_disagreement_lag5,-0.009257761809403861,-0.07814471999706982,0.44074074074074077,0.2,-0.003701107285205992,low
primary,news_sent_x_roc20_lag2,-0.009289846149724055,-0.07936222807166687,0.45126353790613716,0.2051851851851852,-0.005559933369183455,low
primary,sentiment_std_lag5,-0.009294446540830448,-0.0782350163490136,0.42592592592592593,0.2,-0.0037256885769373425,low
primary,ann_count_ma20,-0.009341137169440957,-0.07586594224907175,0.46370370370370373,1.0,-0.006851756631231482,low
primary,trade_count_ma10,-0.009362290101753106,-0.06847932189373548,0.46814814814814815,1.0,-0.0051664299150298515,low
primary,quality_composite_lag5,-0.009421210392893944,-0.06423182615936536,0.46814814814814815,1.0,-0.0015177846064566283,low
primary,menv_bond_10y2y_spread_ma20_lag2,-0.009432500164095888,-0.07039338858831845,0.46260869565217394,0.42592592592592593,0.002502490571499055,low
primary,total_volume_ma10,-0.009499791454544085,-0.06981683553881271,0.4696296296296296,1.0,-0.004849064763006326,low
primary,wvma_60d,-0.009520263075878275,-0.0768363373653268,0.4659259259259259,1.0,-0.0005079497500887032,low
primary,negative_ratio_ma5,-0.00954234110096081,-0.07847466748648681,0.48261758691206547,0.3622222222222222,-0.0013548489122831723,low
primary,earnings_surprise_lag5,-0.009564153619449742,-0.055201131025641566,0.4748148148148148,1.0,0.0026494041026903226,low
primary,guba_negative_ratio_lag5,-0.009564846424082823,-0.07457612192467764,0.45959970348406226,0.9992592592592593,-0.004591156891828285,low
primary,change_num_ma10,-0.009625372924275566,-0.07488403509161438,0.46166807076663857,0.8792592592592593,-0.00855343209564666,low
primary,negative_ratio_ma10,-0.00968219545234862,-0.07873126565374465,0.4627831715210356,0.4577777777777778,-0.0054241601018766164,low
primary,total_amount_std20,-0.009696126884934082,-0.07249577833307419,0.457037037037037,1.0,-0.005945601056786838,low
primary,guba_post_count_lag5,-0.009744117677785602,-0.06670512874139001,0.46108228317272054,0.9992592592592593,-0.009837157414148815,low
primary,shibor_1M,-0.009752957097716708,-0.05721495572179358,0.5128205128205128,0.028888888888888888,-0.005742198161933721,low
primary,shibor_1M_lag5,-0.009772097242471491,-0.06592968447124342,0.45789473684210524,0.14074074074074075,-0.003839580494668887,low
primary,total_attention_lag5,-0.009793583428097176,-0.0672735576966281,0.4603409933283914,0.9992592592592593,-0.00946019917605385,low
primary,total_volume_std20,-0.009852256843972895,-0.0742132533375769,0.4562962962962963,1.0,-0.0054805301751814335,low
primary,positive_ratio_lag3,-0.009922081442584146,-0.07960692386974264,0.45787545787545786,0.20222222222222222,-0.008107934231958096,low
primary,change_ratio,-0.009982295488484606,-0.07810256206407948,0.4604255319148936,0.8703703703703703,-0.007319776358847178,low
primary,concept_momentum_12m_accel_lag1,,,,0.0,,low
primary,unlock_return_30d_accel,,,,0.0,,low
primary,concept_momentum_3m_lag20,,,,0.0,,low
primary,margin_net_std20,,,,0.0,,low
primary,market_state_frenzy_accel,,,,0.0,,low
primary,concept_momentum_3m_ma20_lag20,,,,0.0,,low
primary,concept_momentum_12m_ma5_lag2,,,,0.0,,low
primary,market_state_ice_ma10_lag20,,,,0.0,,low
primary,cb_1_ma5_lag3,,,,0.0,0.0018510257251783341,low
primary,market_state_strong_ma5_lag5,,,,0.0,,low
primary,sector_relative_strength_std20,,,,0.0,,low
primary,comment_trend_ma5,,,,0.0,,low
primary,market_state_frenzy_ma20_lag10,,,,0.0,,low
primary,mid_net_accel,,,,0.0,,low
primary,market_state_frenzy_ma5_lag2,,,,0.0,,low
primary,market_state_ice_ma5,,,,0.0,,low
primary,cb_1_ma5_lag20,,,,0.0,,low
primary,board_count_lag20,,,,0.0,,low
primary,market_state_ice_accel_lag1,,,,0.0,,low
primary,market_state_strong_ma5_lag3,,,,0.0,,low
primary,concept_momentum_6m_ma10_lag2,,,,0.0,,low
primary,super_ratio_ma5,,,,0.0,,low
primary,dividend_growth_ma5,,,,0.0,,low
primary,concept_momentum_6m_accel_lag3,,,,0.0,,low
primary,concept_momentum_3m_std20_lag5,,,,0.0,,low
primary,super_net_ma10,,,,0.0,,low
primary,cb_1_ma10_lag10,,,,0.0,,low
primary,cb_1_ma10_lag3,,,,0.0,0.00048824879743291787,low
primary,is_concept_leader_ma5,,,,0.0,,low
primary,concept_momentum_3m_lag1,,,,0.0,,low
primary,concept_momentum_12m_lag3,,,,0.0,,low
primary,market_state_frenzy_accel_lag5,,,,0.0,,low
primary,concept_momentum_6m_lag10,,,,0.0,,low
primary,large_net_ma20,,,,0.0,,low
primary,concept_momentum_3m_accel_lag1,,,,0.0,,low
primary,market_state_frenzy_ma5_lag10,,,,0.0,,low
primary,concept_momentum_12m_accel_lag5,,,,0.0,,low
primary,comment_attention_lag5,,,,0.0,,low
primary,concept_momentum_6m_lag5,,,,0.0,,low
primary,margin_net_accel,,,,0.0,,low
primary,sector_relative_strength_lag20,,,,0.0,,low
primary,market_state_strong_ma20_lag1,,,,0.0,,low
primary,super_net_ma20,,,,0.0,,low
primary,market_state_ice_lag10,,,,0.0,,low
primary,market_state_strong_ma5_lag20,,,,0.0,,low
primary,unlock_return_30d_ma20,,,,0.0,,low
primary,cb_1_accel_lag5,,,,0.0,0.006154451318855207,low
primary,comment_institution_accel,,,,0.0,,low
primary,concept_momentum_12m_std20_lag10,,,,0.0,,low
primary,concept_momentum_12m_ma5_lag5,,,,0.0,,low
primary,cb_1_ma5_lag2,,,,0.0,0.007909580235901026,low
primary,mid_net_ma10,,,,0.0,,low
primary,cb_1_accel_lag3,,,,0.0,0.0028814881264275596,low
primary,concept_momentum_3m_ma5_lag10,,,,0.0,,low
primary,concept_momentum_3m_ma10_lag5,,,,0.0,,low
primary,comment_trend_lag1,,,,0.0,,low
primary,market_state_ice,,,,0.0,,low
primary,comment_attention_lag2,,,,0.0,,low
primary,market_state_frenzy_ma10,,,,0.0,,low
primary,concept_momentum_6m_ma5_lag3,,,,0.0,,low
primary,comment_institution,,,,0.0,,low
primary,board_momentum_max_ma20_lag10,,,,0.0,,low
primary,market_state_frenzy_ma10_lag5,,,,0.0,,low
primary,market_state_strong_ma20,,,,0.0,,low
primary,market_state_strong_std20_lag20,,,,0.0,,low
primary,market_state_strong_std20_lag5,,,,0.0,,low
primary,concept_momentum_3m_accel_lag3,,,,0.0,,low
primary,margin_net_lag10,,,,0.0,,low
primary,market_state_ice_std20_lag3,,,,0.0,,low
primary,month,,,,0.0,0.006781405921167829,low
primary,comment_attention_std20,,,,0.0,,low
primary,concept_momentum_12m_ma10_lag2,,,,0.0,,low
primary,concept_momentum_12m_ma10_lag1,,,,0.0,,low
primary,market_state_strong_ma5_lag1,,,,0.0,,low
primary,concept_momentum_12m_std20_lag3,,,,0.0,,low
primary,mid_net_ma5,,,,0.0,,low
primary,comment_trend_std20,,,,0.0,,low
primary,board_momentum_max_ma5_lag10,,,,0.0,,low
primary,board_momentum_mean_ma10_lag10,,,,0.0,,low
primary,concept_momentum_3m_ma10_lag1,,,,0.0,,low
primary,market_state_strong_ma5_lag2,,,,0.0,,low
primary,market_state_ice_ma10,,,,0.0,,low
primary,small_net_accel,,,,0.0,,low
primary,market_state_ice_accel_lag3,,,,0.0,,low
primary,market_state_strong_ma10_lag20,,,,0.0,,low
primary,avg_concept_heat_lag20,,,,0.0,,low
primary,transfer_ratio,,,,0.0,,low
primary,comment_trend_lag10,,,,0.0,,low
primary,market_state_ice_lag2,,,,0.0,,low
primary,market_state_ice_std20_lag20,,,,0.0,,low
primary,cb_1_lag10,,,,0.0,,low
primary,transfer_ratio_std20,,,,0.0,,low
primary,board_overlap_score_lag20,,,,0.0,,low
primary,concept_momentum_6m_ma10_lag3,,,,0.0,,low
primary,comment_trend,,,,0.0,,low
primary,transfer_ratio_ma20,,,,0.0,,low
primary,cb_0_accel_lag20,,,,0.0,,low
primary,concept_momentum_3m_ma5_lag3,,,,0.0,,low
primary,concept_momentum_3m_std20_lag20,,,,0.0,,low
primary,concept_momentum_6m_ma5_lag2,,,,0.0,,low
primary,comment_trend_accel,,,,0.0,,low
primary,concept_momentum_6m_lag2,,,,0.0,,low
primary,sector_relative_strength_accel,,,,0.0,,low
primary,market_state_frenzy_lag20,,,,0.0,,low
primary,cb_0_accel_lag10,,,,0.0,,low
primary,concept_momentum_6m_accel,,,,0.0,,low
primary,concept_momentum_6m_lag20,,,,0.0,,low
primary,concept_momentum_3m_accel_lag20,,,,0.0,,low
primary,market_state_frenzy_ma10_lag20,,,,0.0,,low
primary,market_state_frenzy_ma10_lag1,,,,0.0,,low
primary,large_net_ma10,,,,0.0,,low
primary,comment_institution_lag1,,,,0.0,,low
primary,market_state_frenzy_lag2,,,,0.0,,low
primary,market_state_ice_ma20_lag10,,,,0.0,,low
primary,super_ratio_ma10,,,,0.0,,low
primary,market_state_strong_accel_lag10,,,,0.0,,low
primary,market_state_ice_lag20,,,,0.0,,low
primary,concept_momentum_3m_accel_lag10,,,,0.0,,low
primary,super_ratio,,,,0.0,,low
primary,board_momentum_max_ma10_lag10,,,,0.0,,low
primary,avg_concept_heat_lag10,,,,0.0,,low
primary,small_ratio_ma20,,,,0.0,,low
primary,concept_momentum_6m_ma10_lag20,,,,0.0,,low
primary,concept_momentum_6m_ma20,,,,0.0,,low
primary,concept_momentum_12m_ma5_lag1,,,,0.0,,low
primary,sector_relative_strength_ma5,,,,0.0,,low
primary,market_state_strong_lag1,,,,0.0,,low
primary,market_state_frenzy,,,,0.0,,low
primary,market_state_strong_ma10_lag2,,,,0.0,,low
primary,market_state_frenzy_ma20_lag1,,,,0.0,,low
primary,concept_momentum_12m_ma20_lag10,,,,0.0,,low
primary,concept_momentum_12m_ma20_lag5,,,,0.0,,low
primary,board_momentum_mean_ma5_lag20,,,,0.0,,low
primary,cb_0_ma5_lag20,,,,0.0,,low
primary,concept_momentum_3m,,,,0.0,,low
primary,large_minus_small_accel,,,,0.0,,low
primary,comment_institution_std20,,,,0.0,,low
primary,market_state_strong,,,,0.0,,low
primary,comment_attention_ma10,,,,0.0,,low
primary,unlock_return_30d_ma10,,,,0.0,,low
primary,large_minus_small_ma5,,,,0.0,,low
primary,market_state_strong_ma10,,,,0.0,,low
primary,dividend_growth_std20,,,,0.0,,low
primary,cb_1_std20_lag3,,,,0.0,0.00048824879743291787,low
primary,super_ratio_accel,,,,0.0,,low
primary,concept_momentum_3m_lag5,,,,0.0,,low
primary,cb_1_ma20_lag10,,,,0.0,,low
primary,super_ratio_ma20,,,,0.0,,low
primary,market_state_frenzy_ma5_lag3,,,,0.0,,low
primary,concept_momentum_6m_ma10_lag1,,,,0.0,,low
primary,mid_ratio_ma5,,,,0.0,,low
primary,sector_alpha_accel,,,,0.0,,low
primary,super_net_accel,,,,0.0,,low
primary,broad_main_net_ma5,,,,0.0,,low
primary,concept_momentum_3m_accel_lag5,,,,0.0,,low
primary,market_state_frenzy_std20,,,,0.0,,low
primary,concept_momentum_12m_std20_lag5,,,,0.0,,low
primary,concept_momentum_3m_ma20_lag10,,,,0.0,,low
primary,margin_net_ma20,,,,0.0,,low
primary,concept_momentum_12m_accel_lag10,,,,0.0,,low
primary,transfer_ratio_accel,,,,0.0,,low
primary,board_momentum_max_lag20,,,,0.0,,low
primary,is_vc_backed_ma5,,,,0.0,,low
primary,market_state_ice_accel_lag20,,,,0.0,,low
primary,cb_1_ma20_lag20,,,,0.0,,low
primary,comment_trend_ma10,,,,0.0,,low
primary,sector_relative_strength_lag2,,,,0.0,,low
primary,market_state_strong_std20_lag3,,,,0.0,,low
primary,cb_0_ma20_lag20,,,,0.0,,low
primary,cb_1_std20_lag2,,,,0.0,0.006663183715716825,low
primary,board_momentum_mean_ma10_lag20,,,,0.0,,low
primary,sector_relative_strength_lag1,,,,0.0,,low
primary,market_state_strong_accel_lag2,,,,0.0,,low
primary,concept_momentum_3m_ma20_lag2,,,,0.0,,low
primary,board_momentum_mean_lag10,,,,0.0,,low
primary,is_concept_leader_lag10,,,,0.0,,low
primary,market_state_frenzy_std20_lag20,,,,0.0,,low
primary,concept_momentum_3m_std20_lag1,,,,0.0,,low
primary,cb_0_lag20,,,,0.0,,low
primary,market_state_frenzy_accel_lag10,,,,0.0,,low
primary,market_state_ice_ma5_lag5,,,,0.0,,low
primary,concept_momentum_3m_ma5_lag1,,,,0.0,,low
primary,board_momentum_max_ma5_lag20,,,,0.0,,low
primary,mid_net_ma20,,,,0.0,,low
primary,plan_stage_encoded_ma10,,,,0.0,,low
primary,concept_momentum_3m_ma10_lag3,,,,0.0,,low
primary,sector_alpha_ma20,,,,0.0,,low
primary,cb_1_ma5_lag10,,,,0.0,,low
primary,concept_momentum_12m_lag20,,,,0.0,,low
primary,market_state_strong_accel_lag3,,,,0.0,,low
primary,cb_1_lag3,,,,0.0,0.008291718957470265,low
primary,concept_momentum_3m_std20_lag3,,,,0.0,,low
primary,market_state_strong_lag3,,,,0.0,,low
primary,plan_stage_encoded_accel,,,,0.0,,low
primary,broad_main_net_ma10,,,,0.0,,low
primary,concept_momentum_6m_ma20_lag1,,,,0.0,,low
primary,concept_momentum_12m_ma20_lag3,,,,0.0,,low
primary,dividend_growth_ma20,,,,0.0,,low
primary,cb_1_ma5_lag5,,,,0.0,0.006154451318855207,low
primary,market_state_ice_accel,,,,0.0,,low
primary,large_ratio,,,,0.0,,low
primary,broad_main_net_ma20,,,,0.0,,low
primary,sector_alpha,,,,0.0,,low
primary,is_vc_backed_ma10,,,,0.0,,low
primary,margin_net_lag1,,,,0.0,,low
primary,market_state_strong_ma20_lag2,,,,0.0,,low
primary,market_state_strong_ma20_lag20,,,,0.0,,low
primary,board_overlap_score_lag10,,,,0.0,,low
primary,is_concept_leader_lag5,,,,0.0,,low
primary,small_ratio_ma10,,,,0.0,,low
primary,concept_momentum_6m_std20,,,,0.0,,low
primary,market_state_frenzy_accel_lag2,,,,0.0,,low
primary,market_state_frenzy_lag5,,,,0.0,,low
primary,board_count_lag10,,,,0.0,,low
primary,market_state_ice_ma10_lag5,,,,0.0,,low
primary,cb_1_ma10_lag5,,,,0.0,0.006154451318855207,low
primary,plan_stage_encoded_ma5,,,,0.0,,low
primary,market_state_ice_accel_lag5,,,,0.0,,low
primary,market_state_frenzy_std20_lag3,,,,0.0,,low
primary,mid_ratio_accel,,,,0.0,,low
primary,margin_net_ma5,,,,0.0,,low
primary,concept_momentum_6m_ma10_lag10,,,,0.0,,low
primary,concept_momentum_6m_ma5_lag20,,,,0.0,,low
primary,concept_momentum_12m_ma20_lag1,,,,0.0,,low
primary,concept_momentum_6m_accel_lag5,,,,0.0,,low
primary,concept_momentum_12m_ma20,,,,0.0,,low
primary,market_state_ice_ma5_lag20,,,,0.0,,low
primary,concept_momentum_6m_lag3,,,,0.0,,low
primary,concept_momentum_6m_ma5_lag5,,,,0.0,,low
primary,concept_momentum_3m_std20,,,,0.0,,low
primary,market_state_frenzy_ma20_lag3,,,,0.0,,low
primary,large_net_accel,,,,0.0,,low
primary,market_state_strong_std20,,,,0.0,,low
primary,unlock_return_30d,,,,0.0,,low
primary,market_state_ice_ma20_lag5,,,,0.0,,low
primary,large_net,,,,0.0,,low
primary,concept_momentum_3m_ma10_lag10,,,,0.0,,low
primary,sector_relative_strength_lag5,,,,0.0,,low
primary,concept_momentum_12m_std20_lag1,,,,0.0,,low
primary,board_momentum_mean_lag20,,,,0.0,,low
primary,margin_net_lag5,,,,0.0,,low
primary,market_state_strong_ma20_lag3,,,,0.0,,low
primary,is_concept_leader_lag2,,,,0.0,,low
primary,dividend_growth,,,,0.0,,low
primary,concept_momentum_12m_ma10,,,,0.0,,low
primary,concept_momentum_3m_ma20_lag1,,,,0.0,,low
primary,market_state_ice_lag5,,,,0.0,,low
primary,concept_momentum_12m_ma5_lag10,,,,0.0,,low
primary,market_state_frenzy_ma20_lag5,,,,0.0,,low
primary,market_state_strong_ma10_lag10,,,,0.0,,low
primary,market_state_frenzy_accel_lag3,,,,0.0,,low
primary,market_state_ice_ma5_lag3,,,,0.0,,low
primary,market_state_ice_ma20_lag2,,,,0.0,,low
primary,plan_stage_encoded_ma20,,,,0.0,,low
primary,market_state_strong_std20_lag10,,,,0.0,,low
primary,concept_momentum_6m_ma20_lag2,,,,0.0,,low
primary,concept_momentum_6m_ma20_lag5,,,,0.0,,low
primary,margin_net_ma10,,,,0.0,,low
primary,mid_ratio_ma20,,,,0.0,,low
primary,cb_1_accel,,,,0.0,0.0023402798971119674,low
primary,small_ratio_std20,,,,0.0,,low
primary,concept_momentum_3m_accel_lag2,,,,0.0,,low
primary,large_ratio_std20,,,,0.0,,low
primary,market_state_frenzy_lag3,,,,0.0,,low
primary,super_net_ma5,,,,0.0,,low
primary,market_state_ice_ma20_lag3,,,,0.0,,low
primary,cb_1_std20_lag5,,,,0.0,0.006154451318855207,low
primary,concept_momentum_3m_ma10,,,,0.0,,low
primary,bt_count_20d,,,,0.0,0.009224939824052288,low
primary,cb_0_ma5_lag10,,,,0.0,,low
primary,large_minus_small_std20,,,,0.0,,low
primary,board_momentum_max_accel_lag20,,,,0.0,,low
primary,super_net_std20,,,,0.0,,low
primary,sector_alpha_std20,,,,0.0,,low
primary,concept_momentum_12m_ma5_lag20,,,,0.0,,low
primary,comment_trend_lag3,,,,0.0,,low
primary,comment_institution_lag20,,,,0.0,,low
primary,concept_momentum_6m_lag1,,,,0.0,,low
primary,market_state_ice_ma5_lag1,,,,0.0,,low
primary,board_momentum_max_std20_lag20,,,,0.0,,low
primary,concept_momentum_6m,,,,0.0,,low
primary,market_state_strong_ma10_lag3,,,,0.0,,low
primary,large_ratio_ma10,,,,0.0,,low
primary,comment_attention_lag10,,,,0.0,,low
primary,market_state_strong_ma20_lag10,,,,0.0,,low
primary,market_state_ice_std20_lag5,,,,0.0,,low
primary,market_state_ice_std20_lag2,,,,0.0,,low
primary,comment_attention,,,,0.0,,low
primary,market_state_strong_ma5_lag10,,,,0.0,,low
primary,sector_relative_strength,,,,0.0,,low
primary,board_momentum_max_std20_lag10,,,,0.0,,low
primary,market_state_strong_accel_lag20,,,,0.0,,low
primary,small_net,,,,0.0,,low
primary,board_momentum_mean_ma20_lag10,,,,0.0,,low
primary,comment_institution_ma10,,,,0.0,,low
primary,market_state_ice_ma20,,,,0.0,,low
primary,concept_momentum_3m_ma5_lag20,,,,0.0,,low
primary,board_momentum_max_ma10_lag20,,,,0.0,,low
primary,transfer_ratio_ma10,,,,0.0,,low
primary,dividend_growth_ma10,,,,0.0,,low
primary,market_state_strong_accel,,,,0.0,,low
primary,large_ratio_ma20,,,,0.0,,low
primary,is_concept_leader_lag20,,,,0.0,,low
primary,comment_trend_lag20,,,,0.0,,low
primary,concept_momentum_6m_ma10_lag5,,,,0.0,,low
primary,is_concept_leader,,,,0.0,,low
primary,is_concept_leader_lag1,,,,0.0,,low
primary,mid_net,,,,0.0,,low
primary,market_state_strong_accel_lag5,,,,0.0,,low
primary,concept_momentum_12m_std20_lag20,,,,0.0,,low
primary,concept_momentum_3m_ma20,,,,0.0,,low
primary,market_state_strong_lag2,,,,0.0,,low
primary,comment_attention_accel,,,,0.0,,low
primary,concept_momentum_12m_lag2,,,,0.0,,low
primary,pledge_margin_dist_z20,,,,0.0,0.0017800439315896269,low
primary,cb_1_std20_lag10,,,,0.0,,low
primary,concept_momentum_6m_std20_lag3,,,,0.0,,low
primary,concept_momentum_6m_std20_lag5,,,,0.0,,low
primary,concept_momentum_12m_ma10_lag10,,,,0.0,,low
primary,small_ratio_ma5,,,,0.0,,low
primary,plan_stage_encoded_std20,,,,0.0,,low
primary,comment_trend_lag2,,,,0.0,,low
primary,small_ratio_accel,,,,0.0,,low
primary,unlock_return_30d_ma5,,,,0.0,,low
primary,comment_attention_ma20,,,,0.0,,low
primary,concept_momentum_3m_lag10,,,,0.0,,low
primary,market_state_strong_accel_lag1,,,,0.0,,low
primary,market_state_frenzy_lag1,,,,0.0,,low
primary,concept_momentum_6m_std20_lag2,,,,0.0,,low
primary,margin_net,,,,0.0,,low
primary,concept_momentum_12m_accel,,,,0.0,,low
primary,concept_momentum_6m_ma20_lag10,,,,0.0,,low
primary,market_state_frenzy_std20_lag10,,,,0.0,,low
primary,comment_attention_lag1,,,,0.0,,low
primary,board_momentum_mean_accel_lag10,,,,0.0,,low
primary,concept_momentum_3m_ma5_lag2,,,,0.0,,low
primary,small_net_std20,,,,0.0,,low
primary,bt_last_direction_ma5,,,,0.0,0.009884688353742434,low
primary,concept_momentum_6m_ma10,,,,0.0,,low
primary,market_state_ice_ma10_lag10,,,,0.0,,low
primary,sector_alpha_ma5,,,,0.0,,low
primary,sent_consensus_z20,,,,0.0,0.004074042213379944,low
primary,concept_momentum_3m_ma5,,,,0.0,,low
primary,concept_momentum_3m_lag2,,,,0.0,,low
primary,board_momentum_mean_std20_lag20,,,,0.0,,low
primary,market_state_strong_std20_lag1,,,,0.0,,low
primary,market_state_strong_ma5,,,,0.0,,low
primary,market_state_frenzy_ma20_lag20,,,,0.0,,low
primary,cb_0_ma20_lag10,,,,0.0,,low
primary,is_vc_backed,,,,0.0,,low
primary,market_state_strong_ma10_lag5,,,,0.0,,low
primary,market_state_ice_std20_lag10,,,,0.0,,low
primary,cb_0_std20_lag20,,,,0.0,,low
primary,comment_trend_lag5,,,,0.0,,low
primary,concept_momentum_3m_ma10_lag2,,,,0.0,,low
primary,concept_momentum_12m_ma5,,,,0.0,,low
primary,market_state_strong_lag5,,,,0.0,,low
primary,concept_momentum_3m_lag3,,,,0.0,,low
primary,large_net_ma5,,,,0.0,,low
primary,market_state_ice_ma10_lag1,,,,0.0,,low
primary,large_minus_small,,,,0.0,,low
primary,comment_institution_ma5,,,,0.0,,low
primary,cb_1,,,,0.0,-0.004895832009888731,low
primary,is_concept_leader_lag3,,,,0.0,,low
primary,small_net_ma20,,,,0.0,,low
primary,broad_main_net_std20,,,,0.0,,low
primary,plan_stage_encoded,,,,0.0,,low
primary,sector_relative_strength_ma20,,,,0.0,,low
primary,is_vc_backed_ma20,,,,0.0,,low
primary,large_minus_small_ma10,,,,0.0,,low
primary,concept_momentum_3m_std20_lag2,,,,0.0,,low
primary,concept_momentum_12m_accel_lag2,,,,0.0,,low
primary,board_momentum_max_accel_lag10,,,,0.0,,low
primary,market_state_ice_ma20_lag1,,,,0.0,,low
primary,cb_0_ma10_lag10,,,,0.0,,low
primary,concept_momentum_12m_accel_lag3,,,,0.0,,low
primary,has_hot_board_lag10,,,,0.0,,low
primary,cb_0_lag10,,,,0.0,,low
primary,comment_institution_lag10,,,,0.0,,low
primary,concept_momentum_6m_ma20_lag3,,,,0.0,,low
primary,dividend_growth_accel,,,,0.0,,low
primary,market_state_ice_ma10_lag3,,,,0.0,,low
primary,concept_momentum_12m_ma20_lag2,,,,0.0,,low
primary,market_state_frenzy_ma20,,,,0.0,,low
primary,market_state_ice_accel_lag10,,,,0.0,,low
primary,comment_institution_lag5,,,,0.0,,low
primary,market_state_frenzy_ma10_lag10,,,,0.0,,low
primary,concept_momentum_6m_accel_lag20,,,,0.0,,low
primary,board_momentum_max_ma20_lag20,,,,0.0,,low
primary,premium_pct_wavg_z20,,,,0.0,-0.005903533101166212,low
primary,mid_ratio_std20,,,,0.0,,low
primary,cb_1_ma20_lag5,,,,0.0,0.006154451318855207,low
primary,board_momentum_mean_std20_lag10,,,,0.0,,low
primary,market_state_ice_lag1,,,,0.0,,low
primary,board_momentum_max_lag10,,,,0.0,,low
primary,concept_momentum_6m_accel_lag2,,,,0.0,,low
primary,quarter,,,,0.0,0.007375912515949448,low
primary,cb_1_ma10_lag2,,,,0.0,0.006663183715716825,low
primary,cb_1_ma20_lag3,,,,0.0,0.00048824879743291787,low
primary,mid_ratio_ma10,,,,0.0,,low
primary,transfer_ratio_ma5,,,,0.0,,low
primary,comment_attention_lag3,,,,0.0,,low
primary,sector_relative_strength_lag10,,,,0.0,,low
primary,large_ratio_accel,,,,0.0,,low
primary,market_state_frenzy_accel_lag20,,,,0.0,,low
primary,concept_momentum_12m_ma10_lag20,,,,0.0,,low
primary,concept_momentum_12m_ma5_lag3,,,,0.0,,low
primary,market_state_ice_ma20_lag20,,,,0.0,,low
primary,market_state_ice_std20,,,,0.0,,low
primary,super_ratio_std20,,,,0.0,,low
primary,market_state_strong_lag20,,,,0.0,,low
primary,comment_institution_ma20,,,,0.0,,low
primary,mid_net_std20,,,,0.0,,low
primary,market_state_ice_ma5_lag2,,,,0.0,,low
primary,cb_0_std20_lag10,,,,0.0,,low
primary,board_momentum_mean_accel_lag20,,,,0.0,,low
primary,has_hot_board_lag20,,,,0.0,,low
primary,market_state_frenzy_std20_lag1,,,,0.0,,low
primary,concept_momentum_6m_accel_lag1,,,,0.0,,low
primary,concept_momentum_12m_lag1,,,,0.0,,low
primary,market_state_strong_lag10,,,,0.0,,low
primary,mid_ratio,,,,0.0,,low
primary,small_net_ma10,,,,0.0,,low
primary,large_ratio_ma5,,,,0.0,,low
primary,market_state_frenzy_ma5,,,,0.0,,low
primary,concept_momentum_3m_ma20_lag3,,,,0.0,,low
primary,market_state_ice_std20_lag1,,,,0.0,,low
primary,cb_0_ma10_lag20,,,,0.0,,low
primary,concept_momentum_12m_ma10_lag5,,,,0.0,,low
primary,premium_pct_mean_z20,,,,0.0,-0.005982141911646586,low
primary,market_state_frenzy_ma5_lag20,,,,0.0,,low
primary,comment_attention_ma5,,,,0.0,,low
primary,cb_1_lag20,,,,0.0,,low
primary,small_net_ma5,,,,0.0,,low
primary,market_state_frenzy_ma5_lag5,,,,0.0,,low
primary,market_state_frenzy_ma10_lag3,,,,0.0,,low
primary,comment_institution_lag2,,,,0.0,,low
primary,concept_momentum_6m_std20_lag1,,,,0.0,,low
primary,large_net_std20,,,,0.0,,low
primary,margin_net_lag3,,,,0.0,,low
primary,concept_momentum_12m_lag5,,,,0.0,,low
primary,market_state_frenzy_std20_lag2,,,,0.0,,low
primary,concept_momentum_12m_ma20_lag20,,,,0.0,,low
primary,market_state_frenzy_std20_lag5,,,,0.0,,low
primary,comment_attention_lag20,,,,0.0,,low
primary,concept_momentum_3m_ma20_lag5,,,,0.0,,low
primary,sector_alpha_ma10,,,,0.0,,low
primary,market_state_strong_ma20_lag5,,,,0.0,,low
primary,concept_momentum_12m_accel_lag20,,,,0.0,,low
primary,margin_net_lag20,,,,0.0,,low
primary,small_ratio,,,,0.0,,low
primary,concept_momentum_12m_std20_lag2,,,,0.0,,low
primary,large_minus_small_ma20,,,,0.0,,low
primary,concept_momentum_12m_ma10_lag3,,,,0.0,,low
primary,concept_momentum_3m_ma5_lag5,,,,0.0,,low
primary,concept_momentum_6m_std20_lag10,,,,0.0,,low
primary,market_state_frenzy_lag10,,,,0.0,,low
primary,temporary_impact_z20,,,,0.0,-0.007957813350190105,low
primary,board_momentum_mean_ma20_lag20,,,,0.0,,low
primary,market_state_ice_ma10_lag2,,,,0.0,,low
primary,concept_momentum_6m_ma5_lag1,,,,0.0,,low
primary,cb_1_accel_lag20,,,,0.0,,low
primary,concept_momentum_12m_lag10,,,,0.0,,low
primary,cb_1_ma10_lag20,,,,0.0,,low
primary,cb_1_accel_lag2,,,,0.0,0.006549960663035775,low
primary,concept_momentum_3m_std20_lag10,,,,0.0,,low
primary,market_state_ice_accel_lag2,,,,0.0,,low
primary,concept_momentum_3m_ma10_lag20,,,,0.0,,low
primary,margin_net_lag2,,,,0.0,,low
primary,market_state_frenzy_ma5_lag1,,,,0.0,,low
primary,market_state_strong_ma10_lag1,,,,0.0,,low
primary,market_state_frenzy_ma20_lag2,,,,0.0,,low
primary,market_state_ice_ma5_lag10,,,,0.0,,low
primary,is_concept_leader_ma10,,,,0.0,,low
primary,comment_institution_lag3,,,,0.0,,low
primary,broad_main_net_accel,,,,0.0,,low
primary,market_state_frenzy_ma10_lag2,,,,0.0,,low
primary,concept_momentum_3m_accel,,,,0.0,,low
primary,market_state_ice_lag3,,,,0.0,,low
primary,super_net,,,,0.0,,low
primary,cb_1_ma5,,,,0.0,0.009090066260124513,low
primary,unlock_return_30d_std20,,,,0.0,,low
primary,concept_momentum_6m_ma20_lag20,,,,0.0,,low
primary,cb_1_std20_lag20,,,,0.0,,low
primary,concept_momentum_12m,,,,0.0,,low
primary,cb_1_accel_lag10,,,,0.0,,low
primary,is_concept_leader_ma20,,,,0.0,,low
primary,sector_relative_strength_lag3,,,,0.0,,low
primary,market_state_frenzy_accel_lag1,,,,0.0,,low
primary,comment_trend_ma20,,,,0.0,,low
primary,cb_1_ma20_lag2,,,,0.0,0.006663183715716825,low
primary,concept_momentum_6m_accel_lag10,,,,0.0,,low
primary,broad_main_net,,,,0.0,,low
primary,concept_momentum_6m_ma5_lag10,,,,0.0,,low
primary,concept_momentum_6m_ma5,,,,0.0,,low
primary,sector_relative_strength_ma10,,,,0.0,,low
primary,market_state_strong_std20_lag2,,,,0.0,,low
primary,concept_momentum_12m_std20,,,,0.0,,low
primary,board_momentum_mean_ma5_lag10,,,,0.0,,low
primary,concept_momentum_6m_std20_lag20,,,,0.0,,low
