feature,mean_nonzero_ratio,constant_stock_ratio,tier
broad_main_net,0.0,0.940506,event
broad_main_net_accel,0.0,0.940506,event
broad_main_net_ma10,0.0,0.940506,event
broad_main_net_ma20,0.0,0.940506,event
broad_main_net_ma5,0.0,0.940506,event
comment_attention,0.0,1.0,event
comment_attention_accel,0.0,1.0,event
comment_attention_ma10,0.0,1.0,event
comment_attention_ma20,0.0,1.0,event
comment_attention_ma5,0.0,1.0,event
comment_institution,0.0,1.0,event
comment_institution_accel,0.0,1.0,event
comment_institution_ma10,0.0,1.0,event
comment_institution_ma20,0.0,1.0,event
comment_institution_ma5,0.0,1.0,event
comment_trend,0.0,1.0,event
comment_trend_accel,0.0,1.0,event
comment_trend_ma10,0.0,1.0,event
comment_trend_ma20,0.0,1.0,event
comment_trend_ma5,0.0,1.0,event
concept_momentum_12m,0.0,1.0,event
concept_momentum_12m_accel,0.0,1.0,event
concept_momentum_12m_ma10,0.0,1.0,event
concept_momentum_12m_ma20,0.0,1.0,event
concept_momentum_12m_ma5,0.0,1.0,event
concept_momentum_3m,0.0,1.0,event
concept_momentum_3m_accel,0.0,1.0,event
concept_momentum_3m_ma10,0.0,1.0,event
concept_momentum_3m_ma20,0.0,1.0,event
concept_momentum_3m_ma5,0.0,1.0,event
concept_momentum_6m,0.0,1.0,event
concept_momentum_6m_accel,0.0,1.0,event
concept_momentum_6m_ma10,0.0,1.0,event
concept_momentum_6m_ma20,0.0,1.0,event
concept_momentum_6m_ma5,0.0,1.0,event
has_gap_flow_market_cap_adj,0.0,0.410669,event
has_gap_flow_market_cap_adj_ma10,0.0,0.410669,event
has_gap_flow_market_cap_adj_ma20,0.0,0.410669,event
has_gap_flow_market_cap_adj_ma5,0.0,0.410669,event
is_concept_leader,0.0,1.0,event
is_concept_leader_ma10,0.0,1.0,event
is_concept_leader_ma20,0.0,1.0,event
is_concept_leader_ma5,0.0,1.0,event
large_minus_small,0.0,0.940506,event
large_minus_small_accel,0.0,0.940506,event
large_minus_small_ma10,0.0,0.940506,event
large_minus_small_ma20,0.0,0.940506,event
large_minus_small_ma5,0.0,0.940506,event
large_net,0.0,0.940506,event
large_net_accel,0.0,0.940506,event
large_net_ma10,0.0,0.940506,event
large_net_ma20,0.0,0.940506,event
large_net_ma5,0.0,0.940506,event
large_ratio,0.0,0.940506,event
large_ratio_accel,0.0,0.940506,event
large_ratio_ma10,0.0,0.940506,event
large_ratio_ma20,0.0,0.940506,event
large_ratio_ma5,0.0,0.940506,event
main_ratio,0.0,0.940506,event
main_ratio_accel,0.0,0.940506,event
main_ratio_ma10,0.0,0.940506,event
main_ratio_ma20,0.0,0.940506,event
main_ratio_ma5,0.0,0.940506,event
market_state_frenzy,0.0,1.0,event
market_state_frenzy_accel,0.0,1.0,event
market_state_frenzy_ma10,0.0,1.0,event
market_state_frenzy_ma20,0.0,1.0,event
market_state_frenzy_ma5,0.0,1.0,event
market_state_ice,0.0,1.0,event
market_state_ice_accel,0.0,1.0,event
market_state_ice_ma10,0.0,1.0,event
market_state_ice_ma20,0.0,1.0,event
market_state_ice_ma5,0.0,1.0,event
market_state_strong,0.0,1.0,event
market_state_strong_accel,0.0,1.0,event
market_state_strong_ma10,0.0,1.0,event
market_state_strong_ma20,0.0,1.0,event
market_state_strong_ma5,0.0,1.0,event
mid_net,0.0,0.940506,event
mid_net_accel,0.0,0.940506,event
mid_net_ma10,0.0,0.940506,event
mid_net_ma20,0.0,0.940506,event
mid_net_ma5,0.0,0.940506,event
mid_ratio,0.0,0.940506,event
mid_ratio_accel,0.0,0.940506,event
mid_ratio_ma10,0.0,0.940506,event
mid_ratio_ma20,0.0,0.940506,event
mid_ratio_ma5,0.0,0.940506,event
plan_stage_encoded,0.0,0.955515,event
plan_stage_encoded_accel,0.0,0.955515,event
plan_stage_encoded_ma10,0.0,0.955515,event
plan_stage_encoded_ma20,0.0,0.955515,event
plan_stage_encoded_ma5,0.0,0.955515,event
sector_alpha,0.0,1.0,event
sector_alpha_accel,0.0,1.0,event
sector_alpha_ma10,0.0,1.0,event
sector_alpha_ma20,0.0,1.0,event
sector_alpha_ma5,0.0,1.0,event
sector_relative_strength,0.0,1.0,event
sector_relative_strength_accel,0.0,1.0,event
sector_relative_strength_ma10,0.0,1.0,event
sector_relative_strength_ma20,0.0,1.0,event
sector_relative_strength_ma5,0.0,1.0,event
small_net,0.0,0.940506,event
small_net_accel,0.0,0.940506,event
small_net_ma10,0.0,0.940506,event
small_net_ma20,0.0,0.940506,event
small_net_ma5,0.0,0.940506,event
small_ratio,0.0,0.940506,event
small_ratio_accel,0.0,0.940506,event
small_ratio_ma10,0.0,0.940506,event
small_ratio_ma20,0.0,0.940506,event
small_ratio_ma5,0.0,0.940506,event
super_net,0.0,0.940506,event
super_net_accel,0.0,0.940506,event
super_net_ma10,0.0,0.940506,event
super_net_ma20,0.0,0.940506,event
super_net_ma5,0.0,0.940506,event
super_ratio,0.0,0.940506,event
super_ratio_accel,0.0,0.940506,event
super_ratio_ma10,0.0,0.940506,event
super_ratio_ma20,0.0,0.940506,event
super_ratio_ma5,0.0,0.940506,event
transfer_ratio,0.0,0.955515,event
transfer_ratio_accel,0.0,0.955515,event
transfer_ratio_ma10,0.0,0.955515,event
transfer_ratio_ma20,0.0,0.955515,event
transfer_ratio_ma5,0.0,0.955515,event
dividend_growth,2e-06,0.951175,event
unlock_return_30d,8e-06,0.966004,event
concept_board_height,9e-06,0.980832,event
dividend_growth_ma5,9e-06,0.951175,event
unlock_return_30d_ma5,1.3e-05,0.966004,event
dividend_growth_ma10,1.7e-05,0.951175,event
unlock_return_30d_ma10,2e-05,0.966004,event
is_dt,3.2e-05,0.933635,event
is_zb,3.2e-05,0.915732,event
unlock_return_30d_accel,3.3e-05,0.966004,event
unlock_return_30d_ma20,3.3e-05,0.966004,event
dividend_growth_accel,3.4e-05,0.951175,event
dividend_growth_ma20,3.4e-05,0.951175,event
concept_board_height_ma5,3.5e-05,0.980832,event
cb_0,5.8e-05,0.866004,event
concept_board_height_ma10,6.3e-05,0.980832,event
avg_concept_heat,6.4e-05,0.855877,event
board_change_pct,6.4e-05,0.855877,event
board_count,6.4e-05,0.855877,event
board_momentum_max,6.4e-05,0.855877,event
board_momentum_mean,6.4e-05,0.855877,event
board_overlap_score,6.4e-05,0.855877,event
has_hot_board,6.4e-05,0.855877,event
consecutive_zt,7.3e-05,0.84774,event
is_zt,7.3e-05,0.84774,event
seal_intensity,7.3e-05,0.84774,event
seal_strength,7.3e-05,0.84774,event
seal_success,7.3e-05,0.84774,event
is_yzt,7.5e-05,0.841591,event
concept_board_height_accel,8.5e-05,0.980832,event
concept_board_height_ma20,8.5e-05,0.980832,event
cb_1,9.1e-05,0.031826,event
cb_0_ma5,0.000117,0.866004,event
avg_concept_heat_ma5,0.000125,0.855877,event
board_change_pct_ma5,0.000125,0.855877,event
board_count_ma5,0.000125,0.855877,event
board_momentum_max_ma5,0.000125,0.855877,event
board_momentum_mean_ma5,0.000125,0.855877,event
board_overlap_score_ma5,0.000125,0.855877,event
has_hot_board_ma5,0.000125,0.855877,event
concept_zt_count,0.000129,0.905063,event
concept_zt_ratio,0.000129,0.905063,event
is_dt_ma5,0.000138,0.933635,event
is_zb_ma5,0.000155,0.915732,event
cb_0_ma10,0.000192,0.866004,event
cb_0_accel,0.000193,0.866004,event
cb_0_ma20,0.000193,0.866004,event
avg_concept_heat_accel,0.000202,0.855877,event
avg_concept_heat_ma10,0.000202,0.855877,event
avg_concept_heat_ma20,0.000202,0.855877,event
board_change_pct_accel,0.000202,0.855877,event
board_change_pct_ma10,0.000202,0.855877,event
board_change_pct_ma20,0.000202,0.855877,event
board_count_accel,0.000202,0.855877,event
board_count_ma10,0.000202,0.855877,event
board_count_ma20,0.000202,0.855877,event
board_momentum_max_accel,0.000202,0.855877,event
board_momentum_max_ma10,0.000202,0.855877,event
board_momentum_max_ma20,0.000202,0.855877,event
board_momentum_mean_accel,0.000202,0.855877,event
board_momentum_mean_ma10,0.000202,0.855877,event
board_momentum_mean_ma20,0.000202,0.855877,event
board_overlap_score_accel,0.000202,0.855877,event
board_overlap_score_ma10,0.000202,0.855877,event
board_overlap_score_ma20,0.000202,0.855877,event
has_hot_board_ma10,0.000202,0.855877,event
has_hot_board_ma20,0.000202,0.855877,event
cb_2,0.000209,0.000904,event
is_dt_ma10,0.000237,0.933635,event
cb_1_ma5,0.000276,0.031826,event
is_zb_ma10,0.000289,0.915732,event
is_dt_ma20,0.00031,0.933635,event
consecutive_zt_ma5,0.000313,0.84774,event
is_zt_ma5,0.000313,0.84774,event
seal_intensity_ma5,0.000313,0.84774,event
seal_strength_ma5,0.000313,0.84774,event
seal_success_ma5,0.000313,0.84774,event
cb_1_lag1,0.000314,0.0,event
broad_main_net_std20,0.000325,0.0,event
is_yzt_ma5,0.000325,0.841591,event
large_minus_small_std20,0.000325,0.0,event
large_net_std20,0.000325,0.0,event
large_ratio_std20,0.000325,0.0,event
main_ratio_std20,0.000325,0.0,event
mid_net_std20,0.000325,0.0,event
mid_ratio_std20,0.000325,0.0,event
small_net_std20,0.000325,0.0,event
small_ratio_std20,0.000325,0.0,event
super_net_std20,0.000325,0.0,event
super_ratio_std20,0.000325,0.0,event
concept_zt_count_ma5,0.000333,0.905063,event
concept_zt_ratio_ma5,0.000333,0.905063,event
comment_attention_lag1,0.00034,0.0,event
comment_attention_std20,0.00034,0.0,event
comment_institution_lag1,0.00034,0.0,event
comment_institution_std20,0.00034,0.0,event
comment_trend_lag1,0.00034,0.0,event
comment_trend_std20,0.00034,0.0,event
concept_momentum_12m_accel_lag1,0.00034,0.0,event
concept_momentum_12m_lag1,0.00034,0.0,event
concept_momentum_12m_ma10_lag1,0.00034,0.0,event
concept_momentum_12m_ma20_lag1,0.00034,0.0,event
concept_momentum_12m_ma5_lag1,0.00034,0.0,event
concept_momentum_12m_std20,0.00034,0.0,event
concept_momentum_3m_accel_lag1,0.00034,0.0,event
concept_momentum_3m_lag1,0.00034,0.0,event
concept_momentum_3m_ma10_lag1,0.00034,0.0,event
concept_momentum_3m_ma20_lag1,0.00034,0.0,event
concept_momentum_3m_ma5_lag1,0.00034,0.0,event
concept_momentum_3m_std20,0.00034,0.0,event
concept_momentum_6m_accel_lag1,0.00034,0.0,event
concept_momentum_6m_lag1,0.00034,0.0,event
concept_momentum_6m_ma10_lag1,0.00034,0.0,event
concept_momentum_6m_ma20_lag1,0.00034,0.0,event
concept_momentum_6m_ma5_lag1,0.00034,0.0,event
concept_momentum_6m_std20,0.00034,0.0,event
is_concept_leader_lag1,0.00034,0.0,event
market_state_frenzy_accel_lag1,0.00034,0.0,event
market_state_frenzy_lag1,0.00034,0.0,event
market_state_frenzy_ma10_lag1,0.00034,0.0,event
market_state_frenzy_ma20_lag1,0.00034,0.0,event
market_state_frenzy_ma5_lag1,0.00034,0.0,event
market_state_frenzy_std20,0.00034,0.0,event
market_state_ice_accel_lag1,0.00034,0.0,event
market_state_ice_lag1,0.00034,0.0,event
market_state_ice_ma10_lag1,0.00034,0.0,event
market_state_ice_ma20_lag1,0.00034,0.0,event
market_state_ice_ma5_lag1,0.00034,0.0,event
market_state_ice_std20,0.00034,0.0,event
market_state_strong_accel_lag1,0.00034,0.0,event
market_state_strong_lag1,0.00034,0.0,event
market_state_strong_ma10_lag1,0.00034,0.0,event
market_state_strong_ma20_lag1,0.00034,0.0,event
market_state_strong_ma5_lag1,0.00034,0.0,event
market_state_strong_std20,0.00034,0.0,event
sector_alpha_std20,0.00034,0.0,event
sector_relative_strength_lag1,0.00034,0.0,event
sector_relative_strength_std20,0.00034,0.0,event
plan_stage_encoded_std20,0.000342,0.0,event
transfer_ratio_std20,0.000342,0.0,event
cb_0_lag1,0.000367,0.0,event
avg_concept_heat_lag1,0.000371,0.0,event
board_count_lag1,0.000371,0.0,event
board_momentum_max_lag1,0.000371,0.0,event
board_momentum_mean_lag1,0.000371,0.0,event
board_overlap_score_lag1,0.000371,0.0,event
is_dt_lag1,0.000372,0.0,event
is_zb_lag1,0.000372,0.0,event
unlock_return_30d_std20,0.000376,0.0,event
dividend_growth_std20,0.000377,0.0,event
consecutive_zt_lag1,0.000413,0.0,event
is_zt_lag1,0.000413,0.0,event
seal_strength_lag1,0.000413,0.0,event
seal_success_lag1,0.000413,0.0,event
is_yzt_lag1,0.000415,0.0,event
cb_2_lag1,0.000419,0.0,event
concept_board_height_std20,0.000425,0.0,event
cb_0_ma5_lag1,0.000427,0.0,event
concept_zt_count_ma10,0.000429,0.905063,event
concept_zt_ratio_ma10,0.000429,0.905063,event
is_zb_ma20,0.000429,0.915732,event
board_momentum_max_ma5_lag1,0.000432,0.0,event
board_momentum_mean_ma5_lag1,0.000432,0.0,event
concept_zt_count_accel,0.000465,0.905063,event
concept_zt_ratio_accel,0.000465,0.905063,event
concept_zt_count_ma20,0.000469,0.905063,event
concept_zt_ratio_ma20,0.000469,0.905063,event
cb_0_accel_lag1,0.000488,0.0,event
cb_0_ma10_lag1,0.000488,0.0,event
cb_0_ma20_lag1,0.000488,0.0,event
board_momentum_max_accel_lag1,0.000493,0.0,event
board_momentum_max_ma10_lag1,0.000493,0.0,event
board_momentum_max_ma20_lag1,0.000493,0.0,event
board_momentum_mean_accel_lag1,0.000493,0.0,event
board_momentum_mean_ma10_lag1,0.000493,0.0,event
board_momentum_mean_ma20_lag1,0.000493,0.0,event
cb_1_ma5_lag1,0.000499,0.0,event
cb_1_ma10,0.000507,0.031826,event
cb_1_accel,0.000529,0.031826,event
cb_1_ma20,0.000529,0.031826,event
cb_0_std20,0.000533,0.0,event
avg_concept_heat_std20,0.000542,0.0,event
board_change_pct_std20,0.000542,0.0,event
board_count_std20,0.000542,0.0,event
board_momentum_max_std20,0.000542,0.0,event
board_momentum_mean_std20,0.000542,0.0,event
board_overlap_score_std20,0.000542,0.0,event
consecutive_zt_ma10,0.000557,0.84774,event
is_zt_ma10,0.000557,0.84774,event
seal_intensity_ma10,0.000557,0.84774,event
seal_strength_ma10,0.000557,0.84774,event
seal_success_ma10,0.000557,0.84774,event
is_yzt_ma10,0.000577,0.841591,event
cb_1_lag2,0.000582,0.0,event
comment_attention_lag2,0.00068,0.000181,event
comment_institution_lag2,0.00068,0.000181,event
comment_trend_lag2,0.00068,0.000181,event
concept_momentum_12m_accel_lag2,0.00068,0.000181,event
concept_momentum_12m_lag2,0.00068,0.000181,event
concept_momentum_12m_ma10_lag2,0.00068,0.000181,event
concept_momentum_12m_ma20_lag2,0.00068,0.000181,event
concept_momentum_12m_ma5_lag2,0.00068,0.000181,event
concept_momentum_12m_std20_lag1,0.00068,0.000181,event
concept_momentum_3m_accel_lag2,0.00068,0.000181,event
concept_momentum_3m_lag2,0.00068,0.000181,event
concept_momentum_3m_ma10_lag2,0.00068,0.000181,event
concept_momentum_3m_ma20_lag2,0.00068,0.000181,event
concept_momentum_3m_ma5_lag2,0.00068,0.000181,event
concept_momentum_3m_std20_lag1,0.00068,0.000181,event
concept_momentum_6m_accel_lag2,0.00068,0.000181,event
concept_momentum_6m_lag2,0.00068,0.000181,event
concept_momentum_6m_ma10_lag2,0.00068,0.000181,event
concept_momentum_6m_ma20_lag2,0.00068,0.000181,event
concept_momentum_6m_ma5_lag2,0.00068,0.000181,event
concept_momentum_6m_std20_lag1,0.00068,0.000181,event
is_concept_leader_lag2,0.00068,0.000181,event
market_state_frenzy_accel_lag2,0.00068,0.000181,event
market_state_frenzy_lag2,0.00068,0.000181,event
market_state_frenzy_ma10_lag2,0.00068,0.000181,event
market_state_frenzy_ma20_lag2,0.00068,0.000181,event
market_state_frenzy_ma5_lag2,0.00068,0.000181,event
market_state_frenzy_std20_lag1,0.00068,0.000181,event
market_state_ice_accel_lag2,0.00068,0.000181,event
market_state_ice_lag2,0.00068,0.000181,event
market_state_ice_ma10_lag2,0.00068,0.000181,event
market_state_ice_ma20_lag2,0.00068,0.000181,event
market_state_ice_ma5_lag2,0.00068,0.000181,event
market_state_ice_std20_lag1,0.00068,0.000181,event
market_state_strong_accel_lag2,0.00068,0.000181,event
market_state_strong_lag2,0.00068,0.000181,event
market_state_strong_ma10_lag2,0.00068,0.000181,event
market_state_strong_ma20_lag2,0.00068,0.000181,event
market_state_strong_ma5_lag2,0.00068,0.000181,event
market_state_strong_std20_lag1,0.00068,0.000181,event
sector_relative_strength_lag2,0.00068,0.000181,event
cb_2_lag2,0.000703,0.0,event
board_height_20d,0.000705,0.84774,event
cb_1_accel_lag1,0.000706,0.0,event
cb_1_ma10_lag1,0.000706,0.0,event
cb_1_ma20_lag1,0.000706,0.0,event
cb_0_lag2,0.000707,0.000181,event
avg_concept_heat_lag2,0.000711,0.000181,event
board_count_lag2,0.000711,0.000181,event
board_momentum_max_lag2,0.000711,0.000181,event
board_momentum_mean_lag2,0.000711,0.000181,event
board_overlap_score_lag2,0.000711,0.000181,event
is_dt_lag2,0.000712,0.000181,event
is_zb_lag2,0.000712,0.000181,event
cb_2_ma5,0.000748,0.000904,event
consecutive_zt_lag2,0.000752,0.000181,event
is_zt_lag2,0.000752,0.000181,event
seal_strength_lag2,0.000752,0.000181,event
seal_success_lag2,0.000752,0.000181,event
is_yzt_lag2,0.000755,0.000181,event
cb_0_ma5_lag2,0.000767,0.000181,event
cb_1_ma5_lag2,0.000767,0.0,event
board_momentum_max_ma5_lag2,0.000772,0.000181,event
board_momentum_mean_ma5_lag2,0.000772,0.000181,event
board_height_20d_ma5,0.000796,0.84774,event
cb_1_std20,0.000797,0.0,event
consecutive_zt_accel,0.000805,0.84774,event
seal_strength_accel,0.000807,0.84774,event
seal_success_accel,0.000807,0.84774,event
consecutive_zt_ma20,0.000809,0.84774,event
is_zt_ma20,0.000809,0.84774,event
seal_intensity_accel,0.000809,0.84774,event
seal_intensity_ma20,0.000809,0.84774,event
seal_strength_ma20,0.000809,0.84774,event
seal_success_ma20,0.000809,0.84774,event
concept_zt_count_std20,0.00081,0.0,event
concept_zt_ratio_std20,0.00081,0.0,event
cb_0_accel_lag2,0.000813,0.000181,event
cb_0_ma10_lag2,0.000813,0.000181,event
cb_0_ma20_lag2,0.000813,0.000181,event
board_momentum_max_accel_lag2,0.000817,0.000181,event
board_momentum_max_ma10_lag2,0.000817,0.000181,event
board_momentum_max_ma20_lag2,0.000817,0.000181,event
board_momentum_mean_accel_lag2,0.000817,0.000181,event
board_momentum_mean_ma10_lag2,0.000817,0.000181,event
board_momentum_mean_ma20_lag2,0.000817,0.000181,event
board_height_20d_accel,0.000826,0.84774,event
cb_0_std20_lag1,0.000828,0.000181,event
board_height_20d_ma10,0.000831,0.84774,event
board_height_20d_ma20,0.000831,0.84774,event
is_yzt_ma20,0.000831,0.841591,event
board_momentum_max_std20_lag1,0.000833,0.000181,event
board_momentum_mean_std20_lag1,0.000833,0.000181,event
cb_1_lag3,0.00085,0.0,event
cb_1_accel_lag2,0.000928,0.0,event
cb_1_ma10_lag2,0.000928,0.0,event
cb_1_ma20_lag2,0.000928,0.0,event
cb_2_ma5_lag1,0.000958,0.0,event
cb_1_std20_lag1,0.000974,0.0,event
cb_2_lag3,0.000988,0.0,event
news_sent_bear_vol,0.001009,0.217722,event
board_height_20d_lag1,0.001016,0.0,event
comment_attention_lag3,0.00102,0.000362,event
comment_institution_lag3,0.00102,0.000362,event
comment_trend_lag3,0.00102,0.000362,event
concept_momentum_12m_accel_lag3,0.00102,0.000362,event
concept_momentum_12m_lag3,0.00102,0.000362,event
concept_momentum_12m_ma10_lag3,0.00102,0.000362,event
concept_momentum_12m_ma20_lag3,0.00102,0.000362,event
concept_momentum_12m_ma5_lag3,0.00102,0.000362,event
concept_momentum_12m_std20_lag2,0.00102,0.000362,event
concept_momentum_3m_accel_lag3,0.00102,0.000362,event
concept_momentum_3m_lag3,0.00102,0.000362,event
concept_momentum_3m_ma10_lag3,0.00102,0.000362,event
concept_momentum_3m_ma20_lag3,0.00102,0.000362,event
concept_momentum_3m_ma5_lag3,0.00102,0.000362,event
concept_momentum_3m_std20_lag2,0.00102,0.000362,event
concept_momentum_6m_accel_lag3,0.00102,0.000362,event
concept_momentum_6m_lag3,0.00102,0.000362,event
concept_momentum_6m_ma10_lag3,0.00102,0.000362,event
concept_momentum_6m_ma20_lag3,0.00102,0.000362,event
concept_momentum_6m_ma5_lag3,0.00102,0.000362,event
concept_momentum_6m_std20_lag2,0.00102,0.000362,event
is_concept_leader_lag3,0.00102,0.000362,event
market_state_frenzy_accel_lag3,0.00102,0.000362,event
market_state_frenzy_lag3,0.00102,0.000362,event
market_state_frenzy_ma10_lag3,0.00102,0.000362,event
market_state_frenzy_ma20_lag3,0.00102,0.000362,event
market_state_frenzy_ma5_lag3,0.00102,0.000362,event
market_state_frenzy_std20_lag2,0.00102,0.000362,event
market_state_ice_accel_lag3,0.00102,0.000362,event
market_state_ice_lag3,0.00102,0.000362,event
market_state_ice_ma10_lag3,0.00102,0.000362,event
market_state_ice_ma20_lag3,0.00102,0.000362,event
market_state_ice_ma5_lag3,0.00102,0.000362,event
market_state_ice_std20_lag2,0.00102,0.000362,event
market_state_strong_accel_lag3,0.00102,0.000362,event
market_state_strong_lag3,0.00102,0.000362,event
market_state_strong_ma10_lag3,0.00102,0.000362,event
market_state_strong_ma20_lag3,0.00102,0.000362,event
market_state_strong_ma5_lag3,0.00102,0.000362,event
market_state_strong_std20_lag2,0.00102,0.000362,event
sector_relative_strength_lag3,0.00102,0.000362,event
cb_1_ma5_lag3,0.001035,0.0,event
cb_0_lag3,0.001047,0.000362,event
avg_concept_heat_lag3,0.001051,0.000362,event
board_count_lag3,0.001051,0.000362,event
board_momentum_max_lag3,0.001051,0.000362,event
board_momentum_mean_lag3,0.001051,0.000362,event
board_overlap_score_lag3,0.001051,0.000362,event
is_dt_lag3,0.001052,0.000362,event
is_zb_lag3,0.001052,0.000362,event
consecutive_zt_lag3,0.001092,0.000362,event
is_zt_lag3,0.001092,0.000362,event
seal_strength_lag3,0.001092,0.000362,event
seal_success_lag3,0.001092,0.000362,event
is_yzt_lag3,0.001095,0.000362,event
cb_0_ma5_lag3,0.001107,0.000362,event
board_momentum_max_ma5_lag3,0.001112,0.000362,event
board_momentum_mean_ma5_lag3,0.001112,0.000362,event
cb_0_accel_lag3,0.001138,0.000362,event
cb_0_ma10_lag3,0.001138,0.000362,event
cb_0_ma20_lag3,0.001138,0.000362,event
board_momentum_max_accel_lag3,0.001142,0.000362,event
board_momentum_max_ma10_lag3,0.001142,0.000362,event
board_momentum_max_ma20_lag3,0.001142,0.000362,event
board_momentum_mean_accel_lag3,0.001142,0.000362,event
board_momentum_mean_ma10_lag3,0.001142,0.000362,event
board_momentum_mean_ma20_lag3,0.001142,0.000362,event
consecutive_zt_std20,0.001149,0.0,event
seal_intensity_std20,0.001149,0.0,event
seal_strength_std20,0.001149,0.0,event
seal_success_std20,0.001149,0.0,event
cb_1_accel_lag3,0.00115,0.0,event
cb_1_ma10_lag3,0.00115,0.0,event
cb_1_ma20_lag3,0.00115,0.0,event
cb_0_std20_lag2,0.001153,0.000362,event
board_momentum_max_std20_lag2,0.001158,0.000362,event
board_momentum_mean_std20_lag2,0.001158,0.000362,event
board_height_20d_std20,0.00117,0.0,event
cb_1_std20_lag2,0.001196,0.0,event
news_sent_streak,0.001222,0.287703,event
retail_panic,0.00124,0.488788,event
cb_2_ma5_lag2,0.001242,0.0,event
board_height_20d_lag2,0.001327,0.000181,event
news_sent_bear_vol_lag1,0.001345,0.0,event
concept_momentum_12m_std20_lag3,0.00136,0.000362,event
concept_momentum_3m_std20_lag3,0.00136,0.000362,event
concept_momentum_6m_std20_lag3,0.00136,0.000362,event
market_state_frenzy_std20_lag3,0.00136,0.000362,event
market_state_ice_std20_lag3,0.00136,0.000362,event
market_state_strong_std20_lag3,0.00136,0.000362,event
cb_1_lag5,0.001386,0.0,event
cb_1_std20_lag3,0.001418,0.0,event
cb_2_ma10,0.001421,0.000904,event
bonus_ratio,0.001429,0.873599,event
cb_0_std20_lag3,0.001478,0.000362,event
board_momentum_max_std20_lag3,0.001482,0.000362,event
board_momentum_mean_std20_lag3,0.001482,0.000362,event
cb_2_accel,0.001511,0.000904,event
cb_2_ma20,0.001511,0.000904,event
cb_2_ma5_lag3,0.001526,0.0,event
cb_2_lag5,0.001556,0.0,event
news_sent_streak_lag1,0.001558,0.0,event
cb_1_ma5_lag5,0.001571,0.0,event
retail_panic_lag1,0.00158,0.0,event
cb_2_accel_lag1,0.001586,0.0,event
cb_2_ma10_lag1,0.001586,0.0,event
cb_2_ma20_lag1,0.001586,0.0,event
cb_1_accel_lag5,0.001593,0.0,event
cb_1_ma10_lag5,0.001593,0.0,event
cb_1_ma20_lag5,0.001593,0.0,event
bonus_ratio_ma5,0.001614,0.873599,event
market_state_normal,0.001638,0.000542,event
board_height_20d_lag3,0.001639,0.000362,event
news_sent_bear_vol_lag2,0.001682,0.000181,event
comment_attention_lag5,0.0017,0.000362,event
comment_institution_lag5,0.0017,0.000362,event
comment_trend_lag5,0.0017,0.000362,event
concept_momentum_12m_accel_lag5,0.0017,0.000362,event
concept_momentum_12m_lag5,0.0017,0.000362,event
concept_momentum_12m_ma10_lag5,0.0017,0.000362,event
concept_momentum_12m_ma20_lag5,0.0017,0.000362,event
concept_momentum_12m_ma5_lag5,0.0017,0.000362,event
concept_momentum_3m_accel_lag5,0.0017,0.000362,event
concept_momentum_3m_lag5,0.0017,0.000362,event
concept_momentum_3m_ma10_lag5,0.0017,0.000362,event
concept_momentum_3m_ma20_lag5,0.0017,0.000362,event
concept_momentum_3m_ma5_lag5,0.0017,0.000362,event
concept_momentum_6m_accel_lag5,0.0017,0.000362,event
concept_momentum_6m_lag5,0.0017,0.000362,event
concept_momentum_6m_ma10_lag5,0.0017,0.000362,event
concept_momentum_6m_ma20_lag5,0.0017,0.000362,event
concept_momentum_6m_ma5_lag5,0.0017,0.000362,event
is_concept_leader_lag5,0.0017,0.000362,event
market_state_frenzy_accel_lag5,0.0017,0.000362,event
market_state_frenzy_lag5,0.0017,0.000362,event
market_state_frenzy_ma10_lag5,0.0017,0.000362,event
market_state_frenzy_ma20_lag5,0.0017,0.000362,event
market_state_frenzy_ma5_lag5,0.0017,0.000362,event
market_state_ice_accel_lag5,0.0017,0.000362,event
market_state_ice_lag5,0.0017,0.000362,event
market_state_ice_ma10_lag5,0.0017,0.000362,event
market_state_ice_ma20_lag5,0.0017,0.000362,event
market_state_ice_ma5_lag5,0.0017,0.000362,event
market_state_strong_accel_lag5,0.0017,0.000362,event
market_state_strong_lag5,0.0017,0.000362,event
market_state_strong_ma10_lag5,0.0017,0.000362,event
market_state_strong_ma20_lag5,0.0017,0.000362,event
market_state_strong_ma5_lag5,0.0017,0.000362,event
sector_relative_strength_lag5,0.0017,0.000362,event
cb_0_lag5,0.001727,0.000362,event
is_dt_lag5,0.00173,0.000362,event
avg_concept_heat_lag5,0.001731,0.000362,event
board_count_lag5,0.001731,0.000362,event
board_momentum_max_lag5,0.001731,0.000362,event
board_momentum_mean_lag5,0.001731,0.000362,event
board_overlap_score_lag5,0.001731,0.000362,event
is_zb_lag5,0.001731,0.000362,event
cb_2_accel_lag2,0.001736,0.0,event
cb_2_ma10_lag2,0.001736,0.0,event
cb_2_ma20_lag2,0.001736,0.0,event
consecutive_zt_lag5,0.00177,0.000362,event
is_zt_lag5,0.00177,0.000362,event
seal_strength_lag5,0.00177,0.000362,event
seal_success_lag5,0.00177,0.000362,event
is_yzt_lag5,0.001772,0.000362,event
cb_0_ma5_lag5,0.001787,0.000362,event
cb_0_accel_lag5,0.001788,0.000362,event
cb_0_ma10_lag5,0.001788,0.000362,event
cb_0_ma20_lag5,0.001788,0.000362,event
board_momentum_max_accel_lag5,0.001792,0.000362,event
board_momentum_max_ma10_lag5,0.001792,0.000362,event
board_momentum_max_ma20_lag5,0.001792,0.000362,event
board_momentum_max_ma5_lag5,0.001792,0.000362,event
board_momentum_mean_accel_lag5,0.001792,0.000362,event
board_momentum_mean_ma10_lag5,0.001792,0.000362,event
board_momentum_mean_ma20_lag5,0.001792,0.000362,event
board_momentum_mean_ma5_lag5,0.001792,0.000362,event
cb_2_std20,0.001795,0.0,event
bonus_ratio_accel,0.001802,0.873599,event
bonus_ratio_ma10,0.001844,0.873599,event
cb_1_std20_lag5,0.001861,0.0,event
cb_2_std20_lag1,0.00187,0.0,event
is_one_word_board,0.001874,0.314105,event
cb_2_accel_lag3,0.001885,0.0,event
cb_2_ma10_lag3,0.001885,0.0,event
cb_2_ma20_lag3,0.001885,0.0,event
news_sent_streak_lag2,0.001893,0.000181,event
retail_panic_lag2,0.001921,0.000181,event
market_state_normal_lag1,0.001944,0.0,event
news_sent_bear_vol_lag3,0.002018,0.000362,event
cb_2_std20_lag2,0.00202,0.0,event
concept_momentum_12m_std20_lag5,0.00204,0.000542,event
concept_momentum_3m_std20_lag5,0.00204,0.000542,event
concept_momentum_6m_std20_lag5,0.00204,0.000542,event
market_state_frenzy_std20_lag5,0.00204,0.000542,event
market_state_ice_std20_lag5,0.00204,0.000542,event
market_state_strong_std20_lag5,0.00204,0.000542,event
negative_ratio,0.002041,0.055877,event
cb_2_ma5_lag5,0.002095,0.0,event
cb_0_std20_lag5,0.002128,0.000542,event
board_momentum_max_std20_lag5,0.002132,0.000542,event
board_momentum_mean_std20_lag5,0.002132,0.000542,event
bonus_ratio_std20,0.002147,0.0,event
cb_2_std20_lag3,0.00217,0.0,event
cb_2_accel_lag5,0.002185,0.0,event
cb_2_ma10_lag5,0.002185,0.0,event
cb_2_ma20_lag5,0.002185,0.0,event
news_sent_streak_lag3,0.002226,0.000362,event
market_state_normal_lag2,0.00225,0.000181,event
retail_panic_lag3,0.00226,0.000362,event
board_height_20d_lag5,0.002262,0.000362,event
bonus_ratio_ma20,0.002303,0.873599,event
lhb_is_sustained,0.002354,0.162206,event
negative_ratio_lag1,0.002372,0.0,event
cb_2_std20_lag5,0.002469,0.0,event
market_state_normal_lag3,0.00259,0.000362,event
news_sent_bear_vol_lag5,0.002683,0.000362,event
lhb_is_sustained_lag1,0.002691,0.0,event
cb_1_accel_lag10,0.002703,0.0,event
cb_1_lag10,0.002703,0.0,event
cb_1_ma10_lag10,0.002703,0.0,event
cb_1_ma20_lag10,0.002703,0.0,event
cb_1_ma5_lag10,0.002703,0.0,event
negative_ratio_lag2,0.002705,0.000181,event
news_sent_streak_lag5,0.002882,0.000362,event
cb_2_accel_lag10,0.002933,0.0,event
cb_2_lag10,0.002933,0.0,event
cb_2_ma10_lag10,0.002933,0.0,event
cb_2_ma20_lag10,0.002933,0.0,event
cb_2_ma5_lag10,0.002933,0.0,event
retail_panic_lag5,0.002939,0.000362,event
cb_1_std20_lag10,0.002971,0.0,event
lhb_is_sustained_lag2,0.003029,0.000181,event
negative_ratio_lag3,0.003038,0.000362,event
lhb_is_wave,0.003076,0.15009,event
cb_2_std20_lag10,0.003217,0.0,event
market_state_normal_lag5,0.003236,0.000362,event
market_state_volatile,0.003357,0.000362,event
lhb_is_sustained_lag3,0.003365,0.000362,event
comment_attention_lag10,0.0034,0.000904,event
comment_institution_lag10,0.0034,0.000904,event
comment_trend_lag10,0.0034,0.000904,event
concept_momentum_12m_accel_lag10,0.0034,0.000904,event
concept_momentum_12m_lag10,0.0034,0.000904,event
concept_momentum_12m_ma10_lag10,0.0034,0.000904,event
concept_momentum_12m_ma20_lag10,0.0034,0.000904,event
concept_momentum_12m_ma5_lag10,0.0034,0.000904,event
concept_momentum_3m_accel_lag10,0.0034,0.000904,event
concept_momentum_3m_lag10,0.0034,0.000904,event
concept_momentum_3m_ma10_lag10,0.0034,0.000904,event
concept_momentum_3m_ma20_lag10,0.0034,0.000904,event
concept_momentum_3m_ma5_lag10,0.0034,0.000904,event
concept_momentum_6m_accel_lag10,0.0034,0.000904,event
concept_momentum_6m_lag10,0.0034,0.000904,event
concept_momentum_6m_ma10_lag10,0.0034,0.000904,event
concept_momentum_6m_ma20_lag10,0.0034,0.000904,event
concept_momentum_6m_ma5_lag10,0.0034,0.000904,event
is_concept_leader_lag10,0.0034,0.000904,event
market_state_frenzy_accel_lag10,0.0034,0.000904,event
market_state_frenzy_lag10,0.0034,0.000904,event
market_state_frenzy_ma10_lag10,0.0034,0.000904,event
market_state_frenzy_ma20_lag10,0.0034,0.000904,event
market_state_frenzy_ma5_lag10,0.0034,0.000904,event
market_state_ice_accel_lag10,0.0034,0.000904,event
market_state_ice_lag10,0.0034,0.000904,event
market_state_ice_ma10_lag10,0.0034,0.000904,event
market_state_ice_ma20_lag10,0.0034,0.000904,event
market_state_ice_ma5_lag10,0.0034,0.000904,event
market_state_strong_accel_lag10,0.0034,0.000904,event
market_state_strong_lag10,0.0034,0.000904,event
market_state_strong_ma10_lag10,0.0034,0.000904,event
market_state_strong_ma20_lag10,0.0034,0.000904,event
market_state_strong_ma5_lag10,0.0034,0.000904,event
sector_relative_strength_lag10,0.0034,0.000904,event
cb_0_accel_lag10,0.003413,0.000904,event
cb_0_lag10,0.003413,0.000904,event
cb_0_ma10_lag10,0.003413,0.000904,event
cb_0_ma20_lag10,0.003413,0.000904,event
cb_0_ma5_lag10,0.003413,0.000904,event
lhb_is_wave_lag1,0.003414,0.0,event
avg_concept_heat_lag10,0.003415,0.000904,event
board_count_lag10,0.003415,0.000904,event
board_momentum_max_accel_lag10,0.003415,0.000904,event
board_momentum_max_lag10,0.003415,0.000904,event
board_momentum_max_ma10_lag10,0.003415,0.000904,event
board_momentum_max_ma20_lag10,0.003415,0.000904,event
board_momentum_max_ma5_lag10,0.003415,0.000904,event
board_momentum_mean_accel_lag10,0.003415,0.000904,event
board_momentum_mean_lag10,0.003415,0.000904,event
board_momentum_mean_ma10_lag10,0.003415,0.000904,event
board_momentum_mean_ma20_lag10,0.003415,0.000904,event
board_momentum_mean_ma5_lag10,0.003415,0.000904,event
board_overlap_score_lag10,0.003415,0.000904,event
is_dt_lag10,0.003422,0.000904,event
is_zb_lag10,0.003425,0.000904,event
consecutive_zt_lag10,0.003458,0.000904,event
is_zt_lag10,0.003458,0.000904,event
seal_strength_lag10,0.003458,0.000904,event
seal_success_lag10,0.003458,0.000904,event
is_yzt_lag10,0.00346,0.000904,event
lhb_is_drop,0.003644,0.031284,event
negative_ratio_lag5,0.003695,0.000362,event
market_state_volatile_lag1,0.003697,0.0,event
pledge_risk_accel,0.003699,0.532369,event
pledge_ratio_accel,0.003721,0.461121,event
board_height_20d_lag10,0.003735,0.000904,event
concept_momentum_12m_std20_lag10,0.00374,0.001085,event
concept_momentum_3m_std20_lag10,0.00374,0.001085,event
concept_momentum_6m_std20_lag10,0.00374,0.001085,event
market_state_frenzy_std20_lag10,0.00374,0.001085,event
market_state_ice_std20_lag10,0.00374,0.001085,event
market_state_strong_std20_lag10,0.00374,0.001085,event
lhb_is_wave_lag2,0.003751,0.000181,event
cb_0_std20_lag10,0.003753,0.001085,event
board_momentum_max_std20_lag10,0.003755,0.001085,event
board_momentum_mean_std20_lag10,0.003755,0.001085,event
news_disagreement,0.003764,0.027306,event
sentiment_std,0.003764,0.027306,event
is_sector_leader,0.003797,0.300723,event
lhb_is_drop_lag1,0.003981,0.0,event
pledge_risk_std20,0.004019,0.0,event
market_state_volatile_lag2,0.004036,0.000181,event
lhb_is_sustained_lag5,0.00404,0.000362,event
news_disagreement_lag1,0.004087,0.0,event
sentiment_std_lag1,0.004087,0.0,event
lhb_is_wave_lag3,0.004088,0.000362,event
news_sent_bull_vol,0.004222,0.003978,event
market_state_normal_lag10,0.0043,0.000904,event
lhb_is_drop_lag2,0.004317,0.000181,event
news_sent_bear_vol_lag10,0.004352,0.000904,event
market_state_volatile_lag3,0.004359,0.000362,event
ann_sentiment_std,0.004363,0.039964,event
news_disagreement_lag2,0.004414,0.000181,event
sentiment_std_lag2,0.004414,0.000181,event
news_sent_extreme,0.00447,0.000904,event
news_sent_bull_vol_lag1,0.004544,0.0,event
news_sent_streak_lag10,0.004551,0.000904,event
retail_panic_lag10,0.004636,0.000904,event
lhb_is_drop_lag3,0.004653,0.000362,event
ann_sentiment_std_lag1,0.004701,0.0,event
positive_ratio,0.004722,0.001989,event
news_disagreement_lag3,0.004732,0.000362,event
sentiment_std_lag3,0.004732,0.000362,event
lhb_is_wave_lag5,0.004763,0.000362,event
news_sent_extreme_lag1,0.004792,0.0,event
market_state_volatile_lag5,0.004798,0.000362,event
news_sent_bull_vol_lag2,0.00487,0.000181,event
market_state_normal_ma5,0.004894,0.000542,event
net_zt_proportion,0.004995,0.000362,event
ann_sentiment_std_lag2,0.005039,0.000181,event
positive_ratio_lag1,0.005041,0.0,event
news_sent_extreme_lag2,0.005118,0.000181,event
news_sent_bull_vol_lag3,0.00518,0.000362,event
market_state_normal_ma5_lag1,0.0052,0.0,event
news_net_bullish,0.005206,0.000723,event
news_sent_volume,0.00523,0.000542,event
news_sent_x_macd,0.00523,0.000542,event
sentiment_mean,0.00523,0.000542,event
negative_ratio_lag10,0.00527,0.000904,event
market_state_normal_ma5_lag2,0.0053,0.000181,event
net_zt_proportion_lag1,0.005301,0.0,event
lhb_is_drop_lag5,0.005327,0.000362,event
cb_1_accel_lag20,0.005361,0.0,event
cb_1_lag20,0.005361,0.0,event
cb_1_ma10_lag20,0.005361,0.0,event
cb_1_ma20_lag20,0.005361,0.0,event
cb_1_ma5_lag20,0.005361,0.0,event
positive_ratio_lag2,0.005365,0.000181,event
news_disagreement_lag5,0.00537,0.000362,event
sentiment_std_lag5,0.00537,0.000362,event
ann_sentiment_std_lag3,0.005378,0.000362,event
market_state_normal_ma5_lag3,0.005399,0.000362,event
news_sent_extreme_lag3,0.005429,0.000362,event
ann_sent_bull_vol,0.005483,0.098553,event
news_net_bullish_lag1,0.005524,0.0,event
news_sent_volume_lag1,0.005549,0.0,event
news_sent_x_macd_lag1,0.005549,0.0,event
sentiment_mean_lag1,0.005549,0.0,event
market_state_normal_ma5_lag5,0.005599,0.000362,event
net_zt_proportion_lag2,0.005607,0.000181,event
cb_1_std20_lag20,0.005629,0.0,event
positive_ratio_lag3,0.005673,0.000362,event
ann_positive_ratio,0.005674,0.089331,event
cb_2_accel_lag20,0.005686,0.0,event
cb_2_lag20,0.005686,0.0,event
cb_2_ma10_lag20,0.005686,0.0,event
cb_2_ma20_lag20,0.005686,0.0,event
cb_2_ma5_lag20,0.005686,0.0,event
lhb_is_sustained_lag10,0.005728,0.000904,event
news_sent_bull_vol_lag5,0.005809,0.000362,event
market_state_normal_ma5_lag10,0.005834,0.000904,event
news_net_bullish_lag2,0.005848,0.000181,event
news_sent_volume_lag2,0.005872,0.000181,event
news_sent_x_macd_lag2,0.005872,0.000181,event
sentiment_mean_lag2,0.005872,0.000181,event
net_zt_proportion_lag3,0.005913,0.000362,event
market_state_volatile_lag10,0.005959,0.000904,event
cb_2_std20_lag20,0.00597,0.0,event
market_state_normal_ma10,0.005994,0.000542,event
ann_positive_ratio_lag1,0.006009,0.0,event
news_sent_extreme_lag5,0.006052,0.000362,event
ann_sentiment_std_lag5,0.006053,0.000362,event
is_vc_backed,0.006089,0.25425,event
market_state_normal_ma10_lag1,0.006094,0.0,event
market_state_normal_accel,0.006133,0.000542,event
market_state_normal_accel_lag1,0.006133,0.0,event
news_net_bullish_lag3,0.006154,0.000362,event
market_state_normal_accel_lag2,0.006176,0.000181,event
market_state_normal_accel_lag3,0.006176,0.000362,event
market_state_normal_accel_lag5,0.006176,0.000362,event
market_state_normal_ma20,0.006177,0.000542,event
market_state_normal_ma20_lag1,0.006177,0.0,event
market_state_normal_ma10_lag2,0.006178,0.000181,event
market_state_normal_ma10_lag3,0.006178,0.000362,event
market_state_normal_ma10_lag5,0.006178,0.000362,event
market_state_normal_ma20_lag2,0.006178,0.000181,event
market_state_normal_ma20_lag3,0.006178,0.000362,event
market_state_normal_ma20_lag5,0.006178,0.000362,event
news_sent_volume_lag3,0.006178,0.000362,event
news_sent_x_macd_lag3,0.006178,0.000362,event
sentiment_mean_lag3,0.006178,0.000362,event
market_state_normal_accel_lag10,0.006179,0.000904,event
market_state_normal_ma10_lag10,0.00618,0.000904,event
market_state_normal_ma20_lag10,0.00618,0.000904,event
market_state_volatile_ma5,0.006276,0.000362,event
net_zt_proportion_ma5,0.006277,0.000362,event
positive_ratio_lag5,0.006297,0.000362,event
net_zt_proportion_lag5,0.006318,0.000362,event
ann_positive_ratio_lag2,0.006344,0.000181,event
market_state_volatile_ma5_lag1,0.006376,0.0,event
lhb_is_wave_lag10,0.006451,0.000904,event
market_state_volatile_ma5_lag2,0.006475,0.000181,event
market_state_normal_std20,0.006517,0.0,event
market_state_normal_std20_lag1,0.006518,0.000181,event
market_state_normal_std20_lag2,0.006518,0.000362,event
market_state_normal_std20_lag3,0.006518,0.000362,event
market_state_normal_std20_lag5,0.006518,0.000542,event
market_state_normal_std20_lag10,0.006519,0.001085,event
market_state_volatile_ma5_lag3,0.006575,0.000362,event
ann_positive_ratio_lag3,0.006682,0.000362,event
news_net_bullish_lag5,0.006768,0.000362,event
market_state_volatile_ma10,0.006773,0.000362,event
market_state_volatile_ma5_lag5,0.006774,0.000362,event
net_zt_proportion_ma10,0.006774,0.000362,event
news_sent_volume_lag5,0.006792,0.000362,event
news_sent_x_macd_lag5,0.006792,0.000362,event
sentiment_mean_lag5,0.006792,0.000362,event
avg_concept_heat_lag20,0.006796,0.001808,event
board_count_lag20,0.006796,0.001808,event
board_momentum_max_accel_lag20,0.006796,0.001808,event
board_momentum_max_lag20,0.006796,0.001808,event
board_momentum_max_ma10_lag20,0.006796,0.001808,event
board_momentum_max_ma20_lag20,0.006796,0.001808,event
board_momentum_max_ma5_lag20,0.006796,0.001808,event
board_momentum_mean_accel_lag20,0.006796,0.001808,event
board_momentum_mean_lag20,0.006796,0.001808,event
board_momentum_mean_ma10_lag20,0.006796,0.001808,event
board_momentum_mean_ma20_lag20,0.006796,0.001808,event
board_momentum_mean_ma5_lag20,0.006796,0.001808,event
board_overlap_score_lag20,0.006796,0.001808,event
cb_0_accel_lag20,0.006796,0.001808,event
cb_0_lag20,0.006796,0.001808,event
cb_0_ma10_lag20,0.006796,0.001808,event
cb_0_ma20_lag20,0.006796,0.001808,event
cb_0_ma5_lag20,0.006796,0.001808,event
comment_attention_lag20,0.006796,0.001808,event
comment_institution_lag20,0.006796,0.001808,event
comment_trend_lag20,0.006796,0.001808,event
concept_momentum_12m_accel_lag20,0.006796,0.001808,event
concept_momentum_12m_lag20,0.006796,0.001808,event
concept_momentum_12m_ma10_lag20,0.006796,0.001808,event
concept_momentum_12m_ma20_lag20,0.006796,0.001808,event
concept_momentum_12m_ma5_lag20,0.006796,0.001808,event
concept_momentum_3m_accel_lag20,0.006796,0.001808,event
concept_momentum_3m_lag20,0.006796,0.001808,event
concept_momentum_3m_ma10_lag20,0.006796,0.001808,event
concept_momentum_3m_ma20_lag20,0.006796,0.001808,event
concept_momentum_3m_ma5_lag20,0.006796,0.001808,event
concept_momentum_6m_accel_lag20,0.006796,0.001808,event
concept_momentum_6m_lag20,0.006796,0.001808,event
concept_momentum_6m_ma10_lag20,0.006796,0.001808,event
concept_momentum_6m_ma20_lag20,0.006796,0.001808,event
concept_momentum_6m_ma5_lag20,0.006796,0.001808,event
is_concept_leader_lag20,0.006796,0.001808,event
market_state_frenzy_accel_lag20,0.006796,0.001808,event
market_state_frenzy_lag20,0.006796,0.001808,event
market_state_frenzy_ma10_lag20,0.006796,0.001808,event
market_state_frenzy_ma20_lag20,0.006796,0.001808,event
market_state_frenzy_ma5_lag20,0.006796,0.001808,event
market_state_ice_accel_lag20,0.006796,0.001808,event
market_state_ice_lag20,0.006796,0.001808,event
market_state_ice_ma10_lag20,0.006796,0.001808,event
market_state_ice_ma20_lag20,0.006796,0.001808,event
market_state_ice_ma5_lag20,0.006796,0.001808,event
market_state_strong_accel_lag20,0.006796,0.001808,event
market_state_strong_lag20,0.006796,0.001808,event
market_state_strong_ma10_lag20,0.006796,0.001808,event
market_state_strong_ma20_lag20,0.006796,0.001808,event
market_state_strong_ma5_lag20,0.006796,0.001808,event
sector_relative_strength_lag20,0.006796,0.001808,event
is_dt_lag20,0.006799,0.001808,event
is_zb_lag20,0.006802,0.001808,event
is_yzt_lag20,0.00681,0.001808,event
consecutive_zt_lag20,0.006811,0.001808,event
is_zt_lag20,0.006811,0.001808,event
seal_strength_lag20,0.006811,0.001808,event
seal_success_lag20,0.006811,0.001808,event
net_zt_proportion_lag10,0.006817,0.000904,event
board_height_20d_lag20,0.00683,0.001808,event
market_state_volatile_accel,0.006853,0.000362,event
market_state_volatile_accel_lag1,0.006854,0.0,event
market_state_volatile_accel_lag2,0.006854,0.000181,event
market_state_volatile_accel_lag3,0.006854,0.000362,event
market_state_volatile_accel_lag5,0.006854,0.000362,event
net_zt_proportion_accel,0.006856,0.000362,event
market_state_volatile_accel_lag10,0.006857,0.000904,event
market_state_volatile_ma10_lag1,0.006858,0.0,event
market_state_volatile_ma10_lag2,0.006858,0.000181,event
market_state_volatile_ma10_lag3,0.006858,0.000362,event
market_state_volatile_ma10_lag5,0.006858,0.000362,event
market_state_volatile_ma20,0.006858,0.000362,event
market_state_volatile_ma20_lag1,0.006858,0.0,event
market_state_volatile_ma20_lag2,0.006858,0.000181,event
market_state_volatile_ma20_lag3,0.006858,0.000362,event
market_state_volatile_ma20_lag5,0.006858,0.000362,event
net_zt_proportion_ma20,0.006858,0.000362,event
market_state_volatile_ma10_lag10,0.006859,0.000904,event
market_state_volatile_ma20_lag10,0.006859,0.000904,event
market_state_volatile_ma5_lag10,0.006859,0.000904,event
market_state_normal_lag20,0.006896,0.001808,event
news_disagreement_lag10,0.006897,0.000904,event
sentiment_std_lag10,0.006897,0.000904,event
lhb_is_drop_lag10,0.00701,0.000904,event
market_state_normal_accel_lag20,0.007078,0.001808,event
market_state_normal_ma10_lag20,0.007078,0.001808,event
market_state_normal_ma20_lag20,0.007078,0.001808,event
market_state_normal_ma5_lag20,0.007078,0.001808,event
board_momentum_max_std20_lag20,0.007136,0.001808,event
board_momentum_mean_std20_lag20,0.007136,0.001808,event
cb_0_std20_lag20,0.007136,0.001808,event
concept_momentum_12m_std20_lag20,0.007136,0.001808,event
concept_momentum_3m_std20_lag20,0.007136,0.001808,event
concept_momentum_6m_std20_lag20,0.007136,0.001808,event
market_state_frenzy_std20_lag20,0.007136,0.001808,event
market_state_ice_std20_lag20,0.007136,0.001808,event
market_state_strong_std20_lag20,0.007136,0.001808,event
market_state_volatile_lag20,0.007177,0.001808,event
market_state_volatile_std20,0.007198,0.0,event
market_state_volatile_std20_lag1,0.007198,0.000181,event
market_state_volatile_std20_lag2,0.007198,0.000362,event
market_state_volatile_std20_lag3,0.007198,0.000362,event
market_state_volatile_std20_lag5,0.007198,0.000542,event
net_zt_proportion_std20,0.007198,0.0,event
market_state_volatile_std20_lag10,0.007199,0.001085,event
market_state_volatile_accel_lag20,0.007276,0.001808,event
market_state_volatile_ma10_lag20,0.007276,0.001808,event
market_state_volatile_ma20_lag20,0.007276,0.001808,event
market_state_volatile_ma5_lag20,0.007276,0.001808,event
net_zt_proportion_lag20,0.007276,0.001808,event
news_sent_bull_vol_lag10,0.007324,0.000904,event
ann_positive_ratio_lag5,0.007355,0.000362,event
market_state_normal_std20_lag20,0.007417,0.001808,event
news_sent_reversal_5d,0.007518,0.000542,event
news_sent_extreme_lag10,0.007559,0.000904,event
market_state_volatile_std20_lag20,0.007615,0.001808,event
news_sent_bear_vol_lag20,0.007688,0.001808,event
ann_sentiment_std_lag10,0.007739,0.000904,event
positive_ratio_lag10,0.007804,0.000904,event
news_sent_reversal_5d_lag1,0.007823,0.0,event
news_sent_streak_lag20,0.007893,0.001808,event
retail_panic_lag20,0.008029,0.001808,event
news_sent_reversal_5d_lag2,0.008129,0.000181,event
news_net_bullish_lag10,0.008252,0.000904,event
news_sent_volume_lag10,0.008276,0.000904,event
news_sent_x_macd_lag10,0.008276,0.000904,event
sentiment_mean_lag10,0.008276,0.000904,event
news_sent_reversal_5d_lag3,0.008415,0.000362,event
negative_ratio_lag20,0.008554,0.001808,event
is_vc_backed_ma5,0.008774,0.25425,event
pledge_risk,0.00896,0.532369,event
news_sent_reversal_5d_lag5,0.009005,0.000362,event
ann_positive_ratio_lag10,0.009029,0.000904,event
is_limit_down,0.00903,0.008499,event
lhb_is_sustained_lag20,0.009091,0.001808,event
pledge_risk_lag1,0.009229,0.0,event
news_neg_momentum,0.009251,0.055877,event
lhb_net_amount,0.009255,0.000542,event
negative_ratio_ma5,0.009255,0.055877,event
lhb_buy_ratio,0.009278,0.000542,event
lhb_present,0.009278,0.000542,event
pledge_risk_lag2,0.009498,0.0,event
news_neg_momentum_lag1,0.009551,0.0,event
lhb_is_wave_ma5,0.009577,0.15009,event
lhb_net_amount_lag1,0.00959,0.0,event
lhb_buy_ratio_lag1,0.009612,0.0,event
lhb_present_lag1,0.009613,0.0,event
pledge_risk_ma5,0.009629,0.532369,event
comment_score,0.009747,0.062025,event
has_comment,0.009747,0.062025,event
pledge_risk_lag3,0.009767,0.0,event
news_neg_momentum_lag2,0.009786,0.000181,event
lhb_is_wave_lag20,0.009823,0.001808,event
comment_score_lag1,0.009868,0.0,event
lhb_net_amount_lag2,0.009924,0.000181,event
lhb_buy_ratio_lag2,0.009946,0.000181,event
lhb_present_lag2,0.009947,0.000181,event
ann_sent_bear_vol,0.009953,0.023146,event
comment_score_lag2,0.009988,0.000181,event
news_neg_momentum_lag3,0.010013,0.000362,dense
comment_score_lag3,0.010108,0.000362,dense
news_disagreement_lag20,0.010109,0.001808,dense
sentiment_std_lag20,0.010109,0.001808,dense
pledge_risk_ma10,0.010134,0.532369,dense
ann_negative_ratio,0.010166,0.0217,dense
lhb_net_amount_lag3,0.010257,0.000362,dense
lhb_buy_ratio_lag3,0.010279,0.000362,dense
lhb_present_lag3,0.01028,0.000362,dense
pledge_risk_lag5,0.010306,0.0,dense
comment_score_lag5,0.010349,0.000362,dense
lhb_is_drop_lag20,0.010373,0.001808,dense
news_sent_reversal_5d_lag10,0.010426,0.000904,dense
comment_score_lag10,0.010453,0.000904,dense
comment_score_ma5,0.010463,0.062025,dense
has_comment_ma5,0.010463,0.062025,dense
news_neg_momentum_lag5,0.010465,0.000362,dense
news_sent_bull_vol_lag20,0.010494,0.001808,dense
ann_negative_ratio_lag1,0.010501,0.0,dense
comment_score_accel,0.010562,0.062025,dense
comment_score_ma10,0.010562,0.062025,dense
comment_score_ma20,0.010562,0.062025,dense
has_comment_ma10,0.010562,0.062025,dense
has_comment_ma20,0.010562,0.062025,dense
lhb_is_sustained_ma5,0.010595,0.162206,dense
comment_score_lag20,0.010695,0.001808,dense
news_sent_extreme_lag20,0.010705,0.001808,dense
ann_negative_ratio_lag2,0.010837,0.000181,dense
pledge_risk_ma20,0.010889,0.532369,dense
comment_score_std20,0.010902,0.0,dense
lhb_net_amount_lag5,0.010926,0.000362,dense
lhb_buy_ratio_lag5,0.010948,0.000362,dense
lhb_present_lag5,0.010949,0.000362,dense
positive_ratio_lag20,0.010959,0.001808,dense
ann_sentiment_std_lag20,0.011108,0.001808,dense
ann_negative_ratio_lag3,0.011176,0.000362,dense
news_net_bullish_lag20,0.011362,0.001808,dense
news_sent_volume_lag20,0.011385,0.001808,dense
news_sent_x_macd_lag20,0.011385,0.001808,dense
sentiment_mean_lag20,0.011385,0.001808,dense
is_deep_discount,0.011496,0.126221,dense
pledge_risk_lag10,0.011654,0.0,dense
ann_negative_ratio_lag5,0.011846,0.000362,dense
news_neg_momentum_lag10,0.011905,0.000904,dense
news_sent_x_roc20,0.011965,0.001808,dense
is_vc_backed_ma10,0.012125,0.25425,dense
n_indexes_accel,0.01214,0.0,dense
news_sent_x_roc20_lag1,0.012283,0.001808,dense
n_indexes_std20,0.012384,0.0,dense
ann_positive_ratio_lag20,0.012385,0.001808,dense
market_state_weak_accel,0.012444,0.000362,dense
market_state_weak_accel_lag1,0.01246,0.0,dense
market_state_weak_accel_lag2,0.012475,0.000181,dense
market_state_weak_accel_lag3,0.012491,0.000362,dense
market_state_weak_accel_lag5,0.012522,0.000362,dense
market_state_weak_accel_lag10,0.012525,0.000904,dense
lhb_net_amount_lag10,0.012598,0.000904,dense
news_sent_x_roc20_lag2,0.012606,0.00217,dense
lhb_buy_ratio_lag10,0.01262,0.000904,dense
lhb_present_lag10,0.012621,0.000904,dense
news_sent_x_roc20_lag3,0.012912,0.00217,dense
market_state_weak_accel_lag20,0.012944,0.001808,dense
dv_last_direction_accel,0.013054,0.009946,dense
dv_last_direction_std20,0.013397,0.0,dense
news_sent_reversal_5d_lag20,0.01343,0.001808,dense
ann_negative_ratio_lag10,0.01351,0.000904,dense
news_sent_x_roc20_lag5,0.013525,0.00217,dense
market_state_weak_z20,0.013562,0.0,dense
market_state_weak_std20,0.013563,0.0,dense
market_state_weak_z20_lag1,0.013577,0.000181,dense
market_state_weak_std20_lag1,0.013578,0.000181,dense
market_state_weak_std20_lag2,0.013593,0.000362,dense
market_state_weak_z20_lag2,0.013593,0.000362,dense
market_state_weak_z20_lag3,0.013608,0.000362,dense
market_state_weak_std20_lag3,0.013609,0.000362,dense
market_state_weak_z20_lag5,0.013639,0.000542,dense
market_state_weak_std20_lag5,0.01364,0.000542,dense
market_state_weak_std20_lag10,0.013642,0.001085,dense
market_state_weak_z20_lag10,0.013642,0.001085,dense
dv_last_direction_z20,0.013683,0.0,dense
lhb_is_drop_ma5,0.01393,0.031284,dense
market_state_weak_z20_lag20,0.014059,0.001808,dense
market_state_weak_std20_lag20,0.014061,0.001808,dense
n_indexes_z20,0.014278,0.0,dense
pledge_risk_lag20,0.014355,0.0,dense
sentiment_std_ma5,0.014411,0.027306,dense
pledge_ratio_std20,0.014613,0.0,dense
news_neg_momentum_lag20,0.014859,0.001808,dense
news_sent_x_roc20_lag10,0.015009,0.002712,dense
is_sector_leader_ma5,0.015127,0.300723,dense
ann_sent_x_macd,0.015436,0.009222,dense
ann_sentiment_mean,0.015436,0.009222,dense
ann_sentiment_mean_lag1,0.015767,0.0,dense
news_count,0.015797,0.000362,dense
news_guba_ratio,0.015813,0.000362,dense
lhb_net_amount_lag20,0.015929,0.001808,dense
lhb_buy_ratio_lag20,0.015951,0.001808,dense
lhb_present_lag20,0.015952,0.001808,dense
news_count_lag1,0.016012,0.0,dense
news_guba_ratio_lag1,0.016029,0.0,dense
ann_sentiment_mean_lag2,0.016097,0.000181,dense
lhb_is_wave_ma10,0.016148,0.15009,dense
free_ratio,0.016199,0.000362,dense
news_count_lag2,0.016231,0.000181,dense
news_guba_ratio_lag2,0.016248,0.000181,dense
free_shares,0.016262,0.000362,dense
able_shares,0.016263,0.000362,dense
news_pos_momentum,0.016416,0.001989,dense
ann_sentiment_mean_lag3,0.016434,0.000362,dense
news_count_lag3,0.016444,0.000362,dense
news_guba_ratio_lag3,0.016461,0.000362,dense
positive_ratio_ma5,0.016471,0.001989,dense
news_pos_momentum_lag1,0.016668,0.0,dense
is_limit_up,0.016749,0.007957,dense
limit_up_streak,0.016749,0.007957,dense
seal_quality,0.016749,0.007957,dense
negative_ratio_ma10,0.016827,0.055877,dense
ann_negative_ratio_lag20,0.01684,0.001808,dense
news_pos_momentum_lag2,0.016866,0.000181,dense
news_count_lag5,0.016902,0.000362,dense
news_guba_ratio_lag5,0.016919,0.000362,dense
news_pos_momentum_lag3,0.017058,0.000362,dense
ann_sentiment_mean_lag5,0.017097,0.000362,dense
idx_change_30d,0.017388,0.000181,dense
news_pos_momentum_lag5,0.017447,0.000362,dense
idx_change_30d_lag1,0.017617,0.0,dense
is_deep_discount_ma5,0.017845,0.126221,dense
idx_change_30d_lag2,0.017846,0.0,dense
news_count_lag10,0.017932,0.000904,dense
news_guba_ratio_lag10,0.01795,0.000904,dense
news_sent_momentum_5d,0.017978,0.000542,dense
sentiment_mean_ma5,0.017978,0.000542,dense
idx_change_30d_lag3,0.018076,0.0,dense
news_sent_x_roc20_lag20,0.018114,0.003436,dense
news_sent_momentum_5d_lag1,0.018222,0.0,dense
news_sent_momentum_5d_lag2,0.018413,0.000181,dense
idx_change_30d_lag5,0.018536,0.0,dense
news_sent_momentum_5d_lag3,0.018591,0.000362,dense
news_pos_momentum_lag10,0.018677,0.000904,dense
ann_sentiment_mean_lag10,0.018737,0.000904,dense
is_vc_backed_ma20,0.018816,0.25425,dense
news_sent_momentum_5d_lag5,0.018953,0.000362,dense
lhb_is_sustained_ma10,0.019106,0.162206,dense
has_news,0.019658,0.0,dense
idx_change_30d_lag10,0.019674,0.0,dense
idx_change_30d_ma5,0.019942,0.000181,dense
news_count_lag20,0.020063,0.001808,dense
news_guba_ratio_lag20,0.020081,0.001808,dense
news_sent_momentum_5d_lag10,0.020109,0.000904,dense
ann_sentiment_std_ma5,0.021112,0.039964,dense
news_pos_momentum_lag20,0.021186,0.001808,dense
amount_vol_6d,0.021652,0.113201,dense
idx_change_30d_lag20,0.021954,0.0,dense
ann_sentiment_mean_lag20,0.022028,0.001808,dense
ann_sent_x_roc20,0.022052,0.001808,dense
free_ratio_ma5,0.022356,0.000362,dense
free_shares_ma5,0.022444,0.000362,dense
able_shares_ma5,0.022445,0.000362,dense
news_sent_momentum_5d_lag20,0.022493,0.001808,dense
idx_change_30d_ma10,0.023124,0.000181,dense
idx_change_30d_accel,0.023492,0.000181,dense
idx_change_30d_std20,0.02374,0.0,dense
pledge_ratio_z20,0.023917,0.0,dense
bt_last_direction_accel,0.024227,0.0,dense
sentiment_std_ma10,0.024292,0.027306,dense
bt_last_direction_std20,0.024383,0.0,dense
is_deep_discount_ma10,0.024839,0.126221,dense
lhb_is_drop_ma10,0.025068,0.031284,dense
ann_sent_bull_vol_ma5,0.025362,0.098553,dense
ann_positive_ratio_ma5,0.026211,0.089331,dense
positive_ratio_ma10,0.026819,0.001989,dense
is_sector_leader_ma10,0.027035,0.300723,dense
lhb_is_wave_accel,0.027391,0.15009,dense
lhb_is_wave_ma20,0.02774,0.15009,dense
lhb_is_wave_std20,0.028077,0.0,dense
sentiment_mean_ma10,0.028708,0.000542,dense
idx_change_30d_ma20,0.02896,0.000181,dense
negative_ratio_accel,0.029329,0.056058,dense
negative_ratio_ma20,0.029345,0.055877,dense
negative_ratio_std20,0.029685,0.0,dense
lhb_net_amount_ma5,0.029908,0.000542,dense
lhb_buy_ratio_ma5,0.029933,0.000542,dense
lhb_count_5d,0.029935,0.000542,dense
lhb_present_ma5,0.029935,0.000542,dense
free_ratio_ma10,0.030034,0.000362,dense
free_shares_ma10,0.030156,0.000362,dense
able_shares_ma10,0.030157,0.000362,dense
lhb_count_5d_lag1,0.030257,0.0,dense
lhb_count_5d_lag2,0.03058,0.000181,dense
lhb_count_5d_lag3,0.030902,0.000362,dense
lhb_count_5d_lag5,0.031549,0.000362,dense
lhb_count_5d_lag10,0.033157,0.000904,dense
lhb_is_sustained_accel,0.034153,0.162206,dense
lhb_is_sustained_ma20,0.034482,0.162206,dense
lhb_is_sustained_std20,0.034821,0.0,dense
lhb_count_5d_lag20,0.036319,0.001808,dense
is_deep_discount_ma20,0.037325,0.126221,dense
has_news_ma5,0.03772,0.0,dense
sentiment_std_accel,0.038953,0.027486,dense
sentiment_std_ma20,0.038991,0.027306,dense
sentiment_std_std20,0.039331,0.0,dense
ann_sentiment_std_ma10,0.04054,0.039964,dense
positive_ratio_accel,0.04136,0.00217,dense
positive_ratio_ma20,0.041469,0.001989,dense
positive_ratio_std20,0.041809,0.0,dense
bt_count_20d,0.042708,0.0,dense
bt_intensity_20d,0.042708,0.0,dense
sentiment_mean_ma20,0.043291,0.000542,dense
news_sent_accel,0.043365,0.000723,dense
sentiment_mean_accel,0.043365,0.000723,dense
news_sent_accel_lag1,0.043456,0.0,dense
news_sent_accel_lag2,0.043543,0.000181,dense
news_sent_accel_lag3,0.04363,0.000362,dense
news_sent_accel_lag5,0.043812,0.000362,dense
ann_sent_bear_vol_ma5,0.043904,0.023146,dense
sentiment_mean_std20,0.044062,0.0,dense
news_sent_accel_lag10,0.044324,0.000904,dense
lhb_is_drop_accel,0.04433,0.031284,dense
ann_negative_ratio_ma5,0.044841,0.0217,dense
lhb_is_drop_ma20,0.045157,0.031284,dense
news_sent_accel_lag20,0.045222,0.001808,dense
free_ratio_accel,0.045325,0.000362,dense
free_ratio_ma20,0.045353,0.000362,dense
free_shares_accel,0.045491,0.000362,dense
lhb_is_drop_std20,0.045496,0.0,dense
able_shares_accel,0.045503,0.000362,dense
free_shares_ma20,0.045541,0.000362,dense
able_shares_ma20,0.045543,0.000362,dense
free_ratio_std20,0.045696,0.0,dense
free_shares_std20,0.045863,0.0,dense
able_shares_std20,0.045879,0.0,dense
lhb_count_5d_ma5,0.046557,0.000542,dense
ann_sent_bull_vol_ma10,0.046685,0.098553,dense
has_news_ma10,0.046925,0.0,dense
is_sector_leader_ma20,0.047163,0.300723,dense
ann_positive_ratio_ma10,0.048201,0.089331,dense
news_sent_skew,0.049627,0.001808,dense
news_sent_skew_lag1,0.049718,0.001808,dense
news_sent_skew_lag2,0.049805,0.001808,dense
news_sent_skew_lag3,0.049893,0.00217,dense
dv_intensity_20d,0.049896,0.009946,dense
bt_count_20d_ma5,0.050008,0.0,dense
bt_intensity_20d_ma5,0.050008,0.0,dense
news_sent_skew_lag5,0.050077,0.00217,dense
lhb_net_amount_ma10,0.05042,0.000542,dense
lhb_buy_ratio_ma10,0.050445,0.000542,dense
lhb_present_ma10,0.050449,0.000542,dense
news_sent_skew_lag10,0.050591,0.002532,dense
dv_count_20d,0.05086,0.00217,dense
news_attention_z,0.051488,0.000362,dense
volume_anomaly,0.051498,0.011212,dense
news_sent_skew_lag20,0.051499,0.003436,dense
news_attention_z_lag1,0.051513,0.0,dense
news_attention_z_lag2,0.051537,0.000181,dense
news_attention_z_lag3,0.051562,0.000362,dense
gdp_cn_yoy_accel,0.051603,0.000362,dense
news_attention_z_lag5,0.051614,0.000362,dense
news_attention_z_lag10,0.051733,0.000904,dense
news_attention_z_lag20,0.051868,0.001808,dense
gdp_cn_yoy_z20,0.052697,0.0,dense
pledge_margin_dist_accel,0.052703,0.461302,dense
pledge_margin_dist,0.052823,0.461302,dense
pledge_ratio,0.052827,0.461121,dense
pledge_margin_dist_ma5,0.052981,0.461302,dense
pledge_ratio_ma5,0.052984,0.461121,dense
pledge_margin_dist_lag1,0.053071,0.0,dense
pledge_ratio_lag1,0.053075,0.0,dense
pledge_margin_dist_ma10,0.053175,0.461302,dense
pledge_ratio_ma10,0.053178,0.461121,dense
pledge_margin_dist_std20,0.053205,0.0,dense
pledge_margin_dist_lag2,0.05332,0.0,dense
pledge_ratio_lag2,0.053323,0.0,dense
pledge_margin_dist_ma20,0.053555,0.461302,dense
pledge_ratio_ma20,0.053558,0.461121,dense
pledge_margin_dist_lag3,0.053568,0.0,dense
pledge_ratio_lag3,0.053572,0.0,dense
pledge_margin_dist_lag5,0.054065,0.0,dense
pledge_ratio_lag5,0.054068,0.0,dense
trade_count_accel,0.054774,0.000362,dense
trade_count_std20,0.0552,0.0,dense
pledge_margin_dist_lag10,0.055306,0.0,dense
pledge_ratio_lag10,0.055309,0.0,dense
has_news_ma20,0.057271,0.0,dense
pledge_margin_dist_lag20,0.057793,0.0,dense
pledge_ratio_lag20,0.057795,0.0,dense
bt_count_20d_ma10,0.058394,0.0,dense
bt_intensity_20d_ma10,0.058394,0.0,dense
dv_intensity_20d_ma5,0.060064,0.009946,dense
guba_sent_bear_vol,0.061112,0.000542,dense
premium_pct_mean,0.06113,0.013382,dense
premium_pct_wavg,0.06113,0.013382,dense
dv_count_20d_ma5,0.061246,0.00217,dense
guba_sent_bear_vol_lag1,0.061399,0.0,dense
guba_sent_bear_vol_lag2,0.061669,0.000181,dense
guba_sent_bear_vol_lag3,0.061924,0.000362,dense
guba_sent_bear_vol_lag5,0.062439,0.000362,dense
guba_sent_bear_vol_lag10,0.063677,0.000904,dense
limit_up_count_5d,0.064237,0.007957,dense
pledge_risk_z20,0.064738,0.0,dense
lhb_count_5d_ma10,0.065284,0.000542,dense
ann_sent_x_roc20_ma5,0.065986,0.021881,dense
guba_sent_bear_vol_lag20,0.066171,0.001808,dense
ann_sent_x_macd_ma5,0.066721,0.009222,dense
ann_sentiment_mean_ma5,0.067165,0.009222,dense
premium_pct_mean_ma5,0.06796,0.013382,dense
premium_pct_wavg_ma5,0.067961,0.013382,dense
is_extreme_flow,0.068338,0.000904,dense
sent_agree_neg,0.068911,0.000181,dense
bt_count_20d_accel,0.069731,0.0,dense
bt_intensity_20d_accel,0.069887,0.0,dense
bt_count_20d_std20,0.070197,0.0,dense
bt_intensity_20d_std20,0.070197,0.0,dense
bt_count_20d_ma20,0.070818,0.0,dense
bt_intensity_20d_ma20,0.070818,0.0,dense
temporary_impact,0.07187,0.000904,dense
total_amount,0.072236,0.000362,dense
total_volume,0.072236,0.000362,dense
trade_count,0.072236,0.000362,dense
dv_intensity_20d_ma10,0.072533,0.009946,dense
pledge_count_20d,0.073092,0.013924,dense
pledge_count_20d_lag1,0.073339,0.0,dense
pledge_count_20d_lag2,0.073585,0.0,dense
pledge_count_20d_lag3,0.07383,0.0,dense
dv_count_20d_ma10,0.073983,0.00217,dense
pledge_count_20d_lag5,0.074317,0.0,dense
ann_sentiment_std_accel,0.075037,0.039964,dense
ann_sentiment_std_ma20,0.07505,0.039964,dense
ann_sentiment_std_std20,0.07539,0.0,dense
ann_count,0.07549,0.000181,dense
has_announce,0.07549,0.000181,dense
pledge_count_20d_lag10,0.075534,0.0,dense
premium_pct_mean_ma10,0.075965,0.013382,dense
premium_pct_wavg_ma10,0.075965,0.013382,dense
ann_sent_bear_vol_ma10,0.077764,0.023146,dense
pledge_count_20d_lag20,0.077974,0.0,dense
temporary_impact_ma5,0.079158,0.000904,dense
total_amount_ma5,0.07925,0.000362,dense
total_volume_ma5,0.07925,0.000362,dense
trade_count_ma5,0.07925,0.000362,dense
ann_negative_ratio_ma10,0.079376,0.0217,dense
dividend_yield,0.081042,0.009946,dense
ann_sent_bull_vol_accel,0.081412,0.098553,dense
ann_sent_bull_vol_ma20,0.081415,0.098553,dense
bonus_rmb,0.081527,0.009403,dense
ann_sent_bull_vol_std20,0.081755,0.0,dense
ann_positive_ratio_accel,0.083779,0.089331,dense
ann_positive_ratio_ma20,0.083925,0.089331,dense
lhb_present_accel,0.084154,0.000542,dense
ann_positive_ratio_std20,0.084265,0.0,dense
pledge_count_20d_ma5,0.084808,0.013924,dense
lhb_net_amount_accel,0.085117,0.000542,dense
lhb_buy_ratio_accel,0.085139,0.000542,dense
lhb_net_amount_ma20,0.085706,0.000542,dense
lhb_buy_ratio_ma20,0.08573,0.000542,dense
lhb_present_ma20,0.085738,0.000542,dense
lhb_net_amount_std20,0.086045,0.0,dense
lhb_present_std20,0.086067,0.0,dense
lhb_buy_ratio_std20,0.086069,0.0,dense
temporary_impact_ma10,0.087866,0.000904,dense
total_amount_ma10,0.087953,0.000362,dense
total_volume_ma10,0.087953,0.000362,dense
trade_count_ma10,0.087953,0.000362,dense
dividend_yield_ma5,0.090584,0.009946,dense
premium_pct_wavg_accel,0.091081,0.013382,dense
premium_pct_mean_accel,0.091082,0.013382,dense
bonus_rmb_ma5,0.091159,0.009403,dense
premium_pct_mean_ma20,0.091329,0.013382,dense
premium_pct_wavg_ma20,0.09133,0.013382,dense
premium_pct_mean_std20,0.09145,0.0,dense
premium_pct_wavg_std20,0.09145,0.0,dense
bt_days_since,0.092716,0.0,dense
bt_last_direction_ma10,0.094114,0.0,dense
bt_last_direction_ma20,0.094114,0.0,dense
bt_last_direction,0.094425,0.0,dense
bt_last_direction_ma5,0.095046,0.0,dense
dv_intensity_20d_accel,0.095167,0.009946,dense
dv_intensity_20d_std20,0.095717,0.0,dense
bt_days_since_accel,0.096133,0.0,dense
bt_days_since_ma20,0.096288,0.0,dense
bt_days_since_ma10,0.096444,0.0,dense
bt_days_since_ma5,0.096599,0.0,dense
bt_days_since_std20,0.096754,0.0,dense
dv_intensity_20d_ma20,0.097052,0.009946,dense
dv_count_20d_accel,0.097114,0.00217,dense
lhb_count_5d_accel,0.097481,0.000542,dense
dv_count_20d_std20,0.097504,0.0,dense
dividend_yield_accel,0.097671,0.009946,dense
bonus_rmb_accel,0.097701,0.009403,dense
lhb_count_5d_ma20,0.098425,0.000542,dense
pledge_count_20d_ma10,0.098575,0.013924,dense
volume_heavy,0.098592,0.003617,dense
lhb_count_5d_std20,0.098761,0.0,dense
dv_count_20d_ma20,0.099031,0.00217,dense
dividend_yield_std20,0.101365,0.0,dense
bonus_rmb_std20,0.101453,0.0,dense
dividend_yield_ma10,0.102208,0.009946,dense
bonus_rmb_ma10,0.102894,0.009403,dense
total_volume_accel,0.103976,0.000362,dense
total_volume_std20,0.104355,0.0,dense
temporary_impact_accel,0.105128,0.000904,dense
temporary_impact_ma20,0.105132,0.000904,dense
total_amount_accel,0.105178,0.000362,dense
total_amount_ma20,0.105217,0.000362,dense
total_volume_ma20,0.105217,0.000362,dense
trade_count_ma20,0.105217,0.000362,dense
temporary_impact_std20,0.105455,0.0,dense
total_amount_std20,0.10552,0.0,dense
guba_sent_extreme,0.107855,0.000362,dense
guba_sent_extreme_lag1,0.108102,0.0,dense
guba_sent_extreme_lag2,0.108351,0.000181,dense
guba_sent_extreme_lag3,0.108585,0.000362,dense
guba_sent_extreme_lag5,0.109002,0.000362,dense
guba_sent_extreme_lag10,0.110043,0.000904,dense
trade_count_z20,0.112039,0.0,dense
guba_sent_streak,0.11209,0.000181,dense
guba_sent_extreme_lag20,0.112108,0.001808,dense
guba_sent_streak_lag1,0.112322,0.0,dense
guba_sent_streak_lag2,0.11257,0.000181,dense
guba_sent_streak_lag3,0.112821,0.000362,dense
guba_sent_streak_lag5,0.113229,0.000362,dense
ann_sent_x_roc20_ma10,0.113985,0.021881,dense
guba_sent_streak_lag10,0.114214,0.000904,dense
ann_sent_x_macd_ma10,0.115037,0.009222,dense
guba_sent_streak_lag20,0.116129,0.001808,dense
ann_sentiment_mean_ma10,0.116748,0.009222,dense
pledge_count_20d_accel,0.120332,0.013924,dense
pledge_count_20d_std20,0.121049,0.0,dense
pledge_count_20d_ma20,0.123613,0.013924,dense
dividend_yield_ma20,0.125069,0.009946,dense
bonus_rmb_ma20,0.125978,0.009403,dense
has_pledge,0.128876,0.461121,dense
has_pledge_ma10,0.128876,0.461121,dense
has_pledge_ma20,0.128876,0.461121,dense
has_pledge_ma5,0.128876,0.461121,dense
ann_sent_bear_vol_accel,0.131125,0.023146,dense
ann_sent_bear_vol_ma20,0.131151,0.023146,dense
ann_sent_bear_vol_std20,0.131491,0.0,dense
ann_negative_ratio_accel,0.132589,0.0217,dense
ann_negative_ratio_ma20,0.13369,0.0217,dense
ann_negative_ratio_std20,0.13403,0.0,dense
net_profit_yoy_high_accel,0.142846,0.000362,dense
net_profit_yoy_low_accel,0.142846,0.000362,dense
net_profit_high_accel,0.144213,0.000362,dense
net_profit_low_accel,0.144213,0.000362,dense
guba_negative_ratio,0.148032,0.0,dense
guba_negative_ratio_lag1,0.148226,0.0,dense
guba_negative_ratio_lag2,0.148401,0.000181,dense
net_profit_yoy_high_z20,0.148523,0.0,dense
net_profit_yoy_low_z20,0.148523,0.0,dense
guba_negative_ratio_lag3,0.148585,0.000362,dense
guba_negative_ratio_lag5,0.148871,0.000362,dense
guba_negative_ratio_lag10,0.149485,0.000904,dense
net_profit_high_z20,0.150183,0.0,dense
net_profit_low_z20,0.150183,0.0,dense
guba_negative_ratio_lag20,0.150701,0.001808,dense
guba_sent_bull_vol,0.153367,0.000181,dense
guba_sent_bull_vol_lag1,0.15357,0.0,dense
guba_sent_bull_vol_lag2,0.153786,0.000181,dense
is_top5_sector,0.15383,0.078843,dense
guba_sent_bull_vol_lag3,0.154036,0.000362,dense
guba_sent_bull_vol_lag5,0.154388,0.000362,dense
guba_sent_bull_vol_lag10,0.155234,0.000904,dense
guba_sent_bull_vol_lag20,0.156874,0.001808,dense
sent_agree_pos,0.157629,0.000181,dense
consecutive_quarter_decline_accel,0.158053,0.015552,dense
consecutive_quarter_decline_std20,0.159403,0.0,dense
dual_concentration_signal,0.163017,0.015913,dense
consecutive_quarter_decline_z20,0.164861,0.0,dense
high_low_ratio,0.164937,0.0,dense
high_low_ratio_lag1,0.165037,0.0,dense
high_low_ratio_lag2,0.165136,0.000181,dense
high_low_ratio_lag3,0.165236,0.000362,dense
high_low_ratio_lag10,0.165335,0.000904,dense
high_low_ratio_lag5,0.165335,0.000362,dense
high_low_ratio_lag20,0.165336,0.001808,dense
has_gap_close,0.17323,0.664195,dense
has_gap_close_ma5,0.174097,0.664195,dense
has_gap_close_ma10,0.174459,0.664195,dense
has_gap_close_ma20,0.174811,0.664195,dense
gdp_cn_yoy_std20,0.182411,0.0,dense
ann_sent_x_roc20_ma20,0.183568,0.021881,dense
PCRC_accel,0.184709,0.079566,dense
ann_sent_x_macd_ma20,0.184817,0.009222,dense
ann_sent_x_roc20_accel,0.186853,0.021881,dense
ann_sent_x_macd_accel,0.188783,0.009222,dense
ann_sentiment_mean_ma20,0.189819,0.009222,dense
ann_sentiment_mean_accel,0.190575,0.009222,dense
PCRC_z20,0.192214,0.0,dense
ann_sent_x_roc20_std20,0.192739,0.0,dense
ann_sent_x_macd_std20,0.195057,0.0,dense
ann_sentiment_mean_std20,0.195057,0.0,dense
volume_shrink,0.195066,0.000542,dense
limit_up_count_20d,0.195459,0.000362,dense
HN_z_accel,0.195948,0.020796,dense
net_profit_high_std20,0.198583,0.0,dense
net_profit_low_std20,0.198583,0.0,dense
dual_concentration_signal_ma5,0.199721,0.015913,dense
north_net_buy,0.200509,0.013743,dense
HN_z_z20,0.200683,0.0,dense
north_net_buy_lag1,0.200792,0.0,dense
north_net_buy_lag2,0.201074,0.0,dense
north_net_buy_lag3,0.201357,0.0,dense
avg_shares_accel,0.201409,0.065099,dense
north_net_buy_lag5,0.201922,0.0,dense
north_net_buy_lag10,0.203334,0.0,dense
change_ratio_accel,0.204131,0.007233,dense
change_num_accel,0.204362,0.006329,dense
sent_agree_neg_ma5,0.205668,0.000181,dense
change_num_std20,0.205926,0.0,dense
north_net_buy_lag20,0.206159,0.0,dense
holder_num_accel,0.206256,0.002351,dense
holder_num_std20,0.208144,0.0,dense
guba_positive_ratio,0.208305,0.0,dense
guba_positive_ratio_lag1,0.208454,0.0,dense
guba_positive_ratio_lag2,0.208604,0.000181,dense
change_ratio_z20,0.208703,0.0,dense
guba_positive_ratio_lag3,0.208783,0.000362,dense
guba_positive_ratio_lag5,0.208979,0.000362,dense
change_num_z20,0.208982,0.0,dense
guba_positive_ratio_lag10,0.209387,0.000904,dense
avg_shares_z20,0.209435,0.0,dense
dual_concentration_signal_accel,0.210133,0.015913,dense
guba_positive_ratio_lag20,0.210151,0.001808,dense
holder_num_z20,0.211089,0.0,dense
dual_concentration_signal_std20,0.213093,0.0,dense
guba_net_bullish,0.213893,0.0,dense
guba_net_bullish_lag1,0.214044,0.0,dense
guba_net_bullish_lag2,0.214191,0.000181,dense
guba_net_bullish_lag3,0.214356,0.000362,dense
net_profit_yoy_high_std20,0.214392,0.0,dense
net_profit_yoy_low_std20,0.214392,0.0,dense
guba_sent_x_macd,0.214478,0.0,dense
guba_sent_volume,0.214479,0.0,dense
guba_sentiment_mean,0.214479,0.0,dense
guba_net_bullish_lag5,0.214546,0.000362,dense
guba_sent_x_macd_lag1,0.214628,0.0,dense
guba_sent_volume_lag1,0.214629,0.0,dense
guba_sentiment_mean_lag1,0.214629,0.0,dense
roa,0.214689,0.007052,dense
roe,0.214693,0.005606,dense
guba_sent_volume_lag2,0.214774,0.000181,dense
guba_sent_x_macd_lag2,0.214774,0.000181,dense
guba_sentiment_mean_lag2,0.214774,0.000181,dense
guba_net_bullish_lag10,0.214934,0.000904,dense
guba_sent_x_macd_lag3,0.214938,0.000362,dense
guba_sent_volume_lag3,0.214939,0.000362,dense
guba_sentiment_mean_lag3,0.214939,0.000362,dense
roa_lag1,0.215028,0.0,dense
roe_lag1,0.215032,0.0,dense
guba_sent_volume_lag5,0.215126,0.000362,dense
guba_sent_x_macd_lag5,0.215126,0.000362,dense
guba_sentiment_mean_lag5,0.215126,0.000362,dense
roa_lag2,0.215367,0.000181,dense
roe_lag2,0.215371,0.000181,dense
eps,0.215374,0.005606,dense
news_guba_divergence,0.215421,0.0,dense
growth_quality,0.215466,0.005787,dense
revenue_yoy,0.215501,0.005787,dense
guba_sent_x_macd_lag10,0.215508,0.000904,dense
guba_sent_volume_lag10,0.215509,0.000904,dense
guba_sentiment_mean_lag10,0.215509,0.000904,dense
news_guba_divergence_lag1,0.215553,0.0,dense
profit_yoy,0.215582,0.005606,dense
earnings_quality,0.215583,0.005606,dense
gross_margin,0.215599,0.005787,dense
net_margin,0.215601,0.005787,dense
debt_ratio,0.215659,0.005606,dense
news_guba_divergence_lag2,0.215684,0.000181,dense
guba_net_bullish_lag20,0.215693,0.001808,dense
roa_lag3,0.215706,0.000362,dense
roe_lag3,0.21571,0.000362,dense
eps_lag1,0.215713,0.0,dense
growth_quality_lag1,0.215805,0.0,dense
news_guba_divergence_lag3,0.21583,0.000362,dense
revenue_yoy_lag1,0.21584,0.0,dense
profit_yoy_lag1,0.215921,0.0,dense
earnings_quality_lag1,0.215922,0.0,dense
gross_margin_lag1,0.215938,0.0,dense
net_margin_lag1,0.21594,0.0,dense
debt_ratio_lag1,0.215998,0.0,dense
news_guba_divergence_lag5,0.216005,0.000362,dense
eps_lag2,0.216052,0.000181,dense
growth_quality_lag2,0.216144,0.000181,dense
revenue_yoy_lag2,0.216179,0.000181,dense
guba_sent_volume_lag20,0.216244,0.001808,dense
guba_sent_x_macd_lag20,0.216244,0.001808,dense
guba_sentiment_mean_lag20,0.216244,0.001808,dense
profit_yoy_lag2,0.21626,0.000181,dense
earnings_quality_lag2,0.216261,0.000181,dense
gross_margin_lag2,0.216277,0.000181,dense
net_margin_lag2,0.216279,0.000181,dense
debt_ratio_lag2,0.216337,0.000181,dense
news_guba_divergence_lag10,0.216352,0.000904,dense
roa_lag5,0.216383,0.000362,dense
roe_lag5,0.216388,0.000362,dense
eps_lag3,0.216391,0.000362,dense
growth_quality_lag3,0.216483,0.000362,dense
revenue_yoy_lag3,0.216518,0.000362,dense
profit_yoy_lag3,0.216599,0.000362,dense
earnings_quality_lag3,0.2166,0.000362,dense
gross_margin_lag3,0.216616,0.000362,dense
net_margin_lag3,0.216618,0.000362,dense
debt_ratio_lag3,0.216676,0.000362,dense
news_guba_divergence_lag20,0.217052,0.001808,dense
eps_lag5,0.217069,0.000362,dense
growth_quality_lag5,0.217161,0.000362,dense
revenue_yoy_lag5,0.217196,0.000362,dense
profit_yoy_lag5,0.217276,0.000362,dense
earnings_quality_lag5,0.217278,0.000362,dense
gross_margin_lag5,0.217293,0.000362,dense
net_margin_lag5,0.217296,0.000362,dense
guba_sent_reversal_5d,0.217316,0.0,dense
debt_ratio_lag5,0.217354,0.000362,dense
guba_sent_reversal_5d_lag1,0.217426,0.0,dense
guba_sent_reversal_5d_lag2,0.217535,0.000181,dense
guba_sent_reversal_5d_lag3,0.217665,0.000362,dense
guba_sent_reversal_5d_lag5,0.217851,0.000362,dense
roa_lag10,0.218077,0.000904,dense
roe_lag10,0.218081,0.000904,dense
guba_sent_reversal_5d_lag10,0.2183,0.000904,dense
guba_sent_x_roc20,0.218657,0.001808,dense
eps_lag10,0.218763,0.000904,dense
guba_sent_x_roc20_lag1,0.218807,0.001808,dense
growth_quality_lag10,0.218854,0.000904,dense
revenue_yoy_lag10,0.21889,0.000904,dense
guba_sent_x_roc20_lag2,0.218953,0.00217,dense
profit_yoy_lag10,0.21897,0.000904,dense
earnings_quality_lag10,0.218972,0.000904,dense
gross_margin_lag10,0.218987,0.000904,dense
net_margin_lag10,0.218989,0.000904,dense
debt_ratio_lag10,0.219047,0.000904,dense
guba_sent_x_roc20_lag3,0.219118,0.00217,dense
guba_sent_reversal_5d_lag20,0.219209,0.001808,dense
guba_sent_x_roc20_lag5,0.219307,0.00217,dense
guba_sent_x_roc20_lag10,0.219692,0.002712,dense
guba_sent_x_roc20_lag20,0.220433,0.003436,dense
roa_lag20,0.221464,0.001808,dense
roe_lag20,0.221469,0.001808,dense
eps_lag20,0.22215,0.001808,dense
sent_consensus,0.222175,0.0,dense
growth_quality_lag20,0.222242,0.001808,dense
revenue_yoy_lag20,0.222277,0.001808,dense
profit_yoy_lag20,0.222358,0.001808,dense
earnings_quality_lag20,0.222359,0.001808,dense
gross_margin_lag20,0.222375,0.001808,dense
net_margin_lag20,0.222377,0.001808,dense
debt_ratio_lag20,0.222435,0.001808,dense
sent_dispersion,0.224301,0.0,dense
north_hold_pct,0.225505,0.018264,dense
north_hold_pct_lag1,0.225788,0.0,dense
north_hold_pct_lag2,0.22607,0.0,dense
north_hold_pct_lag3,0.226353,0.0,dense
north_hold_pct_lag5,0.226918,0.0,dense
north_net_buy_ma5,0.227951,0.013743,dense
north_hold_pct_lag10,0.22833,0.0,dense
dual_concentration_signal_ma10,0.2298,0.015913,dense
north_hold_pct_lag20,0.231155,0.0,dense
north_net_buy_ma10,0.233476,0.013743,dense
guba_disagreement,0.235203,0.0,dense
guba_sentiment_std,0.235203,0.0,dense
guba_disagreement_lag1,0.235334,0.0,dense
guba_sentiment_std_lag1,0.235334,0.0,dense
guba_disagreement_lag2,0.23546,0.000181,dense
guba_sentiment_std_lag2,0.23546,0.000181,dense
guba_disagreement_lag3,0.235605,0.000362,dense
guba_sentiment_std_lag3,0.235605,0.000362,dense
guba_disagreement_lag5,0.235747,0.000362,dense
guba_sentiment_std_lag5,0.235747,0.000362,dense
guba_disagreement_lag10,0.236006,0.000904,dense
guba_sentiment_std_lag10,0.236006,0.000904,dense
guba_disagreement_lag20,0.236508,0.001808,dense
guba_sentiment_std_lag20,0.236508,0.001808,dense
north_hold_pct_accel,0.239706,0.018264,dense
north_net_buy_accel,0.241439,0.013743,dense
north_net_buy_ma20,0.24144,0.013743,dense
north_net_buy_std20,0.241722,0.0,dense
f_score,0.244595,0.005606,dense
f_score_lag1,0.244597,0.0,dense
f_score_lag2,0.2446,0.000181,dense
f_score_lag3,0.244603,0.000362,dense
f_score_lag5,0.244609,0.000362,dense
f_score_lag10,0.244661,0.000904,dense
north_hold_pct_std20,0.246015,0.0,dense
f_score_lag20,0.246278,0.001808,dense
north_hold_pct_ma5,0.249471,0.018264,dense
north_hold_pct_ma10,0.251267,0.018264,dense
north_hold_pct_ma20,0.254474,0.018264,dense
margin_net,0.257271,0.353526,dense
margin_net_accel,0.257303,0.353707,dense
margin_net_ma5,0.25733,0.353526,dense
margin_net_ma10,0.2574,0.353526,dense
margin_net_lag1,0.257448,0.0,dense
margin_net_ma20,0.257541,0.353526,dense
margin_net_lag2,0.257626,0.0,dense
bonus_rmb_z20,0.257743,0.0,dense
margin_net_lag3,0.257803,0.000181,dense
margin_net_std20,0.257864,0.0,dense
margin_net_lag5,0.258158,0.000181,dense
margin_net_lag10,0.259049,0.000362,dense
margin_net_lag20,0.260836,0.000362,dense
guba_neg_momentum,0.261162,0.0,dense
guba_neg_momentum_lag1,0.261208,0.0,dense
guba_neg_momentum_lag2,0.261245,0.000181,dense
guba_neg_momentum_lag3,0.26128,0.000362,dense
guba_neg_momentum_lag5,0.261346,0.000362,dense
guba_neg_momentum_lag10,0.261493,0.000904,dense
guba_neg_momentum_lag20,0.261769,0.001808,dense
is_extreme_flow_ma5,0.262549,0.000904,dense
dividend_yield_z20,0.270282,0.0,dense
dual_concentration_signal_ma20,0.276044,0.015913,dense
ann_count_ma5,0.276153,0.000181,dense
has_announce_ma5,0.276153,0.000181,dense
HN_z_std20,0.284787,0.0,dense
sent_agree_neg_ma10,0.286103,0.000181,dense
avg_shares_std20,0.288702,0.0,dense
PCRC_std20,0.292008,0.0,dense
sent_agree_pos_ma5,0.293262,0.000181,dense
guba_pos_momentum,0.296285,0.0,dense
guba_pos_momentum_lag1,0.296308,0.0,dense
guba_pos_momentum_lag2,0.296323,0.000181,dense
guba_pos_momentum_lag3,0.296335,0.000362,dense
guba_pos_momentum_lag5,0.296354,0.000362,dense
guba_pos_momentum_lag10,0.296403,0.000904,dense
guba_pos_momentum_lag20,0.296472,0.001808,dense
guba_sent_momentum_5d,0.304359,0.0,dense
guba_sent_momentum_5d_lag1,0.304377,0.0,dense
guba_sent_momentum_5d_lag2,0.304386,0.000181,dense
guba_sent_momentum_5d_lag3,0.304393,0.000362,dense
guba_sent_momentum_5d_lag5,0.304404,0.000362,dense
guba_sent_momentum_5d_lag10,0.304431,0.000904,dense
guba_sent_momentum_5d_lag20,0.304467,0.001808,dense
guba_post_count,0.30859,0.0,dense
guba_post_count_lag1,0.308691,0.0,dense
guba_post_count_lag2,0.308792,0.000181,dense
guba_post_count_lag3,0.308897,0.000362,dense
guba_post_count_lag5,0.308912,0.000362,dense
guba_post_count_lag10,0.308929,0.000904,dense
guba_post_count_lag20,0.308994,0.001808,dense
total_attention,0.308997,0.0,dense
sent_consensus_ma5,0.309044,0.0,dense
total_attention_lag1,0.309061,0.0,dense
total_attention_lag2,0.309127,0.000181,dense
total_attention_lag3,0.309197,0.000362,dense
total_attention_lag5,0.309208,0.000362,dense
total_attention_lag10,0.309222,0.000904,dense
total_attention_lag20,0.309279,0.001808,dense
dual_concentration_signal_z20,0.309971,0.0,dense
comment_score_z20,0.31552,0.0,dense
guba_sent_accel,0.319574,0.000362,dense
guba_sent_accel_lag1,0.319574,0.0,dense
guba_sent_accel_lag2,0.319574,0.000181,dense
guba_sent_accel_lag3,0.319574,0.000362,dense
guba_sent_accel_lag5,0.319575,0.000362,dense
guba_sent_accel_lag10,0.319577,0.000904,dense
guba_sent_accel_lag20,0.31958,0.001808,dense
has_gap_effective_yield,0.322626,0.000181,dense
has_gap_effective_yield_ma5,0.323994,0.000181,dense
guba_sent_skew,0.324259,0.001808,dense
guba_sent_skew_lag1,0.324259,0.001808,dense
guba_sent_skew_lag2,0.324259,0.001808,dense
guba_sent_skew_lag3,0.324259,0.00217,dense
guba_sent_skew_lag5,0.324259,0.00217,dense
guba_sent_skew_lag10,0.32426,0.002532,dense
guba_sent_skew_lag20,0.324261,0.003436,dense
has_gap_effective_yield_ma10,0.325699,0.000181,dense
free_shares_z20,0.326127,0.0,dense
sent_agree_pos_accel,0.328329,0.000362,dense
sent_agree_pos_ma10,0.32854,0.000181,dense
able_shares_z20,0.328778,0.0,dense
free_ratio_z20,0.328778,0.0,dense
has_gap_effective_yield_ma20,0.329106,0.000181,dense
guba_attention_z,0.32946,0.0,dense
guba_attention_z_lag1,0.329461,0.0,dense
guba_attention_z_lag2,0.329461,0.000181,dense
guba_attention_z_lag3,0.329462,0.000362,dense
guba_attention_z_lag5,0.329463,0.000362,dense
guba_attention_z_lag10,0.329467,0.000904,dense
guba_attention_z_lag20,0.329475,0.001808,dense
change_ratio_std20,0.335619,0.0,dense
is_index_member,0.337988,0.0,dense
n_indexes,0.337988,0.0,dense
is_index_member_lag1,0.338099,0.0,dense
n_indexes_lag1,0.338099,0.0,dense
is_index_member_lag2,0.338211,0.0,dense
n_indexes_lag2,0.338211,0.0,dense
is_index_member_lag3,0.338322,0.0,dense
n_indexes_lag3,0.338322,0.0,dense
is_index_member_lag5,0.338546,0.0,dense
n_indexes_lag5,0.338546,0.0,dense
is_index_member_ma5,0.338969,0.0,dense
n_indexes_ma5,0.338969,0.0,dense
is_index_member_lag10,0.339104,0.0,dense
n_indexes_lag10,0.339104,0.0,dense
sent_agree_neg_accel,0.339592,0.000362,dense
is_index_member_ma10,0.340184,0.0,dense
n_indexes_ma10,0.340184,0.0,dense
is_index_member_lag20,0.340273,0.0,dense
n_indexes_lag20,0.340273,0.0,dense
sent_dispersion_ma5,0.341865,0.0,dense
total_volume_z20,0.342228,0.0,dense
is_index_member_ma20,0.342466,0.0,dense
n_indexes_ma20,0.342466,0.0,dense
premium_pct_wavg_z20,0.342924,0.0,dense
premium_pct_mean_z20,0.342925,0.0,dense
total_amount_z20,0.346748,0.0,dense
consecutive_quarter_decline,0.347036,0.015552,dense
temporary_impact_z20,0.347543,0.0,dense
flow_price_divergence,0.35305,0.000181,dense
sent_consensus_ma10,0.353447,0.0,dense
sent_agree_pos_std20,0.355701,0.0,dense
sent_agree_pos_ma20,0.356134,0.000181,dense
consecutive_quarter_decline_ma5,0.356692,0.015552,dense
avg_account_cap_z_accel,0.357203,0.066365,dense
investor_new_z_accel,0.357203,0.066365,dense
mkt_cap_total_z_accel,0.357203,0.066365,dense
sent_agree_neg_ma20,0.360501,0.000181,dense
sent_agree_neg_std20,0.360793,0.0,dense
north_hold_pct_z20,0.362131,0.0,dense
mkt_cap_total_z_std20,0.364241,0.0,dense
avg_account_cap_z_z20,0.36456,0.0,dense
investor_new_z_z20,0.36456,0.0,dense
mkt_cap_total_z_z20,0.36456,0.0,dense
investor_new_z_std20,0.364872,0.0,dense
gap_up_pct,0.366923,0.000362,dense
avg_account_cap_z_std20,0.366955,0.0,dense
consecutive_quarter_decline_ma10,0.368292,0.015552,dense
has_guba_post,0.376167,0.0,dense
sent_dispersion_ma10,0.378151,0.0,dense
avg_account_cap_z,0.382605,0.066365,dense
investor_new_z,0.382605,0.066365,dense
mkt_cap_total_z,0.382605,0.066365,dense
avg_account_cap_z_lag1,0.382945,0.0,dense
investor_new_z_lag1,0.382945,0.0,dense
mkt_cap_total_z_lag1,0.382945,0.0,dense
avg_account_cap_z_lag2,0.383285,0.000181,dense
investor_new_z_lag2,0.383285,0.000181,dense
mkt_cap_total_z_lag2,0.383285,0.000181,dense
avg_account_cap_z_lag3,0.383625,0.000362,dense
investor_new_z_lag3,0.383625,0.000362,dense
mkt_cap_total_z_lag3,0.383625,0.000362,dense
avg_account_cap_z_ma5,0.383875,0.066365,dense
investor_new_z_ma5,0.383875,0.066365,dense
mkt_cap_total_z_ma5,0.383875,0.066365,dense
avg_account_cap_z_lag5,0.384305,0.000362,dense
investor_new_z_lag5,0.384305,0.000362,dense
mkt_cap_total_z_lag5,0.384305,0.000362,dense
avg_account_cap_z_ma10,0.385463,0.066365,dense
investor_new_z_ma10,0.385463,0.066365,dense
mkt_cap_total_z_ma10,0.385463,0.066365,dense
avg_account_cap_z_lag10,0.386005,0.000904,dense
investor_new_z_lag10,0.386005,0.000904,dense
mkt_cap_total_z_lag10,0.386005,0.000904,dense
dv_count_20d_z20,0.387461,0.0,dense
dv_intensity_20d_z20,0.387461,0.0,dense
avg_account_cap_z_ma20,0.388638,0.066365,dense
investor_new_z_ma20,0.388638,0.066365,dense
mkt_cap_total_z_ma20,0.388638,0.066365,dense
avg_account_cap_z_lag20,0.389401,0.001808,dense
investor_new_z_lag20,0.389401,0.001808,dense
mkt_cap_total_z_lag20,0.389401,0.001808,dense
has_guba_post_ma5,0.391011,0.0,dense
consecutive_quarter_decline_ma20,0.391354,0.015552,dense
north_net_buy_z20,0.391797,0.0,dense
cpi_yoy_accel,0.393055,0.000362,dense
pledge_count_20d_z20,0.393809,0.0,dense
cpi_yoy_z20,0.394148,0.0,dense
has_guba_post_ma10,0.395136,0.0,dense
sent_dispersion_accel,0.396316,0.000362,dense
sent_consensus_accel,0.396696,0.000362,dense
board_height_20d_z20,0.397626,0.0,dense
has_guba_post_ma20,0.399474,0.0,dense
ann_count_ma10,0.400283,0.000181,dense
has_announce_ma10,0.400283,0.000181,dense
sent_consensus_ma20,0.402539,0.0,dense
investor_new_num_accel,0.407941,0.066365,dense
has_gap_PCRC,0.409984,0.02821,dense
has_gap_avg_shares,0.409984,0.02821,dense
has_gap_change_num,0.409984,0.02821,dense
has_gap_change_ratio,0.409984,0.02821,dense
has_gap_consecutive_quarter_decline,0.409984,0.02821,dense
has_gap_holder_num,0.409984,0.02821,dense
has_gap_PCRC_ma5,0.413897,0.02821,dense
has_gap_avg_shares_ma5,0.413897,0.02821,dense
has_gap_change_num_ma5,0.413897,0.02821,dense
has_gap_change_ratio_ma5,0.413897,0.02821,dense
has_gap_consecutive_quarter_decline_ma5,0.413897,0.02821,dense
has_gap_holder_num_ma5,0.413897,0.02821,dense
investor_new_num_z20,0.416379,0.0,dense
investor_new_num_std20,0.416713,0.0,dense
sent_dispersion_std20,0.417055,0.0,dense
short_balance,0.418369,0.022242,dense
short_balance_lag1,0.418426,0.0,dense
short_balance_lag2,0.418482,0.0,dense
short_balance_lag3,0.418538,0.000181,dense
short_balance_lag5,0.418651,0.000181,dense
has_gap_PCRC_ma10,0.418773,0.02821,dense
has_gap_avg_shares_ma10,0.418773,0.02821,dense
has_gap_change_num_ma10,0.418773,0.02821,dense
has_gap_change_ratio_ma10,0.418773,0.02821,dense
has_gap_consecutive_quarter_decline_ma10,0.418773,0.02821,dense
has_gap_holder_num_ma10,0.418773,0.02821,dense
short_balance_lag10,0.418934,0.000362,dense
short_balance_lag20,0.419507,0.000362,dense
sent_consensus_std20,0.421226,0.0,dense
sent_dispersion_ma20,0.421564,0.0,dense
m2_yoy_accel,0.422969,0.000362,dense
m2_yoy_z20,0.424069,0.0,dense
net_zt_proportion_z20,0.424696,0.0,dense
short_balance_ma5,0.425637,0.022242,dense
short_balance_accel,0.426112,0.022242,dense
net_profit_yoy_high,0.426441,0.0,dense
net_profit_yoy_low,0.426441,0.0,dense
forecast_age_accel,0.426486,0.000362,dense
net_profit_high,0.426543,0.0,dense
net_profit_low,0.426543,0.0,dense
net_profit_yoy_high_ma5,0.426786,0.0,dense
net_profit_yoy_low_ma5,0.426786,0.0,dense
net_profit_yoy_high_ma10,0.426796,0.0,dense
net_profit_yoy_low_ma10,0.426796,0.0,dense
net_profit_yoy_high_ma20,0.426812,0.0,dense
net_profit_yoy_low_ma20,0.426812,0.0,dense
forecast_age,0.426857,0.0,dense
has_forecast,0.426857,0.0,dense
net_profit_high_ma5,0.426886,0.0,dense
net_profit_low_ma5,0.426886,0.0,dense
net_profit_high_ma10,0.426893,0.0,dense
net_profit_low_ma10,0.426893,0.0,dense
net_profit_high_ma20,0.426905,0.0,dense
net_profit_low_ma20,0.426905,0.0,dense
short_balance_std20,0.427035,0.0,dense
forecast_age_ma10,0.427195,0.0,dense
forecast_age_ma20,0.427195,0.0,dense
forecast_age_ma5,0.427195,0.0,dense
has_forecast_ma10,0.427195,0.0,dense
has_forecast_ma20,0.427195,0.0,dense
has_forecast_ma5,0.427195,0.0,dense
forecast_age_std20,0.427535,0.0,dense
has_gap_PCRC_ma20,0.428525,0.02821,dense
has_gap_avg_shares_ma20,0.428525,0.02821,dense
has_gap_change_num_ma20,0.428525,0.02821,dense
has_gap_change_ratio_ma20,0.428525,0.02821,dense
has_gap_consecutive_quarter_decline_ma20,0.428525,0.02821,dense
has_gap_holder_num_ma20,0.428525,0.02821,dense
short_balance_ma10,0.429848,0.022242,dense
is_extreme_flow_ma10,0.430025,0.000904,dense
short_balance_ma20,0.43503,0.022242,dense
investor_new_num,0.43768,0.066365,dense
investor_new_num_lag1,0.43802,0.0,dense
investor_new_num_lag2,0.43836,0.000181,dense
investor_new_num_lag3,0.438701,0.000362,dense
investor_new_num_ma5,0.43895,0.066365,dense
investor_new_num_lag5,0.43938,0.000362,dense
investor_new_num_ma10,0.440538,0.066365,dense
has_gap_HN_z,0.440609,0.01302,dense
investor_new_num_lag10,0.44108,0.000904,dense
forecast_age_z20,0.44235,0.0,dense
investor_new_num_ma20,0.443713,0.066365,dense
investor_new_num_lag20,0.444477,0.001808,dense
has_gap_HN_z_ma5,0.444587,0.01302,dense
m2_yoy_std20,0.447658,0.0,dense
m1_yoy_accel,0.448812,0.000362,dense
has_gap_HN_z_ma10,0.449537,0.01302,dense
m1_yoy_z20,0.4499,0.0,dense
menv_m1_m2_spread_accel,0.455731,0.000362,dense
menv_m1_m2_spread_accel_lag1,0.45583,0.0,dense
menv_m1_m2_spread_accel_lag2,0.45593,0.000181,dense
menv_m1_m2_spread_accel_lag3,0.456029,0.000362,dense
menv_m1_m2_spread_accel_lag5,0.456112,0.000362,dense
menv_m1_m2_spread_accel_lag10,0.456115,0.000904,dense
menv_m1_m2_spread_z20,0.456825,0.0,dense
gap_down_pct,0.456909,0.0,dense
menv_m1_m2_spread_z20_lag1,0.456925,0.000181,dense
menv_m1_m2_spread_accel_lag20,0.457009,0.001808,dense
menv_m1_m2_spread_z20_lag2,0.457024,0.000362,dense
menv_m1_m2_spread_z20_lag3,0.457123,0.000362,dense
menv_m1_m2_spread_z20_lag5,0.457206,0.000542,dense
menv_m1_m2_spread_z20_lag10,0.457207,0.001085,dense
menv_m1_m2_spread_z20_lag20,0.4581,0.001808,dense
is_top5_sector_ma5,0.458901,0.078843,dense
has_gap_HN_z_ma20,0.459435,0.01302,dense
sf_total_accel,0.46122,0.000362,dense
sf_total_std20,0.462315,0.0,dense
sf_total_z20,0.462315,0.0,dense
deep_value,0.471829,0.01519,dense
deep_value_lag1,0.472035,0.0,dense
deep_value_lag2,0.472242,0.000181,dense
deep_value_lag3,0.472444,0.000362,dense
menv_m1_m2_spread_std20,0.472765,0.0,dense
deep_value_lag5,0.472861,0.000362,dense
menv_m1_m2_spread_std20_lag1,0.472864,0.000181,dense
menv_m1_m2_spread_std20_lag2,0.472963,0.000362,dense
menv_m1_m2_spread_std20_lag3,0.473062,0.000362,dense
menv_m1_m2_spread_std20_lag5,0.473146,0.000542,dense
menv_m1_m2_spread_std20_lag10,0.473147,0.001085,dense
m1_yoy_std20,0.473793,0.0,dense
deep_value_lag10,0.473816,0.000904,dense
menv_m1_m2_spread_std20_lag20,0.474039,0.001808,dense
deep_value_lag20,0.475854,0.001808,dense
pb_percentile_252d,0.482066,0.00651,dense
pb_percentile_252d_lag1,0.482191,0.00651,dense
pb_percentile_252d_lag2,0.482301,0.006872,dense
pb_percentile_252d_lag3,0.482429,0.007052,dense
pb_percentile_252d_lag5,0.482647,0.007595,dense
pb_percentile_252d_lag10,0.483358,0.008499,dense
pcf_ttm,0.483998,0.207957,dense
pcf_ttm_lag1,0.48409,0.0,dense
ps_ttm,0.484133,0.208137,dense
pcf_ttm_lag2,0.484181,0.000181,dense
pb_mrq,0.484188,0.207957,dense
ps_ttm_lag1,0.484224,0.0,dense
pcf_ttm_lag3,0.484273,0.000362,dense
pb_mrq_lag1,0.48428,0.0,dense
ps_ttm_lag2,0.484316,0.000181,dense
pb_mrq_lag2,0.484371,0.000181,dense
ps_ttm_lag3,0.484407,0.000362,dense
pcf_ttm_lag5,0.484452,0.000362,dense
pb_mrq_lag3,0.484463,0.000362,dense
ps_ttm_lag5,0.484586,0.000362,dense
pb_mrq_lag5,0.484642,0.000362,dense
pb_percentile_252d_lag20,0.484714,0.010127,dense
pcf_ttm_lag10,0.485067,0.000904,dense
ps_ttm_lag10,0.485202,0.000904,dense
pb_mrq_lag10,0.485257,0.000904,dense
pcf_ttm_lag20,0.486173,0.001808,dense
ps_ttm_lag20,0.486308,0.001808,dense
pb_mrq_lag20,0.486363,0.001808,dense
ann_count_accel,0.491539,0.000542,dense
cpi_yoy_std20,0.493794,0.0,dense
pledge_margin_dist_z20,0.498216,0.0,dense
short_balance_z20,0.503156,0.0,dense
margin_buy,0.503162,0.0,dense
margin_buy_lag1,0.503178,0.0,dense
margin_buy_lag2,0.503195,0.0,dense
margin_buy_lag3,0.503211,0.000181,dense
margin_buy_lag5,0.503244,0.000181,dense
margin_buy_lag10,0.503329,0.000362,dense
margin_buy_lag20,0.503519,0.000362,dense
margin_buy_ma5,0.503667,0.0,dense
margin_buy_accel,0.503958,0.000181,dense
margin_buy_ma10,0.50396,0.0,dense
margin_balance,0.50431,0.0,dense
margin_balance_lag1,0.504326,0.0,dense
margin_balance_lag2,0.504342,0.0,dense
margin_balance_lag3,0.504358,0.000181,dense
margin_balance_lag5,0.504391,0.000181,dense
margin_buy_ma20,0.504422,0.0,dense
margin_balance_accel,0.504424,0.000181,dense
margin_balance_ma5,0.504432,0.0,dense
margin_balance_lag10,0.504476,0.000362,dense
sector_rrg_quadrant,0.504551,0.078843,dense
margin_balance_ma10,0.504585,0.0,dense
margin_balance_lag20,0.504665,0.000362,dense
sector_rrg_quadrant_lag1,0.504719,0.0,dense
margin_buy_std20,0.504746,0.0,dense
margin_balance_ma20,0.504889,0.0,dense
sector_rrg_quadrant_lag2,0.5049,0.000181,dense
sector_rrg_quadrant_lag3,0.505079,0.000362,dense
margin_balance_std20,0.505212,0.0,dense
sector_rrg_quadrant_lag5,0.505421,0.000362,dense
sector_rrg_quadrant_lag10,0.505901,0.000904,dense
sector_rrg_quadrant_lag20,0.506608,0.001808,dense
ann_count_ma20,0.507478,0.000181,dense
has_announce_ma20,0.507478,0.000181,dense
ann_count_std20,0.507819,0.0,dense
PCRC,0.525118,0.079566,dense
PCRC_ma5,0.52832,0.079566,dense
PCRC_ma10,0.531569,0.079566,dense
PCRC_ma20,0.538064,0.079566,dense
HN_z,0.558298,0.020796,dense
margin_buy_z20,0.558481,0.0,dense
margin_balance_z20,0.558676,0.0,dense
sector_rrg_quadrant_ma5,0.561155,0.078843,dense
sector_rrg_quadrant_ma5_lag1,0.561309,0.0,dense
sector_rrg_quadrant_ma5_lag2,0.561405,0.000181,dense
sector_rrg_quadrant_ma5_lag3,0.561496,0.000362,dense
HN_z_ma5,0.561656,0.020796,dense
sector_rrg_quadrant_ma5_lag5,0.561661,0.000362,dense
sector_rrg_quadrant_ma5_lag10,0.561922,0.000904,dense
sector_rrg_quadrant_ma5_lag20,0.562481,0.001808,dense
HN_z_ma10,0.565075,0.020796,dense
n_stocks_accel,0.569362,0.078843,dense
HN_z_ma20,0.571911,0.020796,dense
avg_shares,0.575463,0.065099,dense
n_stocks_std20,0.577258,0.0,dense
avg_shares_ma5,0.57903,0.065099,dense
margin_net_z20,0.580983,0.0,dense
sector_rrg_quadrant_accel,0.581001,0.078843,dense
sector_rrg_quadrant_accel_lag1,0.58103,0.0,dense
sector_rrg_quadrant_accel_lag2,0.581057,0.000181,dense
sector_rrg_quadrant_accel_lag3,0.581085,0.000362,dense
sector_rrg_quadrant_accel_lag5,0.581148,0.000362,dense
sector_rrg_quadrant_accel_lag10,0.581304,0.000904,dense
is_top5_sector_ma10,0.581729,0.078843,dense
change_ratio,0.581754,0.007052,dense
sector_rrg_quadrant_accel_lag20,0.581834,0.001808,dense
change_num,0.582559,0.006148,dense
avg_shares_ma10,0.582805,0.065099,dense
lhb_count_5d_z20,0.584951,0.0,dense
change_ratio_ma5,0.585245,0.007052,dense
change_num_ma5,0.586057,0.006148,dense
change_ratio_ma10,0.588824,0.007052,dense
holder_num,0.589032,0.00217,dense
change_num_ma10,0.589644,0.006148,dense
avg_shares_ma20,0.590112,0.065099,dense
days_since_last_ex_div,0.591904,0.017179,dense
holder_num_ma5,0.592535,0.00217,dense
pe_pb_divergence,0.593391,0.00651,dense
pe_pb_divergence_lag1,0.593483,0.00651,dense
pe_pb_divergence_lag2,0.593571,0.006872,dense
pe_pb_divergence_lag3,0.593669,0.007052,dense
pe_pb_divergence_lag5,0.593849,0.007595,dense
sector_rrg_quadrant_std20,0.593867,0.0,dense
sector_rrg_quadrant_std20_lag1,0.593894,0.000181,dense
sector_rrg_quadrant_std20_lag2,0.593921,0.000362,dense
sector_rrg_quadrant_std20_lag3,0.593948,0.000362,dense
sector_rrg_quadrant_std20_lag5,0.594005,0.000542,dense
sector_rrg_quadrant_std20_lag10,0.594152,0.001085,dense
pe_pb_divergence_lag10,0.594337,0.008499,dense
sector_rrg_quadrant_std20_lag20,0.594659,0.001808,dense
n_stocks_z20,0.595209,0.0,dense
pe_pb_divergence_lag20,0.595252,0.010127,dense
change_ratio_ma20,0.595967,0.007052,dense
holder_num_ma10,0.596126,0.00217,dense
change_num_ma20,0.596805,0.006148,dense
ind_matched_return,0.599392,0.0,dense
ind_matched_return_lag1,0.599472,0.0,dense
ind_matched_return_lag2,0.599552,0.0,dense
ind_matched_return_lag3,0.599632,0.0,dense
sector_rrg_quadrant_ma10,0.599705,0.078843,dense
ind_matched_return_ma5,0.599754,0.0,dense
sector_rrg_quadrant_ma10_lag1,0.599755,0.0,dense
ind_matched_return_accel,0.599759,0.0,dense
ind_matched_return_lag5,0.599792,0.0,dense
sector_rrg_quadrant_ma10_lag2,0.599803,0.000181,dense
sector_rrg_quadrant_ma10_lag3,0.599849,0.000362,dense
sector_rrg_quadrant_ma10_lag5,0.59994,0.000362,dense
sector_rrg_quadrant_ma10_lag10,0.600086,0.000904,dense
ind_matched_return_lag10,0.600112,0.0,dense
ind_matched_return_lag20,0.600112,0.0,dense
ind_matched_return_ma10,0.600154,0.0,dense
ind_matched_return_ma20,0.600154,0.0,dense
ind_matched_return_std20,0.600417,0.0,dense
ind_matched_return_z20,0.600417,0.0,dense
menv_cpi_z,0.600553,0.001808,dense
sector_rrg_quadrant_ma10_lag20,0.600605,0.001808,dense
menv_cpi_z_lag1,0.600892,0.0,dense
days_since_last_ex_div_ma5,0.600988,0.017179,dense
menv_cpi_z_lag2,0.60123,0.000181,dense
menv_cpi_z_lag3,0.601569,0.000362,dense
menv_cpi_z_lag5,0.602245,0.000362,dense
holder_num_ma20,0.603307,0.00217,dense
shibor_1Y_accel,0.603332,0.000362,dense
shibor_1M_accel,0.603663,0.000362,dense
shibor_1W_accel,0.603663,0.000362,dense
shibor_2W_accel,0.603663,0.000362,dense
shibor_3M_accel,0.603663,0.000362,dense
shibor_6M_accel,0.603663,0.000362,dense
shibor_9M_accel,0.603663,0.000362,dense
shibor_O_N_accel,0.603663,0.000362,dense
menv_cpi_z_lag10,0.603936,0.000904,dense
shibor_1Y_z20,0.604426,0.0,dense
shibor_1Y_std20,0.604496,0.0,dense
shibor_1M_z20,0.604758,0.0,dense
shibor_1W_std20,0.604758,0.0,dense
shibor_1W_z20,0.604758,0.0,dense
shibor_2W_z20,0.604758,0.0,dense
shibor_3M_std20,0.604758,0.0,dense
shibor_3M_z20,0.604758,0.0,dense
shibor_6M_z20,0.604758,0.0,dense
shibor_9M_std20,0.604758,0.0,dense
shibor_9M_z20,0.604758,0.0,dense
shibor_O_N_z20,0.604758,0.0,dense
shibor_2W_std20,0.604914,0.0,dense
shibor_1M_std20,0.604918,0.0,dense
shibor_6M_std20,0.604923,0.0,dense
shibor_O_N_std20,0.604928,0.0,dense
menv_cpi_z_ma5,0.60498,0.001808,dense
menv_cpi_z_ma5_lag1,0.605318,0.0,dense
menv_cpi_z_ma5_lag2,0.605657,0.000181,dense
menv_cpi_z_ma5_lag3,0.605995,0.000362,dense
has_recent_dividend,0.606223,0.0,dense
menv_cpi_z_ma5_lag5,0.606671,0.000362,dense
menv_cpi_z_ma10,0.607231,0.001808,dense
menv_cpi_z_lag20,0.607313,0.001808,dense
menv_cpi_z_ma10_lag1,0.607569,0.0,dense
menv_cpi_z_ma10_lag2,0.607907,0.000181,dense
menv_shibor_1m_z,0.607975,0.001808,dense
menv_shibor_1m_z_lag1,0.607976,0.0,dense
menv_shibor_1m_z_lag2,0.607976,0.000181,dense
menv_shibor_1m_z_lag3,0.607977,0.000362,dense
menv_shibor_1m_z_lag5,0.607978,0.000362,dense
menv_shibor_1m_z_lag10,0.607981,0.000904,dense
menv_shibor_1m_z_lag20,0.607987,0.001808,dense
menv_cpi_z_ma10_lag3,0.608245,0.000362,dense
menv_cpi_z_ma5_lag10,0.608361,0.000904,dense
menv_cpi_z_accel,0.608618,0.001808,dense
menv_shibor_1m_z_ma5,0.608658,0.001808,dense
menv_shibor_1m_z_ma5_lag1,0.608659,0.0,dense
menv_shibor_1m_z_ma5_lag2,0.608659,0.000181,dense
menv_shibor_1m_z_ma5_lag3,0.60866,0.000362,dense
menv_shibor_1m_z_ma5_lag5,0.608661,0.000362,dense
menv_shibor_1m_z_ma5_lag10,0.608664,0.000904,dense
menv_shibor_1m_z_ma5_lag20,0.60867,0.001808,dense
menv_cpi_z_ma10_lag5,0.60892,0.000362,dense
menv_cpi_z_accel_lag1,0.608955,0.0,dense
menv_cpi_z_z20,0.609033,0.0,dense
menv_cpi_z_accel_lag2,0.609293,0.000181,dense
menv_cpi_z_z20_lag1,0.609369,0.0,dense
menv_shibor_1m_z_ma10,0.609508,0.001808,dense
menv_shibor_1m_z_ma10_lag1,0.609509,0.0,dense
menv_shibor_1m_z_ma10_lag2,0.609509,0.000181,dense
menv_shibor_1m_z_ma10_lag3,0.60951,0.000362,dense
menv_shibor_1m_z_ma10_lag5,0.609511,0.000362,dense
menv_shibor_1m_z_ma10_lag10,0.609514,0.000904,dense
menv_shibor_1m_z_ma10_lag20,0.60952,0.001808,dense
menv_cpi_z_accel_lag3,0.60963,0.000362,dense
menv_cpi_z_z20_lag2,0.609705,0.0,dense
menv_cpi_z_std20,0.609787,0.0,dense
menv_cpi_z_z20_lag3,0.610041,0.0,dense
menv_cpi_z_std20_lag1,0.610124,0.000181,dense
menv_cpi_z_accel_lag5,0.610305,0.000362,dense
menv_cpi_z_std20_lag2,0.610461,0.000362,dense
menv_cpi_z_ma20,0.610602,0.001808,dense
menv_cpi_z_ma10_lag10,0.610608,0.000904,dense
menv_cpi_z_z20_lag5,0.610713,0.0,dense
menv_cpi_z_std20_lag3,0.610799,0.000362,dense
menv_cpi_z_ma20_lag1,0.61094,0.0,dense
menv_shibor_1m_z_accel,0.611201,0.001808,dense
menv_shibor_1m_z_ma20,0.611201,0.001808,dense
menv_shibor_1m_z_accel_lag1,0.611202,0.0,dense
menv_shibor_1m_z_accel_lag2,0.611202,0.000181,dense
menv_shibor_1m_z_ma20_lag1,0.611202,0.0,dense
menv_shibor_1m_z_ma20_lag2,0.611202,0.000181,dense
menv_shibor_1m_z_accel_lag3,0.611203,0.000362,dense
menv_shibor_1m_z_ma20_lag3,0.611203,0.000362,dense
menv_shibor_1m_z_accel_lag5,0.611204,0.000362,dense
menv_shibor_1m_z_ma20_lag5,0.611204,0.000362,dense
menv_shibor_1m_z_accel_lag10,0.611207,0.000904,dense
menv_shibor_1m_z_ma20_lag10,0.611207,0.000904,dense
menv_shibor_1m_z_accel_lag20,0.611213,0.001808,dense
menv_shibor_1m_z_ma20_lag20,0.611213,0.001808,dense
menv_cpi_z_ma20_lag2,0.611277,0.000181,dense
menv_cpi_z_std20_lag5,0.611473,0.000542,dense
menv_shibor_1m_z_std20,0.611541,0.0,dense
menv_shibor_1m_z_std20_lag1,0.611542,0.000181,dense
menv_shibor_1m_z_std20_lag2,0.611542,0.000362,dense
menv_shibor_1m_z_std20_lag3,0.611543,0.000362,dense
menv_shibor_1m_z_std20_lag5,0.611544,0.000542,dense
menv_shibor_1m_z_z20,0.611546,0.0,dense
menv_shibor_1m_z_z20_lag1,0.611546,0.0,dense
menv_shibor_1m_z_z20_lag10,0.611546,0.0,dense
menv_shibor_1m_z_z20_lag2,0.611546,0.0,dense
menv_shibor_1m_z_z20_lag3,0.611546,0.0,dense
menv_shibor_1m_z_z20_lag5,0.611546,0.0,dense
menv_shibor_1m_z_std20_lag10,0.611547,0.001085,dense
menv_shibor_1m_z_z20_lag20,0.611549,0.0,dense
menv_shibor_1m_z_std20_lag20,0.611553,0.001808,dense
menv_cpi_z_ma20_lag3,0.611615,0.000362,dense
menv_cpi_z_ma5_lag20,0.611735,0.001808,dense
menv_cpi_z_accel_lag10,0.61199,0.000904,dense
days_since_last_ex_div_ma10,0.612051,0.017179,dense
menv_cpi_z_ma20_lag5,0.612289,0.000362,dense
sector_rank_change_ma5,0.612313,0.078843,dense
menv_cpi_z_z20_lag10,0.612391,0.0,dense
sector_rank_change,0.612752,0.078843,dense
menv_cpi_z_std20_lag10,0.613159,0.001085,dense
sector_rank_change_ma10,0.613405,0.078843,dense
menv_cpi_z_ma20_lag10,0.613975,0.000904,dense
menv_cpi_z_ma10_lag20,0.61398,0.001808,dense
sector_rank_change_ma20,0.614833,0.078843,dense
has_recent_dividend_ma5,0.615112,0.0,dense
menv_cpi_z_accel_lag20,0.61536,0.001808,dense
menv_cpi_z_z20_lag20,0.61575,0.0,dense
sector_rrg_quadrant_z20,0.615846,0.0,dense
sector_rrg_quadrant_z20_lag1,0.615846,0.0,dense
sector_rrg_quadrant_z20_lag2,0.615846,0.0,dense
sector_rrg_quadrant_z20_lag3,0.615846,0.0,dense
sector_rrg_quadrant_z20_lag5,0.61585,0.0,dense
sector_rrg_quadrant_z20_lag10,0.615864,0.0,dense
sector_rrg_quadrant_z20_lag20,0.616117,0.0,dense
menv_cpi_z_std20_lag20,0.616528,0.001808,dense
menv_cpi_z_ma20_lag20,0.617345,0.001808,dense
has_recent_dividend_ma10,0.62597,0.0,dense
effective_yield_accel,0.629323,0.009946,dense
sector_rrg_quadrant_ma20,0.631189,0.078843,dense
sector_rrg_quadrant_ma20_lag1,0.631216,0.0,dense
sector_rrg_quadrant_ma20_lag2,0.631243,0.000181,dense
sector_rrg_quadrant_ma20_lag3,0.631269,0.000362,dense
sector_rrg_quadrant_ma20_lag5,0.631323,0.000362,dense
sector_rrg_quadrant_ma20_lag10,0.631461,0.000904,dense
sector_rrg_quadrant_ma20_lag20,0.631898,0.001808,dense
days_since_last_ex_div_accel,0.63395,0.017179,dense
days_since_last_ex_div_ma20,0.633953,0.017179,dense
days_since_last_ex_div_std20,0.634296,0.0,dense
effective_yield_std20,0.63522,0.0,dense
market_state_volatile_z20,0.63593,0.0,dense
market_state_volatile_z20_lag1,0.63593,0.0,dense
market_state_volatile_z20_lag2,0.63593,0.0,dense
market_state_volatile_z20_lag3,0.63593,0.0,dense
market_state_volatile_z20_lag5,0.63593,0.0,dense
pe_percentile_252d,0.636394,0.00651,dense
pe_percentile_252d_lag1,0.636447,0.00651,dense
pe_percentile_252d_lag2,0.636493,0.006872,dense
pe_percentile_252d_lag3,0.636557,0.007052,dense
pe_percentile_252d_lag5,0.636662,0.007595,dense
pe_percentile_252d_lag10,0.636943,0.008499,dense
is_top5_sector_ma20,0.637243,0.078843,dense
pe_percentile_252d_lag20,0.63745,0.010127,dense
market_state_volatile_z20_lag10,0.63911,0.000542,dense
sector_rrg_x_accel,0.639329,0.078843,dense
sector_rrg_x_accel_lag1,0.639356,0.0,dense
sector_rrg_x_accel_lag2,0.639382,0.000181,dense
sector_rrg_x_accel_lag3,0.639409,0.000362,dense
sector_rrg_x,0.639447,0.078843,dense
sector_rrg_x_accel_lag5,0.639462,0.000362,dense
sector_rrg_x_lag1,0.639572,0.0,dense
sector_rrg_x_accel_lag10,0.639596,0.000904,dense
momentum_252d_accel,0.639696,0.079928,dense
sector_rrg_x_lag2,0.639696,0.000181,dense
momentum_252d_accel_lag1,0.639724,0.0,dense
momentum_252d_accel_lag2,0.639751,0.000181,dense
momentum_252d_accel_lag3,0.639778,0.000362,dense
momentum_252d,0.639816,0.079928,dense
sector_rrg_x_lag3,0.63982,0.000362,dense
momentum_252d_accel_lag5,0.639832,0.000362,dense
sector_rrg_x_ma5,0.639838,0.078843,dense
sector_rrg_x_accel_lag20,0.639859,0.001808,dense
momentum_252d_lag1,0.639941,0.0,dense
sector_rrg_x_ma5_lag1,0.639962,0.0,dense
momentum_252d_accel_lag10,0.639967,0.000904,dense
sector_rrg_x_ma10,0.639995,0.078843,dense
sector_rrg_x_ma20,0.639995,0.078843,dense
sector_rrg_x_ma5_lag2,0.640004,0.000181,dense
sector_rrg_x_ma10_lag1,0.640022,0.0,dense
sector_rrg_x_ma20_lag1,0.640022,0.0,dense
sector_rrg_x_ma5_lag3,0.640045,0.000362,dense
sector_rrg_x_ma10_lag2,0.640049,0.000181,dense
sector_rrg_x_ma20_lag2,0.640049,0.000181,dense
momentum_252d_lag2,0.640065,0.000181,dense
sector_rrg_x_lag5,0.640069,0.000362,dense
sector_rrg_x_ma10_lag3,0.640075,0.000362,dense
sector_rrg_x_ma20_lag3,0.640075,0.000362,dense
sector_rrg_x_ma10_lag5,0.640129,0.000362,dense
sector_rrg_x_ma20_lag5,0.640129,0.000362,dense
sector_rrg_x_ma5_lag5,0.640129,0.000362,dense
momentum_252d_lag3,0.64019,0.000362,dense
momentum_252d_ma5,0.640206,0.079928,dense
momentum_252d_accel_lag20,0.640234,0.001808,dense
sector_rrg_x_lag10,0.640262,0.000904,dense
sector_rrg_x_ma10_lag10,0.640262,0.000904,dense
sector_rrg_x_ma20_lag10,0.640262,0.000904,dense
sector_rrg_x_ma5_lag10,0.640262,0.000904,dense
momentum_252d_ma5_lag1,0.640331,0.0,dense
sector_rrg_x_std20,0.640335,0.0,dense
sector_rrg_x_std20_lag1,0.640362,0.000181,dense
momentum_252d_ma10,0.640363,0.079928,dense
momentum_252d_ma20,0.640363,0.079928,dense
momentum_252d_ma5_lag2,0.640373,0.000181,dense
sector_rrg_x_std20_lag2,0.640389,0.000362,dense
momentum_252d_ma10_lag1,0.64039,0.0,dense
momentum_252d_ma20_lag1,0.64039,0.0,dense
sector_rank_change_accel,0.640392,0.078843,dense
momentum_252d_ma5_lag3,0.640415,0.000362,dense
sector_rrg_x_std20_lag3,0.640415,0.000362,dense
momentum_252d_ma10_lag2,0.640418,0.000181,dense
momentum_252d_ma20_lag2,0.640418,0.000181,dense
momentum_252d_lag5,0.640439,0.000362,dense
momentum_252d_ma10_lag3,0.640445,0.000362,dense
momentum_252d_ma20_lag3,0.640445,0.000362,dense
sector_rrg_x_std20_lag5,0.640469,0.000542,dense
momentum_252d_ma10_lag5,0.640499,0.000362,dense
momentum_252d_ma20_lag5,0.640499,0.000362,dense
momentum_252d_ma5_lag5,0.640499,0.000362,dense
sector_rrg_x_lag20,0.640526,0.001808,dense
sector_rrg_x_ma10_lag20,0.640526,0.001808,dense
sector_rrg_x_ma20_lag20,0.640526,0.001808,dense
sector_rrg_x_ma5_lag20,0.640526,0.001808,dense
sector_rrg_x_std20_lag10,0.640602,0.001085,dense
momentum_252d_lag10,0.640634,0.000904,dense
momentum_252d_ma10_lag10,0.640634,0.000904,dense
momentum_252d_ma20_lag10,0.640634,0.000904,dense
momentum_252d_ma5_lag10,0.640634,0.000904,dense
sector_rrg_y_accel,0.640644,0.078843,dense
sector_rrg_y_accel_lag1,0.640671,0.0,dense
sector_rrg_y_accel_lag2,0.640698,0.000181,dense
momentum_252d_std20,0.640703,0.0,dense
sector_rrg_y_accel_lag3,0.640724,0.000362,dense
momentum_252d_std20_lag1,0.64073,0.000181,dense
momentum_252d_std20_lag2,0.640758,0.000362,dense
sector_rrg_y,0.640763,0.078843,dense
sector_rrg_y_accel_lag5,0.640778,0.000362,dense
momentum_252d_std20_lag3,0.640785,0.000362,dense
momentum_252d_std20_lag5,0.640839,0.000542,dense
sector_rrg_x_std20_lag20,0.640865,0.001808,dense
sector_rrg_y_lag1,0.640888,0.0,dense
momentum_252d_lag20,0.640901,0.001808,dense
momentum_252d_ma10_lag20,0.640901,0.001808,dense
momentum_252d_ma20_lag20,0.640901,0.001808,dense
momentum_252d_ma5_lag20,0.640901,0.001808,dense
sector_rrg_y_accel_lag10,0.640911,0.000904,dense
momentum_252d_std20_lag10,0.640974,0.001085,dense
sector_rrg_y_lag2,0.641012,0.000181,dense
sector_rrg_y_lag3,0.641136,0.000362,dense
sector_rrg_y_ma5,0.641154,0.078843,dense
sector_rrg_y_accel_lag20,0.641175,0.001808,dense
momentum_252d_std20_lag20,0.641241,0.001808,dense
sector_rrg_y_ma5_lag1,0.641278,0.0,dense
sector_rrg_y_ma10,0.641311,0.078843,dense
sector_rrg_y_ma20,0.641311,0.078843,dense
sector_rrg_y_ma5_lag2,0.64132,0.000181,dense
sector_rrg_y_ma10_lag1,0.641338,0.0,dense
sector_rrg_y_ma20_lag1,0.641338,0.0,dense
sector_rrg_y_ma5_lag3,0.641361,0.000362,dense
sector_rrg_y_ma10_lag2,0.641365,0.000181,dense
sector_rrg_y_ma20_lag2,0.641365,0.000181,dense
sector_rrg_y_lag5,0.641385,0.000362,dense
sector_rrg_y_ma10_lag3,0.641391,0.000362,dense
sector_rrg_y_ma20_lag3,0.641391,0.000362,dense
sector_rrg_y_ma10_lag5,0.641445,0.000362,dense
sector_rrg_y_ma20_lag5,0.641445,0.000362,dense
sector_rrg_y_ma5_lag5,0.641445,0.000362,dense
sector_rrg_y_lag10,0.641578,0.000904,dense
sector_rrg_y_ma10_lag10,0.641578,0.000904,dense
sector_rrg_y_ma20_lag10,0.641578,0.000904,dense
sector_rrg_y_ma5_lag10,0.641578,0.000904,dense
sector_rrg_y_std20,0.641651,0.0,dense
sector_rrg_y_std20_lag1,0.641678,0.000181,dense
sector_rrg_y_std20_lag2,0.641705,0.000362,dense
sector_rrg_y_std20_lag3,0.641731,0.000362,dense
sector_rrg_y_std20_lag5,0.641785,0.000542,dense
sector_rrg_y_lag20,0.641841,0.001808,dense
sector_rrg_y_ma10_lag20,0.641842,0.001808,dense
sector_rrg_y_ma20_lag20,0.641842,0.001808,dense
sector_rrg_y_ma5_lag20,0.641842,0.001808,dense
sector_rrg_y_std20_lag10,0.641918,0.001085,dense
sector_rrg_y_std20_lag20,0.642181,0.001808,dense
down_count,0.643215,0.079928,dense
pe_ttm,0.643411,0.000723,dense
pe_ttm_lag1,0.643441,0.0,dense
pe_ttm_lag2,0.643471,0.000181,dense
pe_ttm_lag3,0.643501,0.000362,dense
pe_ttm_lag5,0.643559,0.000362,dense
rank_accel,0.643605,0.078843,dense
pe_ttm_lag10,0.643769,0.000904,dense
pe_ttm_lag20,0.644078,0.001808,dense
up_count,0.645945,0.079928,dense
leader_change,0.645949,0.079928,dense
sector_vol_volatility,0.646004,0.078843,dense
sector_breadth_raw,0.646114,0.079928,dense
momentum_60d_accel,0.646176,0.079928,dense
momentum_60d_accel_lag1,0.646203,0.0,dense
momentum_60d_accel_lag2,0.64623,0.000181,dense
momentum_60d_accel_lag3,0.646257,0.000362,dense
momentum_60d,0.646311,0.079928,dense
momentum_60d_accel_lag5,0.646311,0.000362,dense
sector_vol_volatility_ma5,0.646395,0.078843,dense
momentum_60d_lag1,0.646436,0.0,dense
momentum_60d_accel_lag10,0.646446,0.000904,dense
sector_vol_volatility_accel,0.646552,0.078843,dense
sector_vol_volatility_ma10,0.646552,0.078843,dense
sector_vol_volatility_ma20,0.646552,0.078843,dense
momentum_60d_lag2,0.64656,0.000181,dense
momentum_60d_lag3,0.646685,0.000362,dense
momentum_60d_ma5,0.646701,0.079928,dense
momentum_60d_accel_lag20,0.646714,0.001808,dense
momentum_60d_ma5_lag1,0.646825,0.0,dense
momentum_60d_ma10,0.646858,0.079928,dense
momentum_60d_ma20,0.646858,0.079928,dense
momentum_60d_ma5_lag2,0.646868,0.000181,dense
momentum_60d_ma10_lag1,0.646885,0.0,dense
momentum_60d_ma20_lag1,0.646885,0.0,dense
sector_vol_volatility_std20,0.646892,0.0,dense
momentum_60d_ma5_lag3,0.64691,0.000362,dense
momentum_60d_ma10_lag2,0.646912,0.000181,dense
momentum_60d_ma20_lag2,0.646912,0.000181,dense
momentum_60d_lag5,0.646934,0.000362,dense
momentum_60d_ma10_lag3,0.64694,0.000362,dense
momentum_60d_ma20_lag3,0.64694,0.000362,dense
momentum_60d_ma10_lag5,0.646994,0.000362,dense
momentum_60d_ma20_lag5,0.646994,0.000362,dense
momentum_60d_ma5_lag5,0.646994,0.000362,dense
momentum_60d_lag10,0.647129,0.000904,dense
momentum_60d_ma10_lag10,0.647129,0.000904,dense
momentum_60d_ma20_lag10,0.647129,0.000904,dense
momentum_60d_ma5_lag10,0.647129,0.000904,dense
is_extreme_flow_ma20,0.647176,0.000904,dense
momentum_60d_std20,0.647198,0.0,dense
down_count_accel,0.647216,0.079928,dense
momentum_60d_std20_lag1,0.647225,0.000181,dense
up_count_accel,0.647248,0.079928,dense
momentum_60d_std20_lag2,0.647252,0.000362,dense
momentum_60d_std20_lag3,0.64728,0.000362,dense
momentum_60d_std20_lag5,0.647334,0.000542,dense
momentum_60d_lag20,0.647396,0.001808,dense
momentum_60d_ma10_lag20,0.647396,0.001808,dense
momentum_60d_ma20_lag20,0.647396,0.001808,dense
momentum_60d_ma5_lag20,0.647396,0.001808,dense
momentum_60d_std20_lag10,0.647469,0.001085,dense
has_recent_dividend_ma20,0.64752,0.0,dense
momentum_20d_accel,0.647558,0.079928,dense
momentum_5d_accel,0.647558,0.079928,dense
momentum_20d_accel_lag1,0.647586,0.0,dense
momentum_5d_accel_lag1,0.647586,0.0,dense
momentum_20d_accel_lag2,0.647613,0.000181,dense
momentum_5d_accel_lag2,0.647613,0.000181,dense
momentum_20d_accel_lag3,0.64764,0.000362,dense
momentum_5d_accel_lag3,0.64764,0.000362,dense
momentum_5d,0.647693,0.079928,dense
momentum_20d_accel_lag5,0.647694,0.000362,dense
momentum_5d_accel_lag5,0.647694,0.000362,dense
momentum_20d,0.647695,0.079928,dense
momentum_60d_std20_lag20,0.647735,0.001808,dense
momentum_5d_lag1,0.647818,0.0,dense
momentum_20d_lag1,0.647819,0.0,dense
momentum_20d_accel_lag10,0.647829,0.000904,dense
momentum_5d_accel_lag10,0.647829,0.000904,dense
sector_breadth_z,0.647935,0.079928,dense
momentum_5d_lag2,0.647942,0.000181,dense
momentum_20d_lag2,0.647944,0.000181,dense
sector_breadth_z_accel,0.647976,0.079928,dense
sector_breadth_z_lag1,0.64806,0.0,dense
momentum_5d_lag3,0.648067,0.000362,dense
momentum_20d_lag3,0.648069,0.000362,dense
momentum_20d_ma5,0.648085,0.079928,dense
momentum_5d_ma5,0.648085,0.079928,dense
momentum_20d_accel_lag20,0.648096,0.001808,dense
momentum_5d_accel_lag20,0.648096,0.001808,dense
sector_breadth_raw_accel,0.648104,0.079928,dense
change_pct_accel,0.648119,0.079928,dense
leader_change_accel,0.648119,0.079928,dense
ret_std_accel,0.648119,0.079928,dense
sector_breadth_z_lag2,0.648185,0.000181,dense
momentum_20d_ma5_lag1,0.648209,0.0,dense
momentum_5d_ma5_lag1,0.648209,0.0,dense
change_pct,0.648241,0.079928,dense
momentum_20d_ma10,0.648242,0.079928,dense
momentum_20d_ma20,0.648242,0.079928,dense
momentum_5d_ma10,0.648242,0.079928,dense
momentum_5d_ma20,0.648242,0.079928,dense
ret_std,0.64825,0.079928,dense
momentum_20d_ma5_lag2,0.648251,0.000181,dense
momentum_5d_ma5_lag2,0.648251,0.000181,dense
momentum_20d_ma10_lag1,0.648269,0.0,dense
momentum_20d_ma20_lag1,0.648269,0.0,dense
momentum_5d_ma10_lag1,0.648269,0.0,dense
momentum_5d_ma20_lag1,0.648269,0.0,dense
momentum_20d_ma5_lag3,0.648293,0.000362,dense
momentum_5d_ma5_lag3,0.648293,0.000362,dense
momentum_20d_ma10_lag2,0.648296,0.000181,dense
momentum_20d_ma20_lag2,0.648296,0.000181,dense
momentum_5d_ma10_lag2,0.648296,0.000181,dense
momentum_5d_ma20_lag2,0.648296,0.000181,dense
sector_breadth_z_lag3,0.648309,0.000362,dense
momentum_5d_lag5,0.648316,0.000362,dense
momentum_20d_lag5,0.648318,0.000362,dense
momentum_20d_ma10_lag3,0.648323,0.000362,dense
momentum_20d_ma20_lag3,0.648323,0.000362,dense
momentum_5d_ma10_lag3,0.648323,0.000362,dense
momentum_5d_ma20_lag3,0.648323,0.000362,dense
sector_breadth_z_ma5,0.648332,0.079928,dense
momentum_20d_ma10_lag5,0.648377,0.000362,dense
momentum_20d_ma20_lag5,0.648377,0.000362,dense
momentum_20d_ma5_lag5,0.648377,0.000362,dense
momentum_5d_ma10_lag5,0.648377,0.000362,dense
momentum_5d_ma20_lag5,0.648377,0.000362,dense
momentum_5d_ma5_lag5,0.648377,0.000362,dense
sector_breadth_z_ma10,0.648489,0.079928,dense
sector_breadth_z_ma20,0.648489,0.079928,dense
momentum_5d_lag10,0.648511,0.000904,dense
momentum_20d_lag10,0.648512,0.000904,dense
momentum_20d_ma10_lag10,0.648513,0.000904,dense
momentum_20d_ma20_lag10,0.648513,0.000904,dense
momentum_20d_ma5_lag10,0.648513,0.000904,dense
momentum_5d_ma10_lag10,0.648513,0.000904,dense
momentum_5d_ma20_lag10,0.648513,0.000904,dense
momentum_5d_ma5_lag10,0.648513,0.000904,dense
sector_breadth_z_lag5,0.648558,0.000362,dense
momentum_20d_std20,0.648582,0.0,dense
momentum_5d_std20,0.648582,0.0,dense
sector_breadth_raw_ma5,0.648587,0.079928,dense
momentum_20d_std20_lag1,0.648609,0.000181,dense
momentum_5d_std20_lag1,0.648609,0.000181,dense
down_count_ma5,0.648627,0.079928,dense
momentum_20d_std20_lag2,0.648636,0.000362,dense
momentum_5d_std20_lag2,0.648636,0.000362,dense
change_pct_ma5,0.648645,0.079928,dense
leader_change_ma5,0.648646,0.079928,dense
ret_std_ma5,0.648646,0.079928,dense
up_count_ma5,0.648646,0.079928,dense
momentum_20d_std20_lag3,0.648663,0.000362,dense
momentum_5d_std20_lag3,0.648663,0.000362,dense
momentum_20d_std20_lag5,0.648717,0.000542,dense
momentum_5d_std20_lag5,0.648717,0.000542,dense
sector_breadth_z_lag10,0.648753,0.000904,dense
sector_breadth_raw_ma10,0.648754,0.079928,dense
momentum_5d_lag20,0.648778,0.001808,dense
momentum_20d_lag20,0.64878,0.001808,dense
momentum_20d_ma10_lag20,0.64878,0.001808,dense
momentum_20d_ma20_lag20,0.64878,0.001808,dense
momentum_20d_ma5_lag20,0.64878,0.001808,dense
momentum_5d_ma10_lag20,0.64878,0.001808,dense
momentum_5d_ma20_lag20,0.64878,0.001808,dense
momentum_5d_ma5_lag20,0.64878,0.001808,dense
sector_breadth_raw_ma20,0.648783,0.079928,dense
down_count_ma10,0.6488,0.079928,dense
down_count_ma20,0.6488,0.079928,dense
change_pct_ma10,0.648803,0.079928,dense
change_pct_ma20,0.648803,0.079928,dense
leader_change_ma10,0.648803,0.079928,dense
leader_change_ma20,0.648803,0.079928,dense
ret_std_ma10,0.648803,0.079928,dense
ret_std_ma20,0.648803,0.079928,dense
up_count_ma10,0.648803,0.079928,dense
up_count_ma20,0.648803,0.079928,dense
sector_breadth_z_std20,0.648829,0.0,dense
momentum_20d_std20_lag10,0.648852,0.001085,dense
momentum_5d_std20_lag10,0.648852,0.001085,dense
sector_breadth_z_lag20,0.64902,0.001808,dense
momentum_20d_std20_lag20,0.649119,0.001808,dense
momentum_5d_std20_lag20,0.649119,0.001808,dense
down_count_std20,0.64914,0.0,dense
leader_change_std20,0.649143,0.0,dense
sector_breadth_raw_std20,0.649143,0.0,dense
up_count_std20,0.649143,0.0,dense
change_pct_std20,0.649144,0.0,dense
ret_std_std20,0.649144,0.0,dense
n_stocks,0.649221,0.078843,dense
rank,0.649221,0.078843,dense
n_stocks_ma5,0.649611,0.078843,dense
rank_ma5,0.649611,0.078843,dense
n_stocks_ma10,0.649769,0.078843,dense
n_stocks_ma20,0.649769,0.078843,dense
rank_ma10,0.649769,0.078843,dense
rank_ma20,0.649769,0.078843,dense
sector_rank_change_std20,0.64978,0.0,dense
rank_std20,0.650109,0.0,dense
cpi_yoy,0.652753,0.0,dense
cpi_yoy_lag1,0.652753,0.0,dense
cpi_yoy_lag10,0.652753,0.000904,dense
cpi_yoy_lag2,0.652753,0.000181,dense
cpi_yoy_lag3,0.652753,0.000362,dense
cpi_yoy_lag5,0.652753,0.000362,dense
cpi_yoy_lag20,0.652754,0.001808,dense
effective_yield_z20,0.653129,0.0,dense
roe_trend_4q,0.65452,0.00651,dense
roe_trend_4q_lag1,0.654525,0.0,dense
roe_trend_4q_lag2,0.65453,0.000181,dense
roe_trend_4q_lag3,0.654535,0.000362,dense
roe_trend_4q_lag5,0.654545,0.000362,dense
roe_trend_4q_lag10,0.654571,0.000904,dense
roe_trend_4q_lag20,0.654626,0.001808,dense
cpi_yoy_ma5,0.655293,0.0,dense
effective_yield,0.655766,0.009946,dense
effective_yield_ma5,0.656222,0.009946,dense
effective_yield_ma10,0.656377,0.009946,dense
roe_accel,0.656569,0.00651,dense
roe_accel_lag1,0.656574,0.0,dense
roe_accel_lag2,0.656578,0.000181,dense
roe_accel_lag3,0.656583,0.000362,dense
roe_accel_lag5,0.656593,0.000362,dense
roe_accel_lag10,0.656617,0.000904,dense
roe_accel_lag20,0.656666,0.001808,dense
effective_yield_ma20,0.656686,0.009946,dense
revenue_trend_4q,0.656693,0.006691,dense
revenue_trend_4q_lag1,0.656696,0.0,dense
revenue_trend_4q_lag2,0.656698,0.000181,dense
revenue_trend_4q_lag3,0.656701,0.000362,dense
revenue_trend_4q_lag5,0.656706,0.000362,dense
revenue_trend_4q_lag10,0.656719,0.000904,dense
revenue_trend_4q_lag20,0.656749,0.001808,dense
margin_trend_4q,0.656909,0.006691,dense
margin_trend_4q_lag1,0.656911,0.0,dense
margin_trend_4q_lag2,0.656914,0.000181,dense
margin_trend_4q_lag3,0.656916,0.000362,dense
margin_trend_4q_lag5,0.656921,0.000362,dense
margin_trend_4q_lag10,0.656935,0.000904,dense
margin_trend_4q_lag20,0.656963,0.001808,dense
days_since_last_ex_div_z20,0.657581,0.0,dense
cpi_yoy_ma10,0.657893,0.0,dense
m1_yoy,0.658074,0.0,dense
m1_yoy_lag1,0.658074,0.0,dense
m1_yoy_lag10,0.658074,0.000904,dense
m1_yoy_lag2,0.658074,0.000181,dense
m1_yoy_lag3,0.658074,0.000362,dense
m1_yoy_lag5,0.658074,0.000362,dense
m1_yoy_lag20,0.658075,0.001808,dense
m1_yoy_ma5,0.658948,0.0,dense
ind_pct_up,0.65983,0.000362,dense
m1_yoy_ma10,0.660041,0.0,dense
ind_pct_up_lag1,0.660136,0.0,dense
ind_pct_up_lag2,0.660442,0.000181,dense
ind_pct_up_lag3,0.660748,0.000362,dense
ind_pct_up_lag5,0.661154,0.000362,dense
ind_pct_up_lag10,0.661636,0.000904,dense
ind_pct_up_lag20,0.661636,0.001808,dense
m1_yoy_ma20,0.662226,0.0,dense
market_state_volatile_z20_lag20,0.662957,0.001266,dense
menv_fx_usd_cny_z,0.663667,0.001808,dense
menv_fx_usd_cny_z_accel,0.663667,0.001808,dense
menv_fx_usd_cny_z_ma10,0.663667,0.001808,dense
menv_fx_usd_cny_z_ma20,0.663667,0.001808,dense
menv_fx_usd_cny_z_ma5,0.663667,0.001808,dense
menv_regime_z,0.663667,0.001808,dense
menv_regime_z_accel,0.663667,0.001808,dense
menv_regime_z_ma10,0.663667,0.001808,dense
menv_regime_z_ma20,0.663667,0.001808,dense
menv_regime_z_ma5,0.663667,0.001808,dense
menv_fx_usd_cny_z_accel_lag1,0.663668,0.0,dense
menv_fx_usd_cny_z_accel_lag2,0.663668,0.000181,dense
menv_fx_usd_cny_z_lag1,0.663668,0.0,dense
menv_fx_usd_cny_z_lag2,0.663668,0.000181,dense
menv_fx_usd_cny_z_ma10_lag1,0.663668,0.0,dense
menv_fx_usd_cny_z_ma10_lag2,0.663668,0.000181,dense
menv_fx_usd_cny_z_ma20_lag1,0.663668,0.0,dense
menv_fx_usd_cny_z_ma20_lag2,0.663668,0.000181,dense
menv_fx_usd_cny_z_ma5_lag1,0.663668,0.0,dense
menv_fx_usd_cny_z_ma5_lag2,0.663668,0.000181,dense
menv_regime_z_accel_lag1,0.663668,0.0,dense
menv_regime_z_accel_lag2,0.663668,0.000181,dense
menv_regime_z_lag1,0.663668,0.0,dense
menv_regime_z_lag2,0.663668,0.000181,dense
menv_regime_z_ma10_lag1,0.663668,0.0,dense
menv_regime_z_ma10_lag2,0.663668,0.000181,dense
menv_regime_z_ma20_lag1,0.663668,0.0,dense
menv_regime_z_ma20_lag2,0.663668,0.000181,dense
menv_regime_z_ma5_lag1,0.663668,0.0,dense
menv_regime_z_ma5_lag2,0.663668,0.000181,dense
menv_fx_usd_cny_z_accel_lag3,0.663669,0.000362,dense
menv_fx_usd_cny_z_lag3,0.663669,0.000362,dense
menv_fx_usd_cny_z_ma10_lag3,0.663669,0.000362,dense
menv_fx_usd_cny_z_ma20_lag3,0.663669,0.000362,dense
menv_fx_usd_cny_z_ma5_lag3,0.663669,0.000362,dense
menv_regime_z_accel_lag3,0.663669,0.000362,dense
menv_regime_z_lag3,0.663669,0.000362,dense
menv_regime_z_ma10_lag3,0.663669,0.000362,dense
menv_regime_z_ma20_lag3,0.663669,0.000362,dense
menv_regime_z_ma5_lag3,0.663669,0.000362,dense
menv_fx_usd_cny_z_accel_lag5,0.66367,0.000362,dense
menv_fx_usd_cny_z_lag5,0.66367,0.000362,dense
menv_fx_usd_cny_z_ma10_lag5,0.66367,0.000362,dense
menv_fx_usd_cny_z_ma20_lag5,0.66367,0.000362,dense
menv_fx_usd_cny_z_ma5_lag5,0.66367,0.000362,dense
menv_regime_z_accel_lag5,0.66367,0.000362,dense
menv_regime_z_lag5,0.66367,0.000362,dense
menv_regime_z_ma10_lag5,0.66367,0.000362,dense
menv_regime_z_ma20_lag5,0.66367,0.000362,dense
menv_regime_z_ma5_lag5,0.66367,0.000362,dense
menv_fx_usd_cny_z_accel_lag10,0.663673,0.000904,dense
menv_fx_usd_cny_z_lag10,0.663673,0.000904,dense
menv_fx_usd_cny_z_ma10_lag10,0.663673,0.000904,dense
menv_fx_usd_cny_z_ma20_lag10,0.663673,0.000904,dense
menv_fx_usd_cny_z_ma5_lag10,0.663673,0.000904,dense
menv_regime_z_accel_lag10,0.663673,0.000904,dense
menv_regime_z_lag10,0.663673,0.000904,dense
menv_regime_z_ma10_lag10,0.663673,0.000904,dense
menv_regime_z_ma20_lag10,0.663673,0.000904,dense
menv_regime_z_ma5_lag10,0.663673,0.000904,dense
menv_fx_usd_cny_z_accel_lag20,0.663679,0.001808,dense
menv_fx_usd_cny_z_lag20,0.663679,0.001808,dense
menv_fx_usd_cny_z_ma10_lag20,0.663679,0.001808,dense
menv_fx_usd_cny_z_ma20_lag20,0.663679,0.001808,dense
menv_fx_usd_cny_z_ma5_lag20,0.663679,0.001808,dense
menv_regime_z_accel_lag20,0.663679,0.001808,dense
menv_regime_z_lag20,0.663679,0.001808,dense
menv_regime_z_ma10_lag20,0.663679,0.001808,dense
menv_regime_z_ma20_lag20,0.663679,0.001808,dense
menv_regime_z_ma5_lag20,0.663679,0.001808,dense
menv_fx_usd_cny_z_std20,0.664007,0.0,dense
menv_regime_z_std20,0.664007,0.0,dense
menv_fx_usd_cny_z_std20_lag1,0.664008,0.000181,dense
menv_fx_usd_cny_z_std20_lag2,0.664008,0.000362,dense
menv_regime_z_std20_lag1,0.664008,0.000181,dense
menv_regime_z_std20_lag2,0.664008,0.000362,dense
menv_fx_usd_cny_z_std20_lag3,0.664009,0.000362,dense
menv_regime_z_std20_lag3,0.664009,0.000362,dense
menv_fx_usd_cny_z_std20_lag5,0.66401,0.000542,dense
menv_regime_z_std20_lag5,0.66401,0.000542,dense
menv_fx_usd_cny_z_z20,0.664012,0.0,dense
menv_fx_usd_cny_z_z20_lag1,0.664012,0.0,dense
menv_fx_usd_cny_z_z20_lag2,0.664012,0.0,dense
menv_fx_usd_cny_z_z20_lag3,0.664012,0.0,dense
menv_fx_usd_cny_z_z20_lag5,0.664012,0.0,dense
menv_regime_z_z20,0.664012,0.0,dense
menv_regime_z_z20_lag1,0.664012,0.0,dense
menv_regime_z_z20_lag2,0.664012,0.0,dense
menv_regime_z_z20_lag3,0.664012,0.0,dense
menv_regime_z_z20_lag5,0.664012,0.0,dense
menv_fx_usd_cny_z_std20_lag10,0.664013,0.001085,dense
menv_fx_usd_cny_z_z20_lag10,0.664013,0.0,dense
menv_regime_z_std20_lag10,0.664013,0.001085,dense
menv_regime_z_z20_lag10,0.664013,0.0,dense
menv_fx_usd_cny_z_z20_lag20,0.664015,0.0,dense
menv_regime_z_z20_lag20,0.664015,0.0,dense
menv_fx_usd_cny_z_std20_lag20,0.664018,0.001808,dense
menv_regime_z_std20_lag20,0.664018,0.001808,dense
imax_5d,0.664092,0.0,dense
cpi_yoy_ma20,0.664241,0.0,dense
sector_rrg_x_z20,0.664408,0.0,dense
sector_rrg_x_z20_lag1,0.664408,0.0,dense
sector_rrg_x_z20_lag10,0.664408,0.0,dense
sector_rrg_x_z20_lag2,0.664408,0.0,dense
sector_rrg_x_z20_lag20,0.664408,0.0,dense
sector_rrg_x_z20_lag3,0.664408,0.0,dense
sector_rrg_x_z20_lag5,0.664408,0.0,dense
bond_us_10y2y_spread,0.664637,0.0,dense
bond_us_10y2y_spread_lag1,0.664637,0.0,dense
bond_us_10y2y_spread_lag2,0.664637,0.000181,dense
bond_us_10y2y_spread_lag3,0.664637,0.000362,dense
bond_us_10y2y_spread_lag5,0.664637,0.000362,dense
bond_us_10y2y_spread_lag10,0.664638,0.000904,dense
bond_us_10y2y_spread_lag20,0.664638,0.001808,dense
profitability_stability,0.664719,0.005606,dense
profitability_stability_lag1,0.664724,0.0,dense
profitability_stability_lag2,0.664728,0.000181,dense
profitability_stability_lag3,0.664733,0.000362,dense
profitability_stability_lag5,0.664742,0.000362,dense
profitability_stability_lag10,0.664765,0.000904,dense
profitability_stability_lag20,0.664807,0.001808,dense
quality_composite,0.665689,0.005606,dense
quality_composite_lag1,0.665691,0.0,dense
quality_composite_lag2,0.665693,0.000181,dense
quality_composite_lag3,0.665695,0.000362,dense
quality_composite_lag5,0.665698,0.000362,dense
quality_composite_lag10,0.665707,0.000904,dense
bond_us_2y_accel,0.665715,0.000362,dense
quality_composite_lag20,0.665722,0.001808,dense
momentum_252d_z20,0.665771,0.0,dense
momentum_252d_z20_lag1,0.665771,0.0,dense
momentum_252d_z20_lag10,0.665771,0.0,dense
momentum_252d_z20_lag2,0.665771,0.0,dense
momentum_252d_z20_lag20,0.665771,0.0,dense
momentum_252d_z20_lag3,0.665771,0.0,dense
momentum_252d_z20_lag5,0.665771,0.0,dense
sector_rrg_y_z20,0.665773,0.0,dense
sector_rrg_y_z20_lag1,0.665773,0.0,dense
sector_rrg_y_z20_lag10,0.665773,0.0,dense
sector_rrg_y_z20_lag2,0.665773,0.0,dense
sector_rrg_y_z20_lag20,0.665773,0.0,dense
sector_rrg_y_z20_lag3,0.665773,0.0,dense
sector_rrg_y_z20_lag5,0.665773,0.0,dense
bond_cn_10y2y_spread_accel,0.66599,0.000362,dense
menv_bond_10y2y_spread_accel,0.66599,0.000362,dense
menv_bond_10y2y_spread_accel_lag1,0.66599,0.0,dense
menv_bond_10y2y_spread_accel_lag2,0.66599,0.000181,dense
menv_bond_10y2y_spread_accel_lag3,0.66599,0.000362,dense
menv_bond_10y2y_spread_accel_lag5,0.66599,0.000362,dense
menv_bond_10y2y_spread_accel_lag10,0.665991,0.000904,dense
menv_bond_10y2y_spread_accel_lag20,0.665993,0.001808,dense
bond_us_5y_accel,0.666003,0.000362,dense
bond_us_10y_accel,0.666132,0.000362,dense
bond_us_10y2y_spread_accel,0.666193,0.000362,dense
bond_us_30y_accel,0.666311,0.000362,dense
bond_cn_10y_accel,0.666318,0.000362,dense
bond_cn_2y_accel,0.666318,0.000362,dense
bond_cn_30y_accel,0.666318,0.000362,dense
bond_cn_5y_accel,0.666318,0.000362,dense
fx_eur_cny_accel,0.666318,0.000362,dense
fx_gbp_cny_accel,0.666318,0.000362,dense
fx_hkd_cny_accel,0.666318,0.000362,dense
fx_jpy_cny_accel,0.666318,0.000362,dense
fx_usd_cny_accel,0.666318,0.000362,dense
menv_us_cn_10y_spread_accel,0.666318,0.000362,dense
menv_us_cn_10y_spread_accel_lag1,0.666319,0.0,dense
menv_us_cn_10y_spread_accel_lag2,0.666319,0.000181,dense
menv_us_cn_10y_spread_accel_lag3,0.666319,0.000362,dense
menv_us_cn_10y_spread_accel_lag5,0.666319,0.000362,dense
menv_us_cn_10y_spread_accel_lag10,0.66632,0.000904,dense
menv_us_cn_10y_spread_accel_lag20,0.666322,0.001808,dense
earnings_surprise,0.666678,0.005606,dense
earnings_surprise_lag1,0.666682,0.0,dense
earnings_surprise_lag2,0.666685,0.000181,dense
earnings_surprise_lag3,0.666689,0.000362,dense
earnings_surprise_lag5,0.666696,0.000362,dense
earnings_surprise_lag10,0.666712,0.000904,dense
earnings_surprise_lag20,0.666743,0.001808,dense
bond_us_10y2y_spread_ma10,0.667072,0.0,dense
bond_us_10y2y_spread_ma20,0.667072,0.0,dense
bond_us_10y2y_spread_ma5,0.667072,0.0,dense
bond_cn_10y,0.667073,0.0,dense
bond_cn_10y2y_spread,0.667073,0.0,dense
bond_cn_10y2y_spread_lag1,0.667073,0.0,dense
bond_cn_10y2y_spread_lag10,0.667073,0.000904,dense
bond_cn_10y2y_spread_lag2,0.667073,0.000181,dense
bond_cn_10y2y_spread_lag3,0.667073,0.000362,dense
bond_cn_10y2y_spread_lag5,0.667073,0.000362,dense
bond_cn_10y2y_spread_ma10,0.667073,0.0,dense
bond_cn_10y2y_spread_ma20,0.667073,0.0,dense
bond_cn_10y2y_spread_ma5,0.667073,0.0,dense
bond_cn_10y_lag1,0.667073,0.0,dense
bond_cn_10y_lag10,0.667073,0.000904,dense
bond_cn_10y_lag2,0.667073,0.000181,dense
bond_cn_10y_lag3,0.667073,0.000362,dense
bond_cn_10y_lag5,0.667073,0.000362,dense
bond_cn_10y_ma10,0.667073,0.0,dense
bond_cn_10y_ma20,0.667073,0.0,dense
bond_cn_10y_ma5,0.667073,0.0,dense
bond_cn_2y,0.667073,0.0,dense
bond_cn_2y_lag1,0.667073,0.0,dense
bond_cn_2y_lag10,0.667073,0.000904,dense
bond_cn_2y_lag2,0.667073,0.000181,dense
bond_cn_2y_lag3,0.667073,0.000362,dense
bond_cn_2y_lag5,0.667073,0.000362,dense
bond_cn_2y_ma10,0.667073,0.0,dense
bond_cn_2y_ma20,0.667073,0.0,dense
bond_cn_2y_ma5,0.667073,0.0,dense
bond_cn_30y,0.667073,0.0,dense
bond_cn_30y_lag1,0.667073,0.0,dense
bond_cn_30y_lag10,0.667073,0.000904,dense
bond_cn_30y_lag2,0.667073,0.000181,dense
bond_cn_30y_lag3,0.667073,0.000362,dense
bond_cn_30y_lag5,0.667073,0.000362,dense
bond_cn_30y_ma10,0.667073,0.0,dense
bond_cn_30y_ma20,0.667073,0.0,dense
bond_cn_30y_ma5,0.667073,0.0,dense
bond_cn_5y,0.667073,0.0,dense
bond_cn_5y_lag1,0.667073,0.0,dense
bond_cn_5y_lag10,0.667073,0.000904,dense
bond_cn_5y_lag2,0.667073,0.000181,dense
bond_cn_5y_lag3,0.667073,0.000362,dense
bond_cn_5y_lag5,0.667073,0.000362,dense
bond_cn_5y_ma10,0.667073,0.0,dense
bond_cn_5y_ma20,0.667073,0.0,dense
bond_cn_5y_ma5,0.667073,0.0,dense
bond_us_10y,0.667073,0.0,dense
bond_us_10y_lag1,0.667073,0.0,dense
bond_us_10y_lag10,0.667073,0.000904,dense
bond_us_10y_lag2,0.667073,0.000181,dense
bond_us_10y_lag3,0.667073,0.000362,dense
bond_us_10y_lag5,0.667073,0.000362,dense
bond_us_10y_ma10,0.667073,0.0,dense
bond_us_10y_ma20,0.667073,0.0,dense
bond_us_10y_ma5,0.667073,0.0,dense
bond_us_2y,0.667073,0.0,dense
bond_us_2y_lag1,0.667073,0.0,dense
bond_us_2y_lag10,0.667073,0.000904,dense
bond_us_2y_lag2,0.667073,0.000181,dense
bond_us_2y_lag3,0.667073,0.000362,dense
bond_us_2y_lag5,0.667073,0.000362,dense
bond_us_2y_ma10,0.667073,0.0,dense
bond_us_2y_ma20,0.667073,0.0,dense
bond_us_2y_ma5,0.667073,0.0,dense
bond_us_30y,0.667073,0.0,dense
bond_us_30y_lag1,0.667073,0.0,dense
bond_us_30y_lag10,0.667073,0.000904,dense
bond_us_30y_lag2,0.667073,0.000181,dense
bond_us_30y_lag3,0.667073,0.000362,dense
bond_us_30y_lag5,0.667073,0.000362,dense
bond_us_30y_ma10,0.667073,0.0,dense
bond_us_30y_ma20,0.667073,0.0,dense
bond_us_30y_ma5,0.667073,0.0,dense
bond_us_5y,0.667073,0.0,dense
bond_us_5y_lag1,0.667073,0.0,dense
bond_us_5y_lag10,0.667073,0.000904,dense
bond_us_5y_lag2,0.667073,0.000181,dense
bond_us_5y_lag3,0.667073,0.000362,dense
bond_us_5y_lag5,0.667073,0.000362,dense
bond_us_5y_ma10,0.667073,0.0,dense
bond_us_5y_ma20,0.667073,0.0,dense
bond_us_5y_ma5,0.667073,0.0,dense
fx_eur_cny,0.667073,0.0,dense
fx_eur_cny_lag1,0.667073,0.0,dense
fx_eur_cny_lag10,0.667073,0.000904,dense
fx_eur_cny_lag2,0.667073,0.000181,dense
fx_eur_cny_lag3,0.667073,0.000362,dense
fx_eur_cny_lag5,0.667073,0.000362,dense
fx_eur_cny_ma10,0.667073,0.0,dense
fx_eur_cny_ma20,0.667073,0.0,dense
fx_eur_cny_ma5,0.667073,0.0,dense
fx_gbp_cny,0.667073,0.0,dense
fx_gbp_cny_lag1,0.667073,0.0,dense
fx_gbp_cny_lag10,0.667073,0.000904,dense
fx_gbp_cny_lag2,0.667073,0.000181,dense
fx_gbp_cny_lag3,0.667073,0.000362,dense
fx_gbp_cny_lag5,0.667073,0.000362,dense
fx_gbp_cny_ma10,0.667073,0.0,dense
fx_gbp_cny_ma20,0.667073,0.0,dense
fx_gbp_cny_ma5,0.667073,0.0,dense
fx_hkd_cny,0.667073,0.0,dense
fx_hkd_cny_lag1,0.667073,0.0,dense
fx_hkd_cny_lag10,0.667073,0.000904,dense
fx_hkd_cny_lag2,0.667073,0.000181,dense
fx_hkd_cny_lag3,0.667073,0.000362,dense
fx_hkd_cny_lag5,0.667073,0.000362,dense
fx_hkd_cny_ma10,0.667073,0.0,dense
fx_hkd_cny_ma20,0.667073,0.0,dense
fx_hkd_cny_ma5,0.667073,0.0,dense
fx_jpy_cny,0.667073,0.0,dense
fx_jpy_cny_lag1,0.667073,0.0,dense
fx_jpy_cny_lag10,0.667073,0.000904,dense
fx_jpy_cny_lag2,0.667073,0.000181,dense
fx_jpy_cny_lag3,0.667073,0.000362,dense
fx_jpy_cny_lag5,0.667073,0.000362,dense
fx_jpy_cny_ma10,0.667073,0.0,dense
fx_jpy_cny_ma20,0.667073,0.0,dense
fx_jpy_cny_ma5,0.667073,0.0,dense
fx_usd_cny,0.667073,0.0,dense
fx_usd_cny_lag1,0.667073,0.0,dense
fx_usd_cny_lag10,0.667073,0.000904,dense
fx_usd_cny_lag2,0.667073,0.000181,dense
fx_usd_cny_lag3,0.667073,0.000362,dense
fx_usd_cny_lag5,0.667073,0.000362,dense
fx_usd_cny_ma10,0.667073,0.0,dense
fx_usd_cny_ma20,0.667073,0.0,dense
fx_usd_cny_ma5,0.667073,0.0,dense
gdp_cn_yoy,0.667073,0.0,dense
gdp_cn_yoy_lag1,0.667073,0.0,dense
gdp_cn_yoy_lag10,0.667073,0.000904,dense
gdp_cn_yoy_lag2,0.667073,0.000181,dense
gdp_cn_yoy_lag3,0.667073,0.000362,dense
gdp_cn_yoy_lag5,0.667073,0.000362,dense
gdp_cn_yoy_ma10,0.667073,0.0,dense
gdp_cn_yoy_ma20,0.667073,0.0,dense
gdp_cn_yoy_ma5,0.667073,0.0,dense
m2_yoy,0.667073,0.0,dense
m2_yoy_lag1,0.667073,0.0,dense
m2_yoy_lag10,0.667073,0.000904,dense
m2_yoy_lag2,0.667073,0.000181,dense
m2_yoy_lag3,0.667073,0.000362,dense
m2_yoy_lag5,0.667073,0.000362,dense
m2_yoy_ma10,0.667073,0.0,dense
m2_yoy_ma20,0.667073,0.0,dense
m2_yoy_ma5,0.667073,0.0,dense
menv_bond_10y2y_spread,0.667073,0.0,dense
menv_bond_10y2y_spread_lag1,0.667073,0.0,dense
menv_bond_10y2y_spread_lag10,0.667073,0.000904,dense
menv_bond_10y2y_spread_lag2,0.667073,0.000181,dense
menv_bond_10y2y_spread_lag3,0.667073,0.000362,dense
menv_bond_10y2y_spread_lag5,0.667073,0.000362,dense
menv_bond_10y2y_spread_ma10,0.667073,0.0,dense
menv_bond_10y2y_spread_ma10_lag1,0.667073,0.0,dense
menv_bond_10y2y_spread_ma10_lag10,0.667073,0.000904,dense
menv_bond_10y2y_spread_ma10_lag2,0.667073,0.000181,dense
menv_bond_10y2y_spread_ma10_lag3,0.667073,0.000362,dense
menv_bond_10y2y_spread_ma10_lag5,0.667073,0.000362,dense
menv_bond_10y2y_spread_ma20,0.667073,0.0,dense
menv_bond_10y2y_spread_ma20_lag1,0.667073,0.0,dense
menv_bond_10y2y_spread_ma20_lag10,0.667073,0.000904,dense
menv_bond_10y2y_spread_ma20_lag2,0.667073,0.000181,dense
menv_bond_10y2y_spread_ma20_lag3,0.667073,0.000362,dense
menv_bond_10y2y_spread_ma20_lag5,0.667073,0.000362,dense
menv_bond_10y2y_spread_ma5,0.667073,0.0,dense
menv_bond_10y2y_spread_ma5_lag1,0.667073,0.0,dense
menv_bond_10y2y_spread_ma5_lag10,0.667073,0.000904,dense
menv_bond_10y2y_spread_ma5_lag2,0.667073,0.000181,dense
menv_bond_10y2y_spread_ma5_lag3,0.667073,0.000362,dense
menv_bond_10y2y_spread_ma5_lag5,0.667073,0.000362,dense
menv_m1_m2_spread,0.667073,0.0,dense
menv_m1_m2_spread_lag1,0.667073,0.0,dense
menv_m1_m2_spread_lag10,0.667073,0.000904,dense
menv_m1_m2_spread_lag2,0.667073,0.000181,dense
menv_m1_m2_spread_lag3,0.667073,0.000362,dense
menv_m1_m2_spread_lag5,0.667073,0.000362,dense
menv_m1_m2_spread_ma10,0.667073,0.0,dense
menv_m1_m2_spread_ma10_lag1,0.667073,0.0,dense
menv_m1_m2_spread_ma10_lag10,0.667073,0.000904,dense
menv_m1_m2_spread_ma10_lag2,0.667073,0.000181,dense
menv_m1_m2_spread_ma10_lag3,0.667073,0.000362,dense
menv_m1_m2_spread_ma10_lag5,0.667073,0.000362,dense
menv_m1_m2_spread_ma20,0.667073,0.0,dense
menv_m1_m2_spread_ma20_lag1,0.667073,0.0,dense
menv_m1_m2_spread_ma20_lag10,0.667073,0.000904,dense
menv_m1_m2_spread_ma20_lag2,0.667073,0.000181,dense
menv_m1_m2_spread_ma20_lag3,0.667073,0.000362,dense
menv_m1_m2_spread_ma20_lag5,0.667073,0.000362,dense
menv_m1_m2_spread_ma5,0.667073,0.0,dense
menv_m1_m2_spread_ma5_lag1,0.667073,0.0,dense
menv_m1_m2_spread_ma5_lag10,0.667073,0.000904,dense
menv_m1_m2_spread_ma5_lag2,0.667073,0.000181,dense
menv_m1_m2_spread_ma5_lag3,0.667073,0.000362,dense
menv_m1_m2_spread_ma5_lag5,0.667073,0.000362,dense
menv_us_cn_10y_spread,0.667073,0.0,dense
menv_us_cn_10y_spread_lag1,0.667073,0.0,dense
menv_us_cn_10y_spread_lag10,0.667073,0.000904,dense
menv_us_cn_10y_spread_lag2,0.667073,0.000181,dense
menv_us_cn_10y_spread_lag3,0.667073,0.000362,dense
menv_us_cn_10y_spread_lag5,0.667073,0.000362,dense
menv_us_cn_10y_spread_ma10,0.667073,0.0,dense
menv_us_cn_10y_spread_ma10_lag1,0.667073,0.0,dense
menv_us_cn_10y_spread_ma10_lag10,0.667073,0.000904,dense
menv_us_cn_10y_spread_ma10_lag2,0.667073,0.000181,dense
menv_us_cn_10y_spread_ma10_lag3,0.667073,0.000362,dense
menv_us_cn_10y_spread_ma10_lag5,0.667073,0.000362,dense
menv_us_cn_10y_spread_ma20,0.667073,0.0,dense
menv_us_cn_10y_spread_ma20_lag1,0.667073,0.0,dense
menv_us_cn_10y_spread_ma20_lag10,0.667073,0.000904,dense
menv_us_cn_10y_spread_ma20_lag2,0.667073,0.000181,dense
menv_us_cn_10y_spread_ma20_lag3,0.667073,0.000362,dense
menv_us_cn_10y_spread_ma20_lag5,0.667073,0.000362,dense
menv_us_cn_10y_spread_ma5,0.667073,0.0,dense
menv_us_cn_10y_spread_ma5_lag1,0.667073,0.0,dense
menv_us_cn_10y_spread_ma5_lag10,0.667073,0.000904,dense
menv_us_cn_10y_spread_ma5_lag2,0.667073,0.000181,dense
menv_us_cn_10y_spread_ma5_lag3,0.667073,0.000362,dense
menv_us_cn_10y_spread_ma5_lag5,0.667073,0.000362,dense
sf_total,0.667073,0.0,dense
sf_total_lag1,0.667073,0.0,dense
sf_total_lag10,0.667073,0.000904,dense
sf_total_lag2,0.667073,0.000181,dense
sf_total_lag3,0.667073,0.000362,dense
sf_total_lag5,0.667073,0.000362,dense
sf_total_ma10,0.667073,0.0,dense
sf_total_ma20,0.667073,0.0,dense
sf_total_ma5,0.667073,0.0,dense
shibor_1M,0.667073,0.0,dense
shibor_1M_lag1,0.667073,0.0,dense
shibor_1M_lag10,0.667073,0.000904,dense
shibor_1M_lag2,0.667073,0.000181,dense
shibor_1M_lag3,0.667073,0.000362,dense
shibor_1M_lag5,0.667073,0.000362,dense
shibor_1M_ma10,0.667073,0.0,dense
shibor_1M_ma20,0.667073,0.0,dense
shibor_1M_ma5,0.667073,0.0,dense
shibor_1W,0.667073,0.0,dense
shibor_1W_lag1,0.667073,0.0,dense
shibor_1W_lag10,0.667073,0.000904,dense
shibor_1W_lag2,0.667073,0.000181,dense
shibor_1W_lag3,0.667073,0.000362,dense
shibor_1W_lag5,0.667073,0.000362,dense
shibor_1W_ma10,0.667073,0.0,dense
shibor_1W_ma20,0.667073,0.0,dense
shibor_1W_ma5,0.667073,0.0,dense
shibor_1Y,0.667073,0.0,dense
shibor_1Y_lag1,0.667073,0.0,dense
shibor_1Y_lag10,0.667073,0.000904,dense
shibor_1Y_lag2,0.667073,0.000181,dense
shibor_1Y_lag3,0.667073,0.000362,dense
shibor_1Y_lag5,0.667073,0.000362,dense
shibor_1Y_ma10,0.667073,0.0,dense
shibor_1Y_ma20,0.667073,0.0,dense
shibor_1Y_ma5,0.667073,0.0,dense
shibor_2W,0.667073,0.0,dense
shibor_2W_lag1,0.667073,0.0,dense
shibor_2W_lag10,0.667073,0.000904,dense
shibor_2W_lag2,0.667073,0.000181,dense
shibor_2W_lag3,0.667073,0.000362,dense
shibor_2W_lag5,0.667073,0.000362,dense
shibor_2W_ma10,0.667073,0.0,dense
shibor_2W_ma20,0.667073,0.0,dense
shibor_2W_ma5,0.667073,0.0,dense
shibor_3M,0.667073,0.0,dense
shibor_3M_lag1,0.667073,0.0,dense
shibor_3M_lag10,0.667073,0.000904,dense
shibor_3M_lag2,0.667073,0.000181,dense
shibor_3M_lag3,0.667073,0.000362,dense
shibor_3M_lag5,0.667073,0.000362,dense
shibor_3M_ma10,0.667073,0.0,dense
shibor_3M_ma20,0.667073,0.0,dense
shibor_3M_ma5,0.667073,0.0,dense
shibor_6M,0.667073,0.0,dense
shibor_6M_lag1,0.667073,0.0,dense
shibor_6M_lag10,0.667073,0.000904,dense
shibor_6M_lag2,0.667073,0.000181,dense
shibor_6M_lag3,0.667073,0.000362,dense
shibor_6M_lag5,0.667073,0.000362,dense
shibor_6M_ma10,0.667073,0.0,dense
shibor_6M_ma20,0.667073,0.0,dense
shibor_6M_ma5,0.667073,0.0,dense
shibor_9M,0.667073,0.0,dense
shibor_9M_lag1,0.667073,0.0,dense
shibor_9M_lag10,0.667073,0.000904,dense
shibor_9M_lag2,0.667073,0.000181,dense
shibor_9M_lag3,0.667073,0.000362,dense
shibor_9M_lag5,0.667073,0.000362,dense
shibor_9M_ma10,0.667073,0.0,dense
shibor_9M_ma20,0.667073,0.0,dense
shibor_9M_ma5,0.667073,0.0,dense
shibor_O_N,0.667073,0.0,dense
shibor_O_N_lag1,0.667073,0.0,dense
shibor_O_N_lag10,0.667073,0.000904,dense
shibor_O_N_lag2,0.667073,0.000181,dense
shibor_O_N_lag3,0.667073,0.000362,dense
shibor_O_N_lag5,0.667073,0.000362,dense
shibor_O_N_ma10,0.667073,0.0,dense
shibor_O_N_ma20,0.667073,0.0,dense
shibor_O_N_ma5,0.667073,0.0,dense
bond_cn_10y2y_spread_lag20,0.667074,0.001808,dense
bond_cn_10y_lag20,0.667074,0.001808,dense
bond_cn_2y_lag20,0.667074,0.001808,dense
bond_cn_30y_lag20,0.667074,0.001808,dense
bond_cn_5y_lag20,0.667074,0.001808,dense
bond_us_10y_lag20,0.667074,0.001808,dense
bond_us_2y_lag20,0.667074,0.001808,dense
bond_us_30y_lag20,0.667074,0.001808,dense
bond_us_5y_lag20,0.667074,0.001808,dense
fx_eur_cny_lag20,0.667074,0.001808,dense
fx_gbp_cny_lag20,0.667074,0.001808,dense
fx_hkd_cny_lag20,0.667074,0.001808,dense
fx_jpy_cny_lag20,0.667074,0.001808,dense
fx_usd_cny_lag20,0.667074,0.001808,dense
gdp_cn_yoy_lag20,0.667074,0.001808,dense
m2_yoy_lag20,0.667074,0.001808,dense
menv_bond_10y2y_spread_lag20,0.667074,0.001808,dense
menv_bond_10y2y_spread_ma10_lag20,0.667074,0.001808,dense
menv_bond_10y2y_spread_ma20_lag20,0.667074,0.001808,dense
menv_bond_10y2y_spread_ma5_lag20,0.667074,0.001808,dense
menv_m1_m2_spread_lag20,0.667074,0.001808,dense
menv_m1_m2_spread_ma10_lag20,0.667074,0.001808,dense
menv_m1_m2_spread_ma20_lag20,0.667074,0.001808,dense
menv_m1_m2_spread_ma5_lag20,0.667074,0.001808,dense
menv_us_cn_10y_spread_lag20,0.667074,0.001808,dense
menv_us_cn_10y_spread_ma10_lag20,0.667074,0.001808,dense
menv_us_cn_10y_spread_ma20_lag20,0.667074,0.001808,dense
menv_us_cn_10y_spread_ma5_lag20,0.667074,0.001808,dense
sf_total_lag20,0.667074,0.001808,dense
shibor_1M_lag20,0.667074,0.001808,dense
shibor_1W_lag20,0.667074,0.001808,dense
shibor_1Y_lag20,0.667074,0.001808,dense
shibor_2W_lag20,0.667074,0.001808,dense
shibor_3M_lag20,0.667074,0.001808,dense
shibor_6M_lag20,0.667074,0.001808,dense
shibor_9M_lag20,0.667074,0.001808,dense
shibor_O_N_lag20,0.667074,0.001808,dense
margin_stability,0.667123,0.005787,dense
margin_stability_lag1,0.667125,0.0,dense
margin_stability_lag2,0.667127,0.000181,dense
margin_stability_lag3,0.667129,0.000362,dense
margin_stability_lag5,0.667133,0.000362,dense
margin_stability_lag10,0.667143,0.000904,dense
margin_stability_lag20,0.667159,0.001808,dense
bond_us_5y_z20,0.667218,0.0,dense
bond_us_2y_z20,0.667408,0.0,dense
bond_us_10y2y_spread_z20,0.66741,0.0,dense
bond_us_30y_z20,0.66741,0.0,dense
bond_us_10y_z20,0.667411,0.0,dense
bond_us_10y2y_spread_std20,0.667412,0.0,dense
bond_cn_10y2y_spread_std20,0.667413,0.0,dense
bond_cn_10y2y_spread_z20,0.667413,0.0,dense
bond_cn_10y_std20,0.667413,0.0,dense
bond_cn_10y_z20,0.667413,0.0,dense
bond_cn_2y_std20,0.667413,0.0,dense
bond_cn_2y_z20,0.667413,0.0,dense
bond_cn_30y_std20,0.667413,0.0,dense
bond_cn_30y_z20,0.667413,0.0,dense
bond_cn_5y_std20,0.667413,0.0,dense
bond_cn_5y_z20,0.667413,0.0,dense
bond_us_10y_std20,0.667413,0.0,dense
bond_us_2y_std20,0.667413,0.0,dense
bond_us_30y_std20,0.667413,0.0,dense
bond_us_5y_std20,0.667413,0.0,dense
fx_eur_cny_std20,0.667413,0.0,dense
fx_eur_cny_z20,0.667413,0.0,dense
fx_gbp_cny_std20,0.667413,0.0,dense
fx_gbp_cny_z20,0.667413,0.0,dense
fx_hkd_cny_std20,0.667413,0.0,dense
fx_hkd_cny_z20,0.667413,0.0,dense
fx_jpy_cny_std20,0.667413,0.0,dense
fx_jpy_cny_z20,0.667413,0.0,dense
fx_usd_cny_std20,0.667413,0.0,dense
fx_usd_cny_z20,0.667413,0.0,dense
menv_bond_10y2y_spread_std20,0.667413,0.0,dense
menv_bond_10y2y_spread_std20_lag1,0.667413,0.000181,dense
menv_bond_10y2y_spread_std20_lag10,0.667413,0.001085,dense
menv_bond_10y2y_spread_std20_lag2,0.667413,0.000362,dense
menv_bond_10y2y_spread_std20_lag20,0.667413,0.001808,dense
menv_bond_10y2y_spread_std20_lag3,0.667413,0.000362,dense
menv_bond_10y2y_spread_std20_lag5,0.667413,0.000542,dense
menv_bond_10y2y_spread_z20,0.667413,0.0,dense
menv_bond_10y2y_spread_z20_lag1,0.667413,0.000181,dense
menv_bond_10y2y_spread_z20_lag10,0.667413,0.001085,dense
menv_bond_10y2y_spread_z20_lag2,0.667413,0.000362,dense
menv_bond_10y2y_spread_z20_lag20,0.667413,0.001808,dense
menv_bond_10y2y_spread_z20_lag3,0.667413,0.000362,dense
menv_bond_10y2y_spread_z20_lag5,0.667413,0.000542,dense
menv_us_cn_10y_spread_std20,0.667413,0.0,dense
menv_us_cn_10y_spread_std20_lag1,0.667413,0.000181,dense
menv_us_cn_10y_spread_std20_lag10,0.667413,0.001085,dense
menv_us_cn_10y_spread_std20_lag2,0.667413,0.000362,dense
menv_us_cn_10y_spread_std20_lag20,0.667413,0.001808,dense
menv_us_cn_10y_spread_std20_lag3,0.667413,0.000362,dense
menv_us_cn_10y_spread_std20_lag5,0.667413,0.000542,dense
menv_us_cn_10y_spread_z20,0.667413,0.0,dense
menv_us_cn_10y_spread_z20_lag1,0.667413,0.000181,dense
menv_us_cn_10y_spread_z20_lag10,0.667413,0.001085,dense
menv_us_cn_10y_spread_z20_lag2,0.667413,0.000362,dense
menv_us_cn_10y_spread_z20_lag20,0.667413,0.001808,dense
menv_us_cn_10y_spread_z20_lag3,0.667413,0.000362,dense
menv_us_cn_10y_spread_z20_lag5,0.667413,0.000542,dense
market_adv_ratio,0.667872,0.002351,dense
market_adv_ratio_lag1,0.668212,0.0,dense
dv_last_direction,0.668503,0.009946,dense
market_adv_ratio_lag2,0.668552,0.000181,dense
dv_last_direction_ma10,0.668839,0.009946,dense
dv_last_direction_ma20,0.668839,0.009946,dense
dv_last_direction_ma5,0.668839,0.009946,dense
market_adv_ratio_lag3,0.668893,0.000362,dense
market_adv_ratio_lag5,0.669573,0.000362,dense
sector_vol_volatility_z20,0.671211,0.0,dense
market_adv_ratio_lag10,0.671272,0.000904,dense
market_adv_ratio_ma5,0.67142,0.002351,dense
sector_rank_change_z20,0.671889,0.0,dense
market_state_weak,0.672498,0.0,dense
momentum_60d_z20,0.67252,0.0,dense
momentum_60d_z20_lag1,0.67252,0.0,dense
momentum_60d_z20_lag10,0.67252,0.0,dense
momentum_60d_z20_lag2,0.67252,0.0,dense
momentum_60d_z20_lag20,0.67252,0.0,dense
momentum_60d_z20_lag3,0.67252,0.0,dense
momentum_60d_z20_lag5,0.67252,0.0,dense
market_state_weak_lag1,0.672632,0.0,dense
market_state_weak_lag2,0.672765,0.000181,dense
rank_z20,0.672809,0.0,dense
market_state_weak_lag3,0.672883,0.000362,dense
market_adv_ratio_ma10,0.673116,0.002351,dense
market_state_weak_lag5,0.673314,0.000362,dense
ind_dispersion_20d,0.673779,0.000362,dense
momentum_20d_z20,0.673958,0.0,dense
momentum_20d_z20_lag1,0.673958,0.0,dense
momentum_20d_z20_lag10,0.673958,0.0,dense
momentum_20d_z20_lag2,0.673958,0.0,dense
momentum_20d_z20_lag20,0.673958,0.0,dense
momentum_20d_z20_lag3,0.673958,0.0,dense
momentum_20d_z20_lag5,0.673958,0.0,dense
momentum_5d_z20,0.673958,0.0,dense
momentum_5d_z20_lag1,0.673958,0.0,dense
momentum_5d_z20_lag10,0.673958,0.0,dense
momentum_5d_z20_lag2,0.673958,0.0,dense
momentum_5d_z20_lag20,0.673958,0.0,dense
momentum_5d_z20_lag3,0.673958,0.0,dense
momentum_5d_z20_lag5,0.673958,0.0,dense
ind_dispersion_20d_lag1,0.674085,0.0,dense
sector_breadth_z_z20,0.674215,0.0,dense
down_count_z20,0.674246,0.0,dense
up_count_z20,0.674298,0.0,dense
ind_dispersion_20d_lag2,0.674391,0.000181,dense
market_state_weak_ma5,0.674426,0.0,dense
market_state_weak_lag10,0.674518,0.000904,dense
sector_breadth_raw_z20,0.67454,0.0,dense
leader_change_z20,0.674541,0.0,dense
change_pct_z20,0.674542,0.0,dense
ret_std_z20,0.674542,0.0,dense
market_state_weak_ma5_lag1,0.674543,0.0,dense
market_state_weak_ma5_lag2,0.674576,0.000181,dense
market_adv_ratio_lag20,0.674595,0.001808,dense
market_state_weak_ma5_lag3,0.674609,0.000362,dense
ind_dispersion_20d_lag3,0.674697,0.000362,dense
ind_dispersion_20d_accel,0.674811,0.000362,dense
market_state_weak_ma5_lag5,0.67484,0.000362,dense
ind_dispersion_20d_ma5,0.675002,0.000362,dense
ind_dispersion_20d_lag5,0.675102,0.000362,dense
ind_dispersion_20d_ma10,0.6755,0.000362,dense
ind_dispersion_20d_ma20,0.675584,0.000362,dense
ind_dispersion_20d_lag10,0.675585,0.000904,dense
ind_dispersion_20d_lag20,0.675585,0.001808,dense
market_adv_ratio_accel,0.675695,0.002351,dense
market_state_weak_ma5_lag10,0.675873,0.000904,dense
ind_dispersion_20d_std20,0.675924,0.0,dense
ind_dispersion_20d_z20,0.675924,0.0,dense
market_state_weak_ma10,0.676088,0.0,dense
market_state_weak_ma10_lag1,0.676121,0.0,dense
market_state_weak_ma10_lag2,0.676154,0.000181,dense
market_state_weak_ma10_lag3,0.676187,0.000362,dense
ind_return_min,0.67633,0.000362,dense
market_state_weak_ma10_lag5,0.676417,0.000362,dense
ind_return_max,0.676471,0.000362,dense
ind_return_mean,0.676471,0.000362,dense
ind_return_skew,0.676471,0.000362,dense
ind_return_std,0.676471,0.000362,dense
market_adv_ratio_ma20,0.676471,0.002351,dense
ind_return_min_lag1,0.676636,0.0,dense
ind_return_max_lag1,0.676777,0.0,dense
ind_return_mean_lag1,0.676777,0.0,dense
ind_return_skew_lag1,0.676777,0.0,dense
ind_return_std_lag1,0.676777,0.0,dense
market_adv_ratio_std20,0.676811,0.0,dense
market_adv_ratio_z20,0.676816,0.0,dense
ind_return_min_lag2,0.676942,0.000181,dense
ind_return_max_lag2,0.677083,0.000181,dense
ind_return_mean_lag2,0.677083,0.000181,dense
ind_return_skew_lag2,0.677083,0.000181,dense
ind_return_std_lag2,0.677083,0.000181,dense
ind_return_min_lag3,0.677248,0.000362,dense
market_state_weak_ma10_lag10,0.677311,0.000904,dense
ind_return_max_lag3,0.677389,0.000362,dense
ind_return_mean_lag3,0.677389,0.000362,dense
ind_return_skew_lag3,0.677389,0.000362,dense
ind_return_std_lag3,0.677389,0.000362,dense
market_state_weak_lag20,0.677413,0.001808,dense
ind_pct_up_accel,0.677496,0.000362,dense
ind_return_max_accel,0.677497,0.000362,dense
ind_return_mean_accel,0.677497,0.000362,dense
ind_return_min_accel,0.677497,0.000362,dense
ind_return_skew_accel,0.677497,0.000362,dense
ind_return_std_accel,0.677497,0.000362,dense
ind_return_min_lag5,0.677654,0.000362,dense
ind_pct_up_ma5,0.677689,0.000362,dense
ind_return_max_ma5,0.677694,0.000362,dense
ind_return_mean_ma5,0.677694,0.000362,dense
ind_return_min_ma5,0.677694,0.000362,dense
ind_return_skew_ma5,0.677694,0.000362,dense
ind_return_std_ma5,0.677694,0.000362,dense
ind_return_max_lag5,0.677794,0.000362,dense
ind_return_mean_lag5,0.677794,0.000362,dense
ind_return_skew_lag5,0.677794,0.000362,dense
ind_return_std_lag5,0.677794,0.000362,dense
market_state_weak_ma5_lag20,0.67781,0.001808,dense
market_state_weak_ma20,0.677811,0.0,dense
market_state_weak_ma20_lag1,0.677826,0.0,dense
market_state_weak_ma20_lag2,0.677841,0.000181,dense
market_state_weak_ma20_lag3,0.677857,0.000362,dense
market_state_weak_ma20_lag5,0.677888,0.000362,dense
market_state_weak_ma20_lag10,0.67789,0.000904,dense
market_state_weak_ma10_lag20,0.677893,0.001808,dense
market_state_weak_ma20_lag20,0.677893,0.001808,dense
ind_return_min_lag10,0.678136,0.000904,dense
ind_return_min_lag20,0.678136,0.001808,dense
ind_pct_up_ma10,0.678186,0.000362,dense
ind_return_max_ma10,0.678192,0.000362,dense
ind_return_mean_ma10,0.678192,0.000362,dense
ind_return_min_ma10,0.678192,0.000362,dense
ind_return_skew_ma10,0.678192,0.000362,dense
ind_return_std_ma10,0.678192,0.000362,dense
ind_pct_up_ma20,0.67827,0.000362,dense
ind_return_max_lag10,0.678276,0.000904,dense
ind_return_max_ma20,0.678276,0.000362,dense
ind_return_mean_lag10,0.678276,0.000904,dense
ind_return_mean_ma20,0.678276,0.000362,dense
ind_return_min_ma20,0.678276,0.000362,dense
ind_return_skew_lag10,0.678276,0.000904,dense
ind_return_skew_ma20,0.678276,0.000362,dense
ind_return_std_lag10,0.678276,0.000904,dense
ind_return_std_ma20,0.678276,0.000362,dense
ind_return_max_lag20,0.678277,0.001808,dense
ind_return_mean_lag20,0.678277,0.001808,dense
ind_return_skew_lag20,0.678277,0.001808,dense
ind_return_std_lag20,0.678277,0.001808,dense
ind_pct_up_z20,0.678608,0.0,dense
ind_pct_up_std20,0.67861,0.0,dense
ind_return_max_std20,0.678616,0.0,dense
ind_return_max_z20,0.678616,0.0,dense
ind_return_mean_std20,0.678616,0.0,dense
ind_return_mean_z20,0.678616,0.0,dense
ind_return_min_std20,0.678616,0.0,dense
ind_return_min_z20,0.678616,0.0,dense
ind_return_skew_std20,0.678616,0.0,dense
ind_return_skew_z20,0.678616,0.0,dense
ind_return_std_std20,0.678616,0.0,dense
ind_return_std_z20,0.678616,0.0,dense
imin_5d,0.679047,0.0,dense
dv_days_since_accel,0.690036,0.0,dense
dv_days_since_z20,0.69175,0.0,dense
dv_days_since_std20,0.691756,0.0,dense
rank_5d,0.715346,0.0,dense
flow_price_divergence_accel,0.731718,0.000181,dense
sent_consensus_z20,0.738868,0.0,dense
consecutive_inflow_5d,0.739496,0.000181,dense
sent_dispersion_z20,0.749938,0.0,dense
imax_10d,0.766769,0.0,dense
ann_count_z20,0.77611,0.0,dense
imin_10d,0.776689,0.0,dense
flow_price_divergence_ma5,0.781197,0.000181,dense
cross_source_agreement,0.787691,0.000181,dense
cross_source_agreement_lag1,0.787897,0.0,dense
cross_source_agreement_lag2,0.788104,0.000181,dense
cross_source_agreement_lag3,0.788287,0.000362,dense
cross_source_agreement_lag5,0.788757,0.000362,dense
cross_source_agreement_lag10,0.789983,0.000904,dense
cntd_10d,0.79036,0.000542,dense
cross_source_agreement_lag20,0.792499,0.001808,dense
lhb_is_wave_z20,0.794054,0.0,dense
consecutive_inflow_5d_accel,0.800962,0.000181,dense
day_of_week,0.804705,0.0,dense
consecutive_inflow_5d_ma5,0.80642,0.000181,dense
consecutive_inflow_5d_z20,0.80763,0.0,dense
consecutive_inflow_10d_accel,0.807998,0.000181,dense
consecutive_inflow_10d,0.80936,0.000181,dense
consecutive_inflow_20d_accel,0.810942,0.000181,dense
consecutive_inflow_10d_z20,0.811716,0.0,dense
rank_10d,0.81237,0.0,dense
consecutive_inflow_20d_z20,0.814348,0.0,dense
sent_agree_pos_z20,0.815224,0.0,dense
flow_market_cap_adj,0.817512,0.0,dense
main_net,0.817512,0.0,dense
flow_price_divergence_ma10,0.818616,0.000181,dense
consecutive_inflow_10d_ma5,0.819108,0.000181,dense
consecutive_inflow_5d_ma10,0.819235,0.000181,dense
flow_intensity,0.81959,0.000181,dense
flow_intensity_lag1,0.81959,0.0,dense
flow_intensity_lag10,0.81959,0.000362,dense
flow_intensity_lag2,0.81959,0.0,dense
flow_intensity_lag3,0.81959,0.000181,dense
flow_intensity_lag5,0.81959,0.000181,dense
flow_z,0.81959,0.000181,dense
flow_z_lag1,0.81959,0.0,dense
flow_z_lag10,0.81959,0.000362,dense
flow_z_lag2,0.81959,0.0,dense
flow_z_lag3,0.81959,0.000181,dense
flow_z_lag5,0.81959,0.000181,dense
flow_intensity_lag20,0.819591,0.000362,dense
flow_z_lag20,0.819591,0.000362,dense
consecutive_inflow_20d,0.819593,0.000181,dense
flow_market_cap_adj_ma5,0.820864,0.0,dense
main_net_ma5,0.820864,0.0,dense
flow_price_divergence_ma20,0.821025,0.000181,dense
flow_z_ma5,0.821092,0.000181,dense
flow_intensity_ma5,0.821095,0.000181,dense
flow_price_divergence_std20,0.821273,0.0,dense
consecutive_inflow_10d_ma10,0.821294,0.000181,dense
main_net_accel,0.821373,0.000181,dense
flow_market_cap_adj_accel,0.821385,0.000181,dense
flow_z_ma10,0.8214,0.000181,dense
flow_intensity_ma10,0.821404,0.000181,dense
flow_market_cap_adj_ma10,0.821452,0.0,dense
main_net_ma10,0.821452,0.0,dense
flow_momentum,0.821635,0.000181,dense
flow_momentum_lag1,0.821635,0.0,dense
flow_momentum_lag10,0.821635,0.000362,dense
flow_momentum_lag2,0.821635,0.0,dense
flow_momentum_lag20,0.821635,0.000362,dense
flow_momentum_lag3,0.821635,0.000181,dense
flow_momentum_lag5,0.821635,0.000181,dense
flow_z_accel,0.821726,0.000181,dense
flow_intensity_accel,0.821728,0.000181,dense
flow_momentum_ma5,0.821852,0.000181,dense
consecutive_inflow_20d_ma5,0.8219,0.000181,dense
flow_z_ma20,0.821927,0.000181,dense
flow_intensity_ma20,0.82193,0.000181,dense
consecutive_inflow_5d_ma20,0.821959,0.000181,dense
flow_momentum_ma10,0.822088,0.000181,dense
flow_price_divergence_z20,0.82214,0.0,dense
consecutive_inflow_5d_std20,0.82222,0.0,dense
flow_intensity_std20,0.822255,0.0,dense
flow_intensity_z20,0.822255,0.0,dense
flow_z_std20,0.822255,0.0,dense
flow_z_z20,0.822255,0.0,dense
flow_market_cap_adj_ma20,0.822287,0.0,dense
main_net_ma20,0.822287,0.0,dense
flow_momentum_accel,0.822305,0.000181,dense
consecutive_inflow_10d_ma20,0.82234,0.000181,dense
consecutive_inflow_20d_ma10,0.822368,0.000181,dense
flow_momentum_std20,0.822491,0.0,dense
flow_momentum_ma20,0.822506,0.000181,dense
consecutive_inflow_10d_std20,0.822543,0.0,dense
main_net_std20,0.822609,0.0,dense
main_net_z20,0.822609,0.0,dense
flow_market_cap_adj_std20,0.822612,0.0,dense
flow_market_cap_adj_z20,0.822612,0.0,dense
flow_alpha_residual_accel,0.822695,0.000181,dense
consecutive_inflow_20d_ma20,0.82295,0.000181,dense
consecutive_inflow_20d_std20,0.823098,0.0,dense
flow_momentum_z20,0.823192,0.0,dense
lhb_present_z20,0.823253,0.0,dense
flow_alpha_residual_z20,0.823923,0.0,dense
flow_alpha_residual,0.824014,0.000181,dense
has_gap_large_minus_small,0.824015,0.0,dense
has_gap_large_ratio,0.824015,0.0,dense
has_gap_main_ratio,0.824015,0.0,dense
has_gap_mid_ratio,0.824015,0.0,dense
has_gap_small_ratio,0.824015,0.0,dense
has_gap_super_ratio,0.824015,0.0,dense
flow_alpha_residual_std20,0.825022,0.0,dense
flow_alpha_residual_ma5,0.825658,0.000181,dense
has_gap_large_minus_small_ma5,0.825658,0.0,dense
has_gap_large_ratio_ma5,0.825658,0.0,dense
has_gap_main_ratio_ma5,0.825658,0.0,dense
has_gap_mid_ratio_ma5,0.825658,0.0,dense
has_gap_small_ratio_ma5,0.825658,0.0,dense
has_gap_super_ratio_ma5,0.825658,0.0,dense
flow_alpha_residual_ma10,0.825663,0.000181,dense
has_gap_large_minus_small_ma10,0.825663,0.0,dense
has_gap_large_ratio_ma10,0.825663,0.0,dense
has_gap_main_ratio_ma10,0.825663,0.0,dense
has_gap_mid_ratio_ma10,0.825663,0.0,dense
has_gap_small_ratio_ma10,0.825663,0.0,dense
has_gap_super_ratio_ma10,0.825663,0.0,dense
flow_alpha_residual_ma20,0.825671,0.000181,dense
has_gap_large_minus_small_ma20,0.825671,0.0,dense
has_gap_large_ratio_ma20,0.825671,0.0,dense
has_gap_main_ratio_ma20,0.825671,0.0,dense
has_gap_mid_ratio_ma20,0.825671,0.0,dense
has_gap_small_ratio_ma20,0.825671,0.0,dense
has_gap_super_ratio_ma20,0.825671,0.0,dense
imax_20d,0.834316,0.0,dense
lhb_buy_ratio_z20,0.836171,0.0,dense
lhb_net_amount_z20,0.836171,0.0,dense
imin_20d,0.840955,0.0,dense
kup,0.855408,0.0,dense
kup2,0.855408,0.0,dense
imax_30d,0.865718,0.0,dense
cntd_20d,0.867824,0.001808,dense
imin_30d,0.869352,0.0,dense
rank_20d,0.871277,0.0,dense
klow,0.872407,0.0,dense
klow2,0.872407,0.0,dense
trend_level,0.882684,0.001808,dense
sentiment_std_z20,0.893283,0.0,dense
sentiment_mean_z20,0.893959,0.0,dense
sent_agree_neg_z20,0.894052,0.0,dense
positive_ratio_z20,0.89433,0.0,dense
rank_30d,0.897003,0.0,dense
cntd_30d,0.900267,0.002532,dense
market_state_normal_z20,0.908163,0.0,dense
market_state_normal_z20_lag1,0.908163,0.0,dense
market_state_normal_z20_lag10,0.908163,0.000181,dense
market_state_normal_z20_lag2,0.908163,0.0,dense
market_state_normal_z20_lag3,0.908163,0.0,dense
market_state_normal_z20_lag5,0.908163,0.0,dense
imax_60d,0.910249,0.0,dense
imin_60d,0.910446,0.0,dense
has_gap_bonus_ratio,0.916441,0.0,dense
has_gap_bonus_rmb,0.916441,0.0,dense
has_gap_transfer_ratio,0.916441,0.0,dense
has_gap_dividend_yield,0.91695,0.0,dense
has_gap_amount_vol_6d,0.924609,0.0,dense
has_gap_bonus_ratio_ma5,0.926719,0.0,dense
has_gap_bonus_rmb_ma5,0.926719,0.0,dense
has_gap_transfer_ratio_ma5,0.926719,0.0,dense
has_gap_premium_pct_mean,0.926828,0.0,dense
has_gap_premium_pct_wavg,0.926828,0.0,dense
has_gap_temporary_impact,0.926828,0.0,dense
has_gap_total_amount,0.926828,0.0,dense
has_gap_total_volume,0.926828,0.0,dense
has_gap_trade_count,0.926828,0.0,dense
has_gap_amount_ratio,0.926887,0.0,dense
has_gap_dividend_yield_ma5,0.927137,0.0,dense
permanent_impact,0.931849,0.0,dense
has_gap_amount_vol_6d_ma5,0.93217,0.0,dense
rank_60d,0.933026,0.0,dense
has_gap_premium_pct_mean_ma5,0.934444,0.0,dense
has_gap_premium_pct_wavg_ma5,0.934444,0.0,dense
has_gap_temporary_impact_ma5,0.934444,0.0,dense
has_gap_total_amount_ma5,0.934444,0.0,dense
has_gap_total_volume_ma5,0.934444,0.0,dense
has_gap_trade_count_ma5,0.934444,0.0,dense
has_gap_amount_ratio_ma5,0.934511,0.0,dense
cntd_60d,0.938254,0.005967,dense
cntd_5d,0.938703,0.000362,dense
has_gap_bonus_ratio_ma10,0.939251,0.0,dense
has_gap_bonus_rmb_ma10,0.939251,0.0,dense
has_gap_transfer_ratio_ma10,0.939251,0.0,dense
has_gap_amount_vol_6d_ma10,0.939316,0.0,dense
has_gap_dividend_yield_ma10,0.939568,0.0,dense
has_gap_premium_pct_mean_ma10,0.940901,0.0,dense
has_gap_premium_pct_wavg_ma10,0.940901,0.0,dense
has_gap_temporary_impact_ma10,0.940901,0.0,dense
has_gap_total_amount_ma10,0.940901,0.0,dense
has_gap_total_volume_ma10,0.940901,0.0,dense
has_gap_trade_count_ma10,0.940901,0.0,dense
has_gap_amount_ratio_ma10,0.940963,0.0,dense
has_gap_amount_vol_6d_ma20,0.947697,0.0,dense
has_gap_premium_pct_mean_ma20,0.949123,0.0,dense
has_gap_premium_pct_wavg_ma20,0.949123,0.0,dense
has_gap_temporary_impact_ma20,0.949123,0.0,dense
has_gap_total_amount_ma20,0.949123,0.0,dense
has_gap_total_volume_ma20,0.949123,0.0,dense
has_gap_trade_count_ma20,0.949123,0.0,dense
has_gap_amount_ratio_ma20,0.949179,0.0,dense
kmid,0.951534,0.0,dense
kmid2,0.951534,0.0,dense
cntn_5d,0.955413,0.000362,dense
sumn_5d,0.955521,0.000362,dense
imxd_5d,0.956414,0.0,dense
cntp_5d,0.957994,0.000362,dense
sump_5d,0.958018,0.000362,dense
has_gap_bonus_ratio_ma20,0.963998,0.0,dense
has_gap_bonus_rmb_ma20,0.963998,0.0,dense
has_gap_transfer_ratio_ma20,0.963998,0.0,dense
has_gap_dividend_yield_ma20,0.964168,0.0,dense
ksft,0.970202,0.0,dense
ksft2,0.970202,0.0,dense
rsv_5d,0.971425,0.0,dense
stock_vs_industry,0.971645,0.0,dense
stock_vs_industry_lag1,0.971646,0.0,dense
stock_vs_industry_lag2,0.971646,0.0,dense
stock_vs_industry_lag3,0.971648,0.0,dense
stock_vs_industry_lag5,0.971649,0.0,dense
stock_vs_industry_lag10,0.971656,0.0,dense
stock_vs_industry_lag20,0.971656,0.0,dense
news_sent_vol_ratio,0.97435,0.000723,dense
news_sent_vol_ratio_lag1,0.974504,0.0,dense
news_sent_vol_ratio_lag2,0.974609,0.000181,dense
news_sent_vol_ratio_lag3,0.974702,0.000362,dense
news_sent_vol_ratio_lag5,0.974883,0.000362,dense
news_sent_vol_ratio_lag10,0.975536,0.000904,dense
wr_10,0.975575,0.000542,dense
news_sent_vol_ratio_lag20,0.977049,0.001808,dense
vsump_5d,0.977161,0.0,dense
sumd_5d,0.977642,0.000362,dense
rsv_10d,0.978315,0.0,dense
roc_6,0.979178,0.000542,dense
buy_signal,0.981059,0.000362,dense
wr_20,0.98127,0.001808,dense
has_gap_able_shares,0.982748,0.0,dense
has_gap_free_ratio,0.982748,0.0,dense
has_gap_free_shares,0.982748,0.0,dense
has_gap_is_vc_backed,0.982748,0.0,dense
has_gap_unlock_return_30d,0.982748,0.0,dense
sumd_10d,0.982905,0.000904,dense
klen,0.983125,0.0,dense
rsv_20d,0.983655,0.0,dense
news_count_momentum,0.9838,0.000362,dense
news_count_momentum_lag1,0.983893,0.0,dense
news_count_momentum_lag2,0.984007,0.000181,dense
news_count_momentum_lag3,0.984125,0.000362,dense
roc_12,0.984346,0.001266,dense
news_count_momentum_lag5,0.984389,0.000362,dense
imxd_10d,0.984733,0.0,dense
news_count_momentum_lag10,0.984878,0.000904,dense
turnover,0.985024,0.0,dense
guba_sent_vol_ratio,0.985468,0.000362,dense
cmo_14,0.985477,0.001266,dense
guba_sent_vol_ratio_lag1,0.985485,0.0,dense
guba_sent_vol_ratio_lag2,0.985493,0.000181,dense
guba_sent_vol_ratio_lag3,0.985498,0.000362,dense
guba_sent_vol_ratio_lag5,0.985507,0.000362,dense
guba_sent_vol_ratio_lag10,0.985528,0.000904,dense
guba_sent_vol_ratio_lag20,0.985554,0.001808,dense
news_count_momentum_lag20,0.985999,0.001808,dense
guba_count_momentum,0.986027,0.0,dense
guba_count_momentum_lag1,0.986127,0.0,dense
guba_count_momentum_lag2,0.986227,0.000181,dense
guba_count_momentum_lag3,0.986332,0.000362,dense
guba_count_momentum_lag5,0.986346,0.000362,dense
guba_count_momentum_lag10,0.986363,0.000904,dense
vsumn_5d,0.986392,0.0,dense
guba_count_momentum_lag20,0.986427,0.001808,dense
rsv_30d,0.986465,0.0,dense
turnover_proxy,0.986543,0.0,dense
volume_lag1,0.986543,0.0,dense
volume_lag10,0.986543,0.000904,dense
volume_lag2,0.986543,0.000181,dense
volume_lag20,0.986543,0.001808,dense
volume_lag3,0.986543,0.000362,dense
volume_lag5,0.986543,0.000362,dense
amount_ratio,0.986545,0.000362,dense
volume_ratio,0.986545,0.000362,dense
volume_ratio_lag1,0.986545,0.000362,dense
volume_ratio_lag10,0.986545,0.001266,dense
volume_ratio_lag2,0.986545,0.000542,dense
volume_ratio_lag20,0.986545,0.00217,dense
volume_ratio_lag3,0.986545,0.000542,dense
volume_ratio_lag5,0.986545,0.000542,dense
bias_ma5,0.986585,0.000362,dense
roc_20,0.987686,0.001808,dense
sumd_20d,0.987695,0.001808,dense
beta_5d,0.988142,0.0,dense
stock_vs_industry_ma5,0.988853,0.0,dense
permanent_impact_ma5,0.989282,0.0,dense
cntn_10d,0.989395,0.000542,dense
sumn_10d,0.989446,0.000904,dense
has_gap_able_shares_ma5,0.989547,0.0,dense
has_gap_free_ratio_ma5,0.989547,0.0,dense
has_gap_free_shares_ma5,0.989547,0.0,dense
has_gap_is_vc_backed_ma5,0.989547,0.0,dense
has_gap_unlock_return_30d_ma5,0.989547,0.0,dense
resi_5d,0.98972,0.0,dense
market_state_normal_z20_lag20,0.989796,0.000904,dense
sumd_30d,0.989866,0.002712,dense
cntp_10d,0.990246,0.000542,dense
sump_10d,0.990247,0.000904,dense
bias_ma10,0.990397,0.000542,dense
amount_ma5,0.990398,0.000362,dense
vma_5d,0.990398,0.0,dense
volume_ma5,0.990398,0.000362,dense
vstd_5d,0.990398,0.0,dense
vsumd_5d,0.990553,0.0,dense
stock_vs_industry_ma10,0.990743,0.0,dense
vol_5,0.99085,0.000362,dense
permanent_impact_ma10,0.990878,0.0,dense
rsv_60d,0.99105,0.0,dense
vsump_10d,0.991551,0.000362,dense
vsumd_10d,0.991582,0.000362,dense
vsumn_10d,0.9916,0.000362,dense
mfi_14,0.991644,0.001266,dense
permanent_impact_accel,0.99169,0.0,dense
vma_10d,0.991733,0.0,dense
vstd_10d,0.991733,0.0,dense
wvma_5d,0.991856,0.0,dense
imxd_20d,0.991977,0.0,dense
stock_vs_industry_accel,0.992109,0.0,dense
cci_14,0.992327,0.001266,dense
atr_14,0.992505,0.001266,dense
atr_14_lag1,0.992505,0.001266,dense
atr_14_lag10,0.992505,0.00217,dense
atr_14_lag2,0.992505,0.001266,dense
atr_14_lag20,0.992505,0.003074,dense
atr_14_lag3,0.992505,0.001447,dense
atr_14_lag5,0.992505,0.001627,dense
cntn_20d,0.992596,0.001808,dense
sumn_20d,0.992603,0.001808,dense
permanent_impact_ma20,0.99265,0.0,dense
vsumd_20d,0.992832,0.0,dense
has_gap_able_shares_ma10,0.992947,0.0,dense
has_gap_free_ratio_ma10,0.992947,0.0,dense
has_gap_free_shares_ma10,0.992947,0.0,dense
has_gap_is_vc_backed_ma10,0.992947,0.0,dense
has_gap_unlock_return_30d_ma10,0.992947,0.0,dense
bias_ma20,0.992963,0.001808,dense
permanent_impact_std20,0.992975,0.0,dense
permanent_impact_z20,0.992975,0.0,dense
stock_vs_industry_ma20,0.992993,0.0,dense
vol_up_ratio_20,0.993,0.001808,dense
cntp_20d,0.993037,0.001808,dense
sump_20d,0.993037,0.001808,dense
sumd_60d,0.99315,0.006148,dense
stock_vs_industry_std20,0.993255,0.0,dense
stock_vs_industry_z20,0.993255,0.0,dense
vsumn_20d,0.993315,0.0,dense
vsump_20d,0.993332,0.0,dense
cci_20,0.993339,0.001808,dense
wvma_10d,0.993377,0.000362,dense
vma_20d,0.993408,0.0,dense
vstd_20d,0.993408,0.0,dense
cntn_30d,0.993875,0.002532,dense
sumn_30d,0.993875,0.002712,dense
imxd_30d,0.993897,0.0,dense
vsumd_30d,0.993906,0.000181,dense
cntp_30d,0.994226,0.002532,dense
sump_30d,0.994226,0.002712,dense
vol_20,0.994272,0.001808,dense
wvma_20d,0.994352,0.0,dense
vsumn_30d,0.994384,0.000181,dense
vsump_30d,0.994401,0.000181,dense
vma_30d,0.994454,0.0,dense
vstd_30d,0.994454,0.0,dense
has_gap_able_shares_ma20,0.994613,0.0,dense
has_gap_free_ratio_ma20,0.994613,0.0,dense
has_gap_free_shares_ma20,0.994613,0.0,dense
has_gap_is_vc_backed_ma20,0.994613,0.0,dense
has_gap_unlock_return_30d_ma20,0.994613,0.0,dense
volume_ratio_20,0.994936,0.000362,dense
rsqr_5d,0.995165,0.0,dense
wvma_30d,0.99545,0.000181,dense
beta_10d,0.995786,0.0,dense
vsumd_60d,0.995822,0.000181,dense
cntn_60d,0.995982,0.005967,dense
sumn_60d,0.995982,0.006148,dense
imxd_60d,0.996213,0.0,dense
cntp_60d,0.996235,0.005967,dense
sump_60d,0.996235,0.006148,dense
bias_ma60,0.99627,0.005967,dense
vsumn_60d,0.996311,0.000181,dense
vsump_60d,0.99632,0.000181,dense
vma_60d,0.99635,0.0,dense
vstd_60d,0.99635,0.0,dense
dv_days_since,0.996703,0.0,dense
wvma_60d,0.99692,0.000181,dense
boll_pct,0.997108,0.001808,dense
resi_10d,0.997203,0.0,dense
market_turnover_z_accel,0.997607,0.000362,dense
beta_20d,0.998004,0.0,dense
mdi,0.998298,0.0,dense
rsqr_10d,0.998451,0.0,dense
trix,0.9987,0.0,dense
market_turnover_z,0.998782,0.0,dense
market_turnover_z_lag1,0.998782,0.0,dense
market_turnover_z_lag10,0.998782,0.000904,dense
market_turnover_z_lag2,0.998782,0.000181,dense
market_turnover_z_lag3,0.998782,0.000362,dense
market_turnover_z_lag5,0.998782,0.000362,dense
market_turnover_z_ma10,0.998782,0.0,dense
market_turnover_z_ma20,0.998782,0.0,dense
market_turnover_z_ma5,0.998782,0.0,dense
market_turnover_z_lag20,0.998783,0.001808,dense
resi_20d,0.9989,0.0,dense
rsqr_20d,0.99901,0.0,dense
beta_60d,0.999084,0.0,dense
pdi,0.999099,0.000362,dense
market_turnover_z_std20,0.999122,0.0,dense
market_turnover_z_z20,0.999122,0.0,dense
beta_30d,0.999193,0.0,dense
dv_days_since_ma10,0.99937,0.0,dense
rsqr_60d,0.999459,0.0,dense
cord_30d,0.99952,0.002712,dense
macd_dif,0.999527,0.0,dense
rsqr_30d,0.999547,0.0,dense
cord_10d,0.999552,0.000904,dense
cord_20d,0.999566,0.001808,dense
adx,0.999584,0.0,dense
resi_60d,0.999621,0.0,dense
resi_30d,0.999628,0.0,dense
dv_days_since_ma20,0.999655,0.0,dense
dv_days_since_ma5,0.999655,0.0,dense
macd_dea,0.999655,0.0,dense
macd_hist,0.999655,0.0,dense
rsi_6,0.999671,0.0,dense
rsi_12,0.999675,0.0,dense
rsi_12_lag1,0.999675,0.000181,dense
rsi_12_lag2,0.999675,0.000362,dense
rsi_12_lag3,0.999675,0.000362,dense
rsi_12_lag5,0.999675,0.000542,dense
rsi_12_lag10,0.999676,0.001085,dense
rsi_12_lag20,0.999676,0.001808,dense
rsi_24,0.999676,0.0,dense
cord_5d,0.999704,0.000362,dense
corr_60d,0.999753,0.005967,dense
cord_60d,0.999822,0.006148,dense
corr_5d,0.999842,0.000362,dense
corr_30d,0.999875,0.002532,dense
corr_10d,0.999902,0.000542,dense
corr_20d,0.999915,0.001808,dense
kdj_d_9,0.999995,0.000542,dense
kdj_j_9,0.999995,0.000542,dense
kdj_k_9,0.999995,0.000542,dense
kdj_d_14,0.999997,0.001266,dense
kdj_j_14,0.999997,0.001266,dense
kdj_k_14,0.999997,0.001266,dense
obv,0.999998,0.0,dense
adxr,1.0,0.001266,dense
boll_lower,1.0,0.001808,dense
boll_mid,1.0,0.001808,dense
boll_upper,1.0,0.001808,dense
close_lag1,1.0,0.0,dense
close_lag10,1.0,0.000904,dense
close_lag2,1.0,0.000181,dense
close_lag20,1.0,0.001808,dense
close_lag3,1.0,0.000362,dense
close_lag5,1.0,0.000362,dense
day_of_month,1.0,0.0,dense
ema_12,1.0,0.0,dense
ema_26,1.0,0.0,dense
high0,1.0,0.0,dense
high_lag1,1.0,0.0,dense
high_lag10,1.0,0.000904,dense
high_lag2,1.0,0.000181,dense
high_lag20,1.0,0.001808,dense
high_lag3,1.0,0.000362,dense
high_lag5,1.0,0.000362,dense
lhb_is_drop_z20,1.0,0.0,dense
low0,1.0,0.0,dense
low_lag1,1.0,0.0,dense
low_lag10,1.0,0.000904,dense
low_lag2,1.0,0.000181,dense
low_lag20,1.0,0.001808,dense
low_lag3,1.0,0.000362,dense
low_lag5,1.0,0.000362,dense
ma_10,1.0,0.000542,dense
ma_120,1.0,0.013562,dense
ma_20,1.0,0.001808,dense
ma_5,1.0,0.000362,dense
ma_60,1.0,0.005967,dense
max_10d,1.0,0.0,dense
max_20d,1.0,0.0,dense
max_30d,1.0,0.0,dense
max_5d,1.0,0.0,dense
max_60d,1.0,0.0,dense
min_10d,1.0,0.0,dense
min_20d,1.0,0.0,dense
min_30d,1.0,0.0,dense
min_5d,1.0,0.0,dense
min_60d,1.0,0.0,dense
month,1.0,0.001627,dense
negative_ratio_z20,1.0,0.0,dense
open0,1.0,0.0,dense
open_lag1,1.0,0.0,dense
open_lag10,1.0,0.000904,dense
open_lag2,1.0,0.000181,dense
open_lag20,1.0,0.001808,dense
open_lag3,1.0,0.000362,dense
open_lag5,1.0,0.000362,dense
qtld_10d,1.0,0.0,dense
qtld_20d,1.0,0.0,dense
qtld_30d,1.0,0.0,dense
qtld_5d,1.0,0.0,dense
qtld_60d,1.0,0.0,dense
qtlu_10d,1.0,0.0,dense
qtlu_20d,1.0,0.0,dense
qtlu_30d,1.0,0.0,dense
qtlu_5d,1.0,0.0,dense
qtlu_60d,1.0,0.0,dense
quarter,1.0,0.001627,dense
